phonetic,head_in_shuowen,head_gloss,head_dx_fanqie,char,sw_id,relation,shuowen_gloss,daxu_fanqie,mc_bs2014,guangyun_position,mc_confidence,head_mc_bs2014,oc_bs2014,oc_bs_match,head_oc_bs2014,head_oc_bs_match,morph_relation_auto,morph_diff,src
㒳,True,再也。从冂，闕。《易》曰：“參天㒳地。”凡㒳之屬皆从㒳。,良奬切,兩,4789,亦聲,二十四銖爲一兩。从一；㒳，平分，亦聲。,良奬切,ljangX,來開三陽上,initial_only,ljangX,*p.raŋʔ,mc_match,,not_in_bs,NA,,说文: shuowenjiezi/shuowen; 广韵: tshet-uinh 0.15.1; BS2014: digling/cddb Baxter2014/raw/D_ocbs.tsv
㖾,False,,,遌,1130,亦聲,相遇驚也。从辵从㖾，㖾亦聲。,五各切,ngak,疑開一唐入,identical_fanqie,,*ŋˤak,mc_match,,not_in_bs,NA,,说文: shuowenjiezi/shuowen; 广韵: tshet-uinh 0.15.1; BS2014: digling/cddb Baxter2014/raw/D_ocbs.tsv
㖾,False,,,㓵,2734,聲,刀劒刃也。从刀㖾聲。,五各切,,,none,,,not_in_bs,,not_in_bs,NA,,说文: shuowenjiezi/shuowen; 广韵: tshet-uinh 0.15.1; BS2014: digling/cddb Baxter2014/raw/D_ocbs.tsv
㖾,False,,,鄂,4078,聲,江夏縣。从邑㖾聲。,五各切,ngak,疑開一唐入,identical_fanqie,,,not_in_bs,,not_in_bs,NA,,说文: shuowenjiezi/shuowen; 广韵: tshet-uinh 0.15.1; BS2014: digling/cddb Baxter2014/raw/D_ocbs.tsv
㚔,True,所以驚人也。从大从𢆉。一曰大聲也。凡㚔之屬皆从㚔。一曰讀若瓠。一曰俗語以盜不止爲㚔，㚔讀若籋。,尼輒切,執,6613,亦聲,捕罪人也。从丮从㚔，㚔亦聲。,之入切,tsyip,章開三侵入,identical_fanqie,nrjep,*[t]ip,mc_match,,not_in_bs,NA,,说文: shuowenjiezi/shuowen; 广韵: tshet-uinh 0.15.1; BS2014: digling/cddb Baxter2014/raw/D_ocbs.tsv
㚔,True,所以驚人也。从大从𢆉。一曰大聲也。凡㚔之屬皆从㚔。一曰讀若瓠。一曰俗語以盜不止爲㚔，㚔讀若籋。,尼輒切,緈,8515,聲,直也。从糸㚔聲。讀若陘。,胡頂切,hengX,匣開四青上,identical_fanqie,nrjep,,not_in_bs,,not_in_bs,NA,,说文: shuowenjiezi/shuowen; 广韵: tshet-uinh 0.15.1; BS2014: digling/cddb Baxter2014/raw/D_ocbs.tsv
㡀,True,敗衣也。从巾，象衣敗之形。凡㡀之屬皆从㡀。,毗祭切,敝,4919,亦聲,帗也。一曰敗衣。从攴从㡀，㡀亦聲。,毗祭切,bjiejH,並三A祭去,identical_fanqie,bjiejH,*[b]e[t]-s,mc_match,,not_in_bs,NA,,说文: shuowenjiezi/shuowen; 广韵: tshet-uinh 0.15.1; BS2014: digling/cddb Baxter2014/raw/D_ocbs.tsv
㢟,True,安步㢟㢟也。从廴从止。凡㢟之屬皆从㢟。,丑連切,𢌨,2125,亦聲,相顧視而行也。从目从㢟，㢟亦聲。,于線切,yen,以開三仙平,no_match_first_reading,trhjen,,not_in_bs,,not_in_bs,NA,,说文: shuowenjiezi/shuowen; 广韵: tshet-uinh 0.15.1; BS2014: digling/cddb Baxter2014/raw/D_ocbs.tsv
㫃,True,旌旗之游，㫃蹇之皃。从屮，曲而下，垂㫃相出入也。讀若偃。古人名㫃，字子游。凡㫃人之屬皆从㫃。,於幰切,𣃘,232,亦聲,旌旗杠皃。从丨从㫃，㫃亦聲。,丑善切,trhjenX,徹開三仙上,identical_fanqie,'jonX,,not_in_bs,*qarʔ,mc_match,NA,,说文: shuowenjiezi/shuowen; 广韵: tshet-uinh 0.15.1; BS2014: digling/cddb Baxter2014/raw/D_ocbs.tsv
㫃,True,旌旗之游，㫃蹇之皃。从屮，曲而下，垂㫃相出入也。讀若偃。古人名㫃，字子游。凡㫃人之屬皆从㫃。,於幰切,倝,4258,聲,日始出，光倝倝也。从旦㫃聲。凡倝之屬皆从倝。,古案切,kanH,見開一寒去,identical_fanqie,'jonX,*[k]ˤar-s,mc_match,*qarʔ,mc_match,O,"ini,phar,suf;uncertain",说文: shuowenjiezi/shuowen; 广韵: tshet-uinh 0.15.1; BS2014: digling/cddb Baxter2014/raw/D_ocbs.tsv
㿾,True,器也。从皿宁聲。,直呂切,𧈚,3092,亦聲,器也。从䖒、㿾，㿾亦聲。闕。,直呂切,,,none,,,not_in_bs,,not_in_bs,NA,,说文: shuowenjiezi/shuowen; 广韵: tshet-uinh 0.15.1; BS2014: digling/cddb Baxter2014/raw/D_ocbs.tsv
䀠,True,左右視也。从二目。凡䀠之屬皆从䀠。讀若拘。又若良士瞿瞿。,九遇切,瞿,2351,亦聲,鷹隼之視也。从隹从䀠，䀠亦聲。凡瞿之屬皆从瞿。讀若章句之句。,九遇切,kjuH,見合三C虞去,identical_fanqie,kjuH,*[g]ʷ(r)a,single_reading,*[k]ʷ(r)a-s,mc_match,O,"ini,suf;uncertain",说文: shuowenjiezi/shuowen; 广韵: tshet-uinh 0.15.1; BS2014: digling/cddb Baxter2014/raw/D_ocbs.tsv
䀠,True,左右視也。从二目。凡䀠之屬皆从䀠。讀若拘。又若良士瞿瞿。,九遇切,𥉁,6629,亦聲,舉目驚𥉁然也。从夰从䀠，䀠亦聲。,九遇切,kjuH,見合三C虞去,identical_fanqie,kjuH,,not_in_bs,*[k]ʷ(r)a-s,mc_match,NA,,说文: shuowenjiezi/shuowen; 广韵: tshet-uinh 0.15.1; BS2014: digling/cddb Baxter2014/raw/D_ocbs.tsv
䊮,True,穀也。从米翟聲。,他弔切,糶,3850,亦聲,出穀也。从出从䊮，䊮亦聲。,他弔切,thewH,透開四蕭去,identical_fanqie,dek,,not_in_bs,,not_in_bs,NA,,说文: shuowenjiezi/shuowen; 广韵: tshet-uinh 0.15.1; BS2014: digling/cddb Baxter2014/raw/D_ocbs.tsv
䙴,False,,,僊,5164,亦聲,長生僊去。从人从䙴，䙴亦聲。,相然切,sjen,心開三仙平,identical_fanqie,,*[s]a[r],mc_match,,not_in_bs,NA,,说文: shuowenjiezi/shuowen; 广韵: tshet-uinh 0.15.1; BS2014: digling/cddb Baxter2014/raw/D_ocbs.tsv
䙴,False,,,蹮,1410,聲,蹁蹮，旋行。从足䙴聲。,穌前切,sen,心開四先平,initial+rhyme+tone,,*sˤe[r],mc_match,,not_in_bs,NA,,说文: shuowenjiezi/shuowen; 广韵: tshet-uinh 0.15.1; BS2014: digling/cddb Baxter2014/raw/D_ocbs.tsv
丂,True,气欲舒出。纸上礙於一也。丂，古文以爲亏字，又以爲巧字。凡丂之屬皆从丂。,苦浩切,可,3041,亦聲,𦘫也。从口丂，丂亦聲。凡可之屬皆从可。,肯我切,khaX,溪開一歌上,initial+rhyme+tone,khawX,*[k]ʰˤa[j]ʔ,mc_match,*C.qʰˤuʔ,mc_match,C,"pre,ini,v,coda;uncertain",说文: shuowenjiezi/shuowen; 广韵: tshet-uinh 0.15.1; BS2014: digling/cddb Baxter2014/raw/D_ocbs.tsv
丂,True,气欲舒出。纸上礙於一也。丂，古文以爲亏字，又以爲巧字。凡丂之屬皆从丂。,苦浩切,攷,2042,聲,敂也。从攴丂聲。,苦浩切,khawX,溪開一豪上,identical_fanqie,khawX,,not_in_bs,*C.qʰˤuʔ,mc_match,NA,,说文: shuowenjiezi/shuowen; 广韵: tshet-uinh 0.15.1; BS2014: digling/cddb Baxter2014/raw/D_ocbs.tsv
丂,True,气欲舒出。纸上礙於一也。丂，古文以爲亏字，又以爲巧字。凡丂之屬皆从丂。,苦浩切,㱙,2538,聲,腐也。从歺丂聲。,許久切,xjuwX,曉三C尤上,identical_fanqie,khawX,,not_in_bs,*C.qʰˤuʔ,mc_match,NA,,说文: shuowenjiezi/shuowen; 广韵: tshet-uinh 0.15.1; BS2014: digling/cddb Baxter2014/raw/D_ocbs.tsv
丂,True,气欲舒出。纸上礙於一也。丂，古文以爲亏字，又以爲巧字。凡丂之屬皆从丂。,苦浩切,巧,3016,聲,技也。从工丂聲。,苦絞切,khaewX,溪開二肴上,identical_fanqie,khawX,*[kʰ]ˤruʔ,mc_match,*C.qʰˤuʔ,mc_match,O,"pre,ini,med;uncertain",说文: shuowenjiezi/shuowen; 广韵: tshet-uinh 0.15.1; BS2014: digling/cddb Baxter2014/raw/D_ocbs.tsv
丂,True,气欲舒出。纸上礙於一也。丂，古文以爲亏字，又以爲巧字。凡丂之屬皆从丂。,苦浩切,考,5359,聲,老也。从老省，丂聲。,苦浩切,khawX,溪開一豪上,identical_fanqie,khawX,*k-r̥ˤuʔ,mc_match,*C.qʰˤuʔ,mc_match,O2,"pre,ini",说文: shuowenjiezi/shuowen; 广韵: tshet-uinh 0.15.1; BS2014: digling/cddb Baxter2014/raw/D_ocbs.tsv
丌,True,下基也。薦物之丌。象形。凡丌之屬皆从丌。讀若箕同。,居之切,䢋,3006,亦聲,古之遒人，以木鐸記詩言。从辵从丌，丌亦聲。讀與記同。,居吏切,,,none,,,not_in_bs,*[g]ə,single_reading,NA,,说文: shuowenjiezi/shuowen; 广韵: tshet-uinh 0.15.1; BS2014: digling/cddb Baxter2014/raw/D_ocbs.tsv
不,True,鳥飛上翔不下來也。从一，一猶天也。象形。凡不之屬皆从不。,方久切,否,7667,亦聲,不也。从口从不，不亦聲。,方久切,pjuwX,幫三C尤上,identical_fanqie,pjuwX,*pəʔ,mc_match,,multiple_readings,NA,,说文: shuowenjiezi/shuowen; 广韵: tshet-uinh 0.15.1; BS2014: digling/cddb Baxter2014/raw/D_ocbs.tsv
不,True,鳥飛上翔不下來也。从一，一猶天也。象形。凡不之屬皆从不。,方久切,丕,4,聲,大也。从一不聲。,敷悲切,phij,滂三B脂平,identical_fanqie,pjuwX,*pʰrə,mc_match,,multiple_readings,NA,,说文: shuowenjiezi/shuowen; 广韵: tshet-uinh 0.15.1; BS2014: digling/cddb Baxter2014/raw/D_ocbs.tsv
不,True,鳥飛上翔不下來也。从一，一猶天也。象形。凡不之屬皆从不。,方久切,芣,498,聲,華盛。从艸不聲。一曰芣苢。,縛牟切,bjuw,並三C尤平,initial+rhyme+tone,pjuwX,,not_in_bs,,multiple_readings,NA,,说文: shuowenjiezi/shuowen; 广韵: tshet-uinh 0.15.1; BS2014: digling/cddb Baxter2014/raw/D_ocbs.tsv
不,True,鳥飛上翔不下來也。从一，一猶天也。象形。凡不之屬皆从不。,方久切,肧,2586,聲,婦孕一月也。从肉不聲。,匹桮切,phwoj,滂一灰平,initial+rhyme+tone,pjuwX,,not_in_bs,,multiple_readings,NA,,说文: shuowenjiezi/shuowen; 广韵: tshet-uinh 0.15.1; BS2014: digling/cddb Baxter2014/raw/D_ocbs.tsv
不,True,鳥飛上翔不下來也。从一，一猶天也。象形。凡不之屬皆从不。,方久切,衃,3154,聲,凝血也。从血不聲。,芳桮切,phwoj,滂一灰平,initial+rhyme+tone,pjuwX,,not_in_bs,,multiple_readings,NA,,说文: shuowenjiezi/shuowen; 广韵: tshet-uinh 0.15.1; BS2014: digling/cddb Baxter2014/raw/D_ocbs.tsv
不,True,鳥飛上翔不下來也。从一，一猶天也。象形。凡不之屬皆从不。,方久切,𩑢,5595,聲,曲頤也。从頁不聲。,薄回切,bwoj,並一灰平,identical_fanqie,pjuwX,,not_in_bs,,multiple_readings,NA,,说文: shuowenjiezi/shuowen; 广韵: tshet-uinh 0.15.1; BS2014: digling/cddb Baxter2014/raw/D_ocbs.tsv
不,True,鳥飛上翔不下來也。从一，一猶天也。象形。凡不之屬皆从不。,方久切,紑,8591,聲,白鮮衣皃。从糸不聲。《詩》曰：“素衣其紑。”,匹丘切,phjuw,滂三C尤平,initial+rhyme+tone,pjuwX,,not_in_bs,,multiple_readings,NA,,说文: shuowenjiezi/shuowen; 广韵: tshet-uinh 0.15.1; BS2014: digling/cddb Baxter2014/raw/D_ocbs.tsv
不,True,鳥飛上翔不下來也。从一，一猶天也。象形。凡不之屬皆从不。,方久切,坏,9087,聲,丘再成者也。一曰瓦未燒。从土不聲。,芳桮切,,,none,pjuwX,,not_in_bs,,multiple_readings,NA,,说文: shuowenjiezi/shuowen; 广韵: tshet-uinh 0.15.1; BS2014: digling/cddb Baxter2014/raw/D_ocbs.tsv
丑,True,紐也。十二月，萬物動，用事。象手之形。時加丑，亦舉手時也。凡丑之屬皆从丑。,敕九切,羞,9743,亦聲,進獻也。从羊，羊，所進也；从丑，丑亦聲。,息流切,sjuw,心三尤平,identical_fanqie,trhjuwX,*s-nu,mc_match,*[n̥]ruʔ,mc_match,O,"pre,ini,med,suf;uncertain",说文: shuowenjiezi/shuowen; 广韵: tshet-uinh 0.15.1; BS2014: digling/cddb Baxter2014/raw/D_ocbs.tsv
丑,True,紐也。十二月，萬物動，用事。象手之形。時加丑，亦舉手時也。凡丑之屬皆从丑。,敕九切,衄,3157,聲,鼻出血也。从血丑聲。,女六切,nrjuwk,孃三東入,identical_fanqie,trhjuwX,,not_in_bs,*[n̥]ruʔ,mc_match,NA,,说文: shuowenjiezi/shuowen; 广韵: tshet-uinh 0.15.1; BS2014: digling/cddb Baxter2014/raw/D_ocbs.tsv
丑,True,紐也。十二月，萬物動，用事。象手之形。時加丑，亦舉手時也。凡丑之屬皆从丑。,敕九切,𩚖,3206,聲,雜飯也。从食丑聲。,女久切,nrjuwH,孃三尤去,initial_only,trhjuwX,,not_in_bs,*[n̥]ruʔ,mc_match,NA,,说文: shuowenjiezi/shuowen; 广韵: tshet-uinh 0.15.1; BS2014: digling/cddb Baxter2014/raw/D_ocbs.tsv
丑,True,紐也。十二月，萬物動，用事。象手之形。時加丑，亦舉手時也。凡丑之屬皆从丑。,敕九切,𨙺,4143,聲,地名。从邑丑聲。,女九切,nrjuwX,孃三尤上,initial+rhyme+tone,trhjuwX,,not_in_bs,*[n̥]ruʔ,mc_match,NA,,说文: shuowenjiezi/shuowen; 广韵: tshet-uinh 0.15.1; BS2014: digling/cddb Baxter2014/raw/D_ocbs.tsv
丑,True,紐也。十二月，萬物動，用事。象手之形。時加丑，亦舉手時也。凡丑之屬皆从丑。,敕九切,粈,4479,聲,雜飯也。从米丑聲。,女久切,nyuwX,日三尤上,rhyme+tone_only,trhjuwX,,not_in_bs,*[n̥]ruʔ,mc_match,NA,,说文: shuowenjiezi/shuowen; 广韵: tshet-uinh 0.15.1; BS2014: digling/cddb Baxter2014/raw/D_ocbs.tsv
丑,True,紐也。十二月，萬物動，用事。象手之形。時加丑，亦舉手時也。凡丑之屬皆从丑。,敕九切,狃,6308,聲,犬性驕也。从犬丑聲。,女久切,nrjuwX,孃三尤上,identical_fanqie,trhjuwX,*Cə.n<r>uʔ,mc_match,*[n̥]ruʔ,mc_match,O,"pre,ini;uncertain",说文: shuowenjiezi/shuowen; 广韵: tshet-uinh 0.15.1; BS2014: digling/cddb Baxter2014/raw/D_ocbs.tsv
丑,True,紐也。十二月，萬物動，用事。象手之形。時加丑，亦舉手時也。凡丑之屬皆从丑。,敕九切,沑,7317,聲,水吏也。又，溫也。从水丑聲。,人九切,nyuwX,日三尤上,identical_fanqie,trhjuwX,,not_in_bs,*[n̥]ruʔ,mc_match,NA,,说文: shuowenjiezi/shuowen; 广韵: tshet-uinh 0.15.1; BS2014: digling/cddb Baxter2014/raw/D_ocbs.tsv
丑,True,紐也。十二月，萬物動，用事。象手之形。時加丑，亦舉手時也。凡丑之屬皆从丑。,敕九切,𡚽,8080,聲,人姓也。从女丑聲。《商書》曰：“無有作𡚽。”,呼到切,xawH,曉開一豪去,identical_fanqie,trhjuwX,,not_in_bs,*[n̥]ruʔ,mc_match,NA,,说文: shuowenjiezi/shuowen; 广韵: tshet-uinh 0.15.1; BS2014: digling/cddb Baxter2014/raw/D_ocbs.tsv
丑,True,紐也。十二月，萬物動，用事。象手之形。時加丑，亦舉手時也。凡丑之屬皆从丑。,敕九切,紐,8609,聲,系也。一曰結而可解。从糸丑聲。,女久切,nrjuwX,孃三尤上,identical_fanqie,trhjuwX,*n<r>uʔ,mc_match,*[n̥]ruʔ,mc_match,O,ini;uncertain,说文: shuowenjiezi/shuowen; 广韵: tshet-uinh 0.15.1; BS2014: digling/cddb Baxter2014/raw/D_ocbs.tsv
丑,True,紐也。十二月，萬物動，用事。象手之形。時加丑，亦舉手時也。凡丑之屬皆从丑。,敕九切,鈕,9289,聲,印鼻也。从金丑聲。,女久切,nrjuwX,孃三尤上,identical_fanqie,trhjuwX,,not_in_bs,*[n̥]ruʔ,mc_match,NA,,说文: shuowenjiezi/shuowen; 广韵: tshet-uinh 0.15.1; BS2014: digling/cddb Baxter2014/raw/D_ocbs.tsv
丑,True,紐也。十二月，萬物動，用事。象手之形。時加丑，亦舉手時也。凡丑之屬皆从丑。,敕九切,䂇,9464,聲,剌也。从矛丑聲。,女久切,nrjuwk,孃三東入,initial_only,trhjuwX,,not_in_bs,*[n̥]ruʔ,mc_match,NA,,说文: shuowenjiezi/shuowen; 广韵: tshet-uinh 0.15.1; BS2014: digling/cddb Baxter2014/raw/D_ocbs.tsv
丩,True,相糾繚也。一曰瓜瓠結丩起。象形。凡丩之屬皆从丩。,居虯切,𦱠,1455,亦聲,艸之相丩者。从茻从丩，丩亦聲。,居虯切,kjiw,見開三A幽平,identical_fanqie,kjuw,,not_in_bs,*k-riw,single_reading,NA,,说文: shuowenjiezi/shuowen; 广韵: tshet-uinh 0.15.1; BS2014: digling/cddb Baxter2014/raw/D_ocbs.tsv
丩,True,相糾繚也。一曰瓜瓠結丩起。象形。凡丩之屬皆从丩。,居虯切,叫,923,聲,嘑也。从口丩聲。,古弔切,kewH,見開四蕭去,identical_fanqie,kjuw,*kˤewk-s,mc_match,*k-riw,single_reading,C,"pre,ini,phar,v,coda,suf",说文: shuowenjiezi/shuowen; 广韵: tshet-uinh 0.15.1; BS2014: digling/cddb Baxter2014/raw/D_ocbs.tsv
丩,True,相糾繚也。一曰瓜瓠結丩起。象形。凡丩之屬皆从丩。,居虯切,赳,984,聲,輕勁有才力也。从走丩聲。讀若鐈。,居黝切,kjiwX,見開三A幽上,identical_fanqie,kjuw,,not_in_bs,*k-riw,single_reading,NA,,说文: shuowenjiezi/shuowen; 广韵: tshet-uinh 0.15.1; BS2014: digling/cddb Baxter2014/raw/D_ocbs.tsv
丩,True,相糾繚也。一曰瓜瓠結丩起。象形。凡丩之屬皆从丩。,居虯切,嘂,1434,聲,高聲也。一曰大呼也。从㗊丩聲。《春秋公羊傳》曰：“魯昭公叫然而哭。”,古弔切,kewH,見開四蕭去,identical_fanqie,kjuw,,not_in_bs,*k-riw,single_reading,NA,,说文: shuowenjiezi/shuowen; 广韵: tshet-uinh 0.15.1; BS2014: digling/cddb Baxter2014/raw/D_ocbs.tsv
丩,True,相糾繚也。一曰瓜瓠結丩起。象形。凡丩之屬皆从丩。,居虯切,句,1450,聲,曲也。从口丩聲。凡句之屬皆从句。,古矦切,kuw,見一侯平,initial+rhyme+tone,kjuw,*[k]ˤ(r)o,mc_match,*k-riw,single_reading,C,"pre,ini,phar,med,v,coda;uncertain",说文: shuowenjiezi/shuowen; 广韵: tshet-uinh 0.15.1; BS2014: digling/cddb Baxter2014/raw/D_ocbs.tsv
丩,True,相糾繚也。一曰瓜瓠結丩起。象形。凡丩之屬皆从丩。,居虯切,訆,1651,聲,大呼也。从言丩聲。《春秋傳》曰：“或訆于宋大廟。”,古弔切,kewH,見開四蕭去,identical_fanqie,kjuw,,not_in_bs,*k-riw,single_reading,NA,,说文: shuowenjiezi/shuowen; 广韵: tshet-uinh 0.15.1; BS2014: digling/cddb Baxter2014/raw/D_ocbs.tsv
丩,True,相糾繚也。一曰瓜瓠結丩起。象形。凡丩之屬皆从丩。,居虯切,收,2040,聲,捕也。从攴丩聲。,式州切,syuw,書三尤平,identical_fanqie,kjuw,*s-kiw,mc_match,*k-riw,single_reading,O2,"pre,ini",说文: shuowenjiezi/shuowen; 广韵: tshet-uinh 0.15.1; BS2014: digling/cddb Baxter2014/raw/D_ocbs.tsv
丩,True,相糾繚也。一曰瓜瓠結丩起。象形。凡丩之屬皆从丩。,居虯切,觓,2824,聲,角皃。从角丩聲。《詩》曰：“兕觵其觓。”,渠幽切,gjiw,羣開三A幽平,identical_fanqie,kjuw,,not_in_bs,*k-riw,single_reading,NA,,说文: shuowenjiezi/shuowen; 广韵: tshet-uinh 0.15.1; BS2014: digling/cddb Baxter2014/raw/D_ocbs.tsv
丩,True,相糾繚也。一曰瓜瓠結丩起。象形。凡丩之屬皆从丩。,居虯切,朻,3574,聲,高木也。从木丩聲。,吉虯切,kjiw,見開三A幽平,initial+rhyme+tone,kjuw,,not_in_bs,*k-riw,single_reading,NA,,说文: shuowenjiezi/shuowen; 广韵: tshet-uinh 0.15.1; BS2014: digling/cddb Baxter2014/raw/D_ocbs.tsv
丩,True,相糾繚也。一曰瓜瓠結丩起。象形。凡丩之屬皆从丩。,居虯切,㽱,4684,聲,腹中急也。从疒丩聲。,古巧切,kaewX,見開二肴上,identical_fanqie,kjuw,,not_in_bs,*k-riw,single_reading,NA,,说文: shuowenjiezi/shuowen; 广韵: tshet-uinh 0.15.1; BS2014: digling/cddb Baxter2014/raw/D_ocbs.tsv
丩,True,相糾繚也。一曰瓜瓠結丩起。象形。凡丩之屬皆从丩。,居虯切,虯,8853,聲,龍子有角者。从虫丩聲。,渠幽切,gjiw,羣開三A幽平,identical_fanqie,kjuw,,not_in_bs,*k-riw,single_reading,NA,,说文: shuowenjiezi/shuowen; 广韵: tshet-uinh 0.15.1; BS2014: digling/cddb Baxter2014/raw/D_ocbs.tsv
中,True,内也。从口。丨，上下通。,陟弓切,仲,4944,亦聲,中也。从人从中，中亦聲。,直衆切,drjuwngH,澄三東去,initial_only,trjuwng,*N-truŋ-s,mc_match,*truŋ,mc_match,R,"pre,suf",说文: shuowenjiezi/shuowen; 广韵: tshet-uinh 0.15.1; BS2014: digling/cddb Baxter2014/raw/D_ocbs.tsv
中,True,内也。从口。丨，上下通。,陟弓切,𦬕,351,聲,艸也。从艸中聲。,陟宮切,trjuwng,知三東平,initial+rhyme+tone,trjuwng,,not_in_bs,*truŋ,mc_match,NA,,说文: shuowenjiezi/shuowen; 广韵: tshet-uinh 0.15.1; BS2014: digling/cddb Baxter2014/raw/D_ocbs.tsv
中,True,内也。从口。丨，上下通。,陟弓切,盅,3142,聲,器虛也。从皿中聲。《老子》曰：“道盅而用之。”,直弓切,drjuwng,澄三東平,identical_fanqie,trjuwng,,not_in_bs,*truŋ,mc_match,NA,,说文: shuowenjiezi/shuowen; 广韵: tshet-uinh 0.15.1; BS2014: digling/cddb Baxter2014/raw/D_ocbs.tsv
中,True,内也。从口。丨，上下通。,陟弓切,衷,5304,聲,裏䙝衣。从衣中聲。《春秋傳》曰：“皆衷其衵服。”,陟弓切,trjuwng,知三東平,identical_fanqie,trjuwng,,not_in_bs,*truŋ,mc_match,NA,,说文: shuowenjiezi/shuowen; 广韵: tshet-uinh 0.15.1; BS2014: digling/cddb Baxter2014/raw/D_ocbs.tsv
中,True,内也。从口。丨，上下通。,陟弓切,忠,6680,聲,敬也。从心中聲。,陟弓切,trjuwng,知三東平,identical_fanqie,trjuwng,*truŋ,mc_match,*truŋ,mc_match,I,,说文: shuowenjiezi/shuowen; 广韵: tshet-uinh 0.15.1; BS2014: digling/cddb Baxter2014/raw/D_ocbs.tsv
中,True,内也。从口。丨，上下通。,陟弓切,忡,6898,聲,憂也。从心中聲。《詩》曰：“憂心忡忡。”,敕中切,trhjuwng,徹三東平,identical_fanqie,trjuwng,*tʰruŋ,mc_match,*truŋ,mc_match,O,ini,说文: shuowenjiezi/shuowen; 广韵: tshet-uinh 0.15.1; BS2014: digling/cddb Baxter2014/raw/D_ocbs.tsv
丶,True,有所絕止，丶而識之也。凡丶之屬皆从丶。,知庾切,主,3168,亦聲,鐙中火主也。从纹，象形。从丶，丶亦聲。,之庾切,tsyuX,章合三虞上,identical_fanqie,trjuX,*toʔ,mc_match,,not_in_bs,NA,,说文: shuowenjiezi/shuowen; 广韵: tshet-uinh 0.15.1; BS2014: digling/cddb Baxter2014/raw/D_ocbs.tsv
予,True,推予也。象相予之形。凡予之屬皆从予。,余呂切,舒,2501,亦聲,伸也。从舍从予，予亦聲。一曰舒，緩也。,傷魚切,syo,書開三魚平,identical_fanqie,yoX,*l̥a,mc_match,*laʔ,mc_match,O,"ini,suf",说文: shuowenjiezi/shuowen; 广韵: tshet-uinh 0.15.1; BS2014: digling/cddb Baxter2014/raw/D_ocbs.tsv
予,True,推予也。象相予之形。凡予之屬皆从予。,余呂切,芧,303,聲,艸也。从艸予聲。可以爲繩。,直呂切,drjoX,澄開三魚上,identical_fanqie,yoX,,not_in_bs,*laʔ,mc_match,NA,,说文: shuowenjiezi/shuowen; 广韵: tshet-uinh 0.15.1; BS2014: digling/cddb Baxter2014/raw/D_ocbs.tsv
予,True,推予也。象相予之形。凡予之屬皆从予。,余呂切,𣏗,3461,聲,栩也。从木予聲。讀若杼。,直呂切,,,none,yoX,,not_in_bs,*laʔ,mc_match,NA,,说文: shuowenjiezi/shuowen; 广韵: tshet-uinh 0.15.1; BS2014: digling/cddb Baxter2014/raw/D_ocbs.tsv
予,True,推予也。象相予之形。凡予之屬皆从予。,余呂切,杼,3709,聲,機之持緯者。从木予聲。,直呂切,drjoX,澄開三魚上,identical_fanqie,yoX,,not_in_bs,*laʔ,mc_match,NA,,说文: shuowenjiezi/shuowen; 广韵: tshet-uinh 0.15.1; BS2014: digling/cddb Baxter2014/raw/D_ocbs.tsv
予,True,推予也。象相予之形。凡予之屬皆从予。,余呂切,伃,4948,聲,婦官也。从人予聲。,以諸切,yo,以開三魚平,identical_fanqie,yoX,,not_in_bs,*laʔ,mc_match,NA,,说文: shuowenjiezi/shuowen; 广韵: tshet-uinh 0.15.1; BS2014: digling/cddb Baxter2014/raw/D_ocbs.tsv
予,True,推予也。象相予之形。凡予之屬皆从予。,余呂切,𡱣,5409,聲,履屬。从履省，予聲。,徐呂切,zjoX,邪開三魚上,identical_fanqie,yoX,,not_in_bs,*laʔ,mc_match,NA,,说文: shuowenjiezi/shuowen; 广韵: tshet-uinh 0.15.1; BS2014: digling/cddb Baxter2014/raw/D_ocbs.tsv
予,True,推予也。象相予之形。凡予之屬皆从予。,余呂切,序,5907,聲,東西牆也。从广予聲。,徐呂切,zjoX,邪開三魚上,identical_fanqie,yoX,*[sə.l]aʔ,mc_match,*laʔ,mc_match,R,pre;uncertain,说文: shuowenjiezi/shuowen; 广韵: tshet-uinh 0.15.1; BS2014: digling/cddb Baxter2014/raw/D_ocbs.tsv
予,True,推予也。象相予之形。凡予之屬皆从予。,余呂切,豫,6105,聲,象之大者。賈侍中說：不害於物。从象予聲。,羊茹切,yoH,以開三魚去,initial+rhyme+tone,yoX,*laʔ-s,mc_match,*laʔ,mc_match,R,suf,说文: shuowenjiezi/shuowen; 广韵: tshet-uinh 0.15.1; BS2014: digling/cddb Baxter2014/raw/D_ocbs.tsv
予,True,推予也。象相予之形。凡予之屬皆从予。,余呂切,抒,7942,聲,挹也。从手予聲。,神與切,zyoX,船開三魚上,identical_fanqie,yoX,*Cə-laʔ,mc_match,*laʔ,mc_match,R,pre,说文: shuowenjiezi/shuowen; 广韵: tshet-uinh 0.15.1; BS2014: digling/cddb Baxter2014/raw/D_ocbs.tsv
予,True,推予也。象相予之形。凡予之屬皆从予。,余呂切,紓,8512,聲,緩也。从糸予聲。,傷魚切,syo,書開三魚平,identical_fanqie,yoX,*l̥a,mc_match,*laʔ,mc_match,O,"ini,suf",说文: shuowenjiezi/shuowen; 广韵: tshet-uinh 0.15.1; BS2014: digling/cddb Baxter2014/raw/D_ocbs.tsv
予,True,推予也。象相予之形。凡予之屬皆从予。,余呂切,野,9124,聲,郊外也。从里予聲。,羊者切,yaeX,以開三麻上,identical_fanqie,yoX,*lAʔ,mc_match,*laʔ,mc_match,V,v,说文: shuowenjiezi/shuowen; 广韵: tshet-uinh 0.15.1; BS2014: digling/cddb Baxter2014/raw/D_ocbs.tsv
亏,True,气損也。从亏雐聲。,去爲切,𠮱,3055,亦聲,驚語也。从口从亏，亏亦聲。,況于切,,,none,,,not_in_bs,,not_in_bs,NA,,说文: shuowenjiezi/shuowen; 广韵: tshet-uinh 0.15.1; BS2014: digling/cddb Baxter2014/raw/D_ocbs.tsv
亏,True,气損也。从亏雐聲。,去爲切,芋,270,聲,大葉實根，駭人，故謂之芌也。从艸亏聲。,王遇切,hjuH,云合三C虞去,identical_fanqie,,*[ɢ]ʷ(r)a-s,mc_match,,not_in_bs,NA,,说文: shuowenjiezi/shuowen; 广韵: tshet-uinh 0.15.1; BS2014: digling/cddb Baxter2014/raw/D_ocbs.tsv
亏,True,气損也。从亏雐聲。,去爲切,竽,2973,聲,管三十六簧也。从竹亏聲。,羽俱切,hju,云合三C虞平,identical_fanqie,,*[ɢ]ʷ(r)a,mc_match,,not_in_bs,NA,,说文: shuowenjiezi/shuowen; 广韵: tshet-uinh 0.15.1; BS2014: digling/cddb Baxter2014/raw/D_ocbs.tsv
亏,True,气損也。从亏雐聲。,去爲切,盂,3123,聲,飯器也。从皿亏聲。,羽俱切,hju,云合三C虞平,identical_fanqie,,*[ɢ]ʷ(r)a,mc_match,,not_in_bs,NA,,说文: shuowenjiezi/shuowen; 广韵: tshet-uinh 0.15.1; BS2014: digling/cddb Baxter2014/raw/D_ocbs.tsv
亏,True,气損也。从亏雐聲。,去爲切,杇,3641,聲,所以涂也。秦謂之杇，關東謂之槾。从木亏聲。,哀都切,'u,影一模平,identical_fanqie,,,not_in_bs,,not_in_bs,NA,,说文: shuowenjiezi/shuowen; 广韵: tshet-uinh 0.15.1; BS2014: digling/cddb Baxter2014/raw/D_ocbs.tsv
亏,True,气損也。从亏雐聲。,去爲切,𠌶,3866,聲,艸木華也。从𠂹亏聲。凡𠌶之屬皆从𠌶。,況于切,xju,曉合三C虞平,identical_fanqie,,,not_in_bs,,not_in_bs,NA,,说文: shuowenjiezi/shuowen; 广韵: tshet-uinh 0.15.1; BS2014: digling/cddb Baxter2014/raw/D_ocbs.tsv
亏,True,气損也。从亏雐聲。,去爲切,扜,8046,聲,指麾也。从手亏聲。,億俱切,'ju,影合三C虞平,initial+rhyme+tone,,,not_in_bs,,not_in_bs,NA,,说文: shuowenjiezi/shuowen; 广韵: tshet-uinh 0.15.1; BS2014: digling/cddb Baxter2014/raw/D_ocbs.tsv
井,True,八家一井，象構韓形。•，𦉥之象也。古者伯益初作井。凡井之屬皆从井。,子郢切,𠭘,2518,亦聲,坑也。从𣦼从井，井亦聲。,疾正切,,,none,tsjengX,,not_in_bs,*C.tseŋʔ,mc_match,NA,,说文: shuowenjiezi/shuowen; 广韵: tshet-uinh 0.15.1; BS2014: digling/cddb Baxter2014/raw/D_ocbs.tsv
井,True,八家一井，象構韓形。•，𦉥之象也。古者伯益初作井。凡井之屬皆从井。,子郢切,阱,3177,亦聲,陷也。从𨸏从井，井亦聲。,疾正切,dzjengX,從開三清上,initial_only,tsjengX,,not_in_bs,*C.tseŋʔ,mc_match,NA,,说文: shuowenjiezi/shuowen; 广韵: tshet-uinh 0.15.1; BS2014: digling/cddb Baxter2014/raw/D_ocbs.tsv
井,True,八家一井，象構韓形。•，𦉥之象也。古者伯益初作井。凡井之屬皆从井。,子郢切,㓝,3178,亦聲,罰辠也。从井从刀。《易》曰：“井，法也。”井亦聲。,戶經切,heng,匣開四青平,identical_fanqie,tsjengX,,not_in_bs,*C.tseŋʔ,mc_match,NA,,说文: shuowenjiezi/shuowen; 广韵: tshet-uinh 0.15.1; BS2014: digling/cddb Baxter2014/raw/D_ocbs.tsv
井,True,八家一井，象構韓形。•，𦉥之象也。古者伯益初作井。凡井之屬皆从井。,子郢切,耕,2809,聲,犂也。从耒井聲。一曰古者井田。,古莖切,keang,見開二耕平,identical_fanqie,tsjengX,*kˤ<r>eŋ,mc_match,*C.tseŋʔ,mc_match,O2,"pre,ini,phar,med,suf",说文: shuowenjiezi/shuowen; 广韵: tshet-uinh 0.15.1; BS2014: digling/cddb Baxter2014/raw/D_ocbs.tsv
井,True,八家一井，象構韓形。•，𦉥之象也。古者伯益初作井。凡井之屬皆从井。,子郢切,𨙷,4047,聲,鄭地𨙷亭。从邑井聲。,戶經切,tsjengX,精開三清上,no_match_first_reading,tsjengX,,not_in_bs,*C.tseŋʔ,mc_match,NA,,说文: shuowenjiezi/shuowen; 广韵: tshet-uinh 0.15.1; BS2014: digling/cddb Baxter2014/raw/D_ocbs.tsv
井,True,八家一井，象構韓形。•，𦉥之象也。古者伯益初作井。凡井之屬皆从井。,子郢切,妌,8181,聲,靜也。从女井聲。,疾正切,dzjengX,從開三清上,initial_only,tsjengX,,not_in_bs,*C.tseŋʔ,mc_match,NA,,说文: shuowenjiezi/shuowen; 广韵: tshet-uinh 0.15.1; BS2014: digling/cddb Baxter2014/raw/D_ocbs.tsv
亡,True,逃也。从入从𠃊。凡亾之屬皆从亾。,武方切,忘,6810,亦聲,不識也。从心从亡，亡亦聲。,武方切,mjang,明三C陽平,identical_fanqie,mjang,*maŋ,mc_match,*maŋ,mc_match,I,,说文: shuowenjiezi/shuowen; 广韵: tshet-uinh 0.15.1; BS2014: digling/cddb Baxter2014/raw/D_ocbs.tsv
亡,True,逃也。从入从𠃊。凡亾之屬皆从亾。,武方切,盲,2188,聲,目無牟子。从目亡聲。,武庚切,maeng,明二庚平,identical_fanqie,mjang,*mˤ<r>aŋ,mc_match,*maŋ,mc_match,R,"phar,med",说文: shuowenjiezi/shuowen; 广韵: tshet-uinh 0.15.1; BS2014: digling/cddb Baxter2014/raw/D_ocbs.tsv
亡,True,逃也。从入从𠃊。凡亾之屬皆从亾。,武方切,肓,2594,聲,心上鬲下也。从肉亡聲。《春秋傳》曰：“病在肓之下。”,呼光切,xwang,曉合一唐平,identical_fanqie,mjang,,not_in_bs,*maŋ,mc_match,NA,,说文: shuowenjiezi/shuowen; 广韵: tshet-uinh 0.15.1; BS2014: digling/cddb Baxter2014/raw/D_ocbs.tsv
亡,True,逃也。从入从𠃊。凡亾之屬皆从亾。,武方切,衁,3153,聲,血也。从血亡聲。《春秋傳》曰：“士刲羊，亦無𥁃也。”,呼光切,xwang,曉合一唐平,identical_fanqie,mjang,*m̥ˤaŋ,mc_match,*maŋ,mc_match,O,"ini,phar",说文: shuowenjiezi/shuowen; 广韵: tshet-uinh 0.15.1; BS2014: digling/cddb Baxter2014/raw/D_ocbs.tsv
亡,True,逃也。从入从𠃊。凡亾之屬皆从亾。,武方切,良,3324,聲,善也。从畗省，亡聲。,呂張切,ljang,來開三陽平,identical_fanqie,mjang,*[r]aŋ,mc_match,*maŋ,mc_match,O2,ini;uncertain,说文: shuowenjiezi/shuowen; 广韵: tshet-uinh 0.15.1; BS2014: digling/cddb Baxter2014/raw/D_ocbs.tsv
亡,True,逃也。从入从𠃊。凡亾之屬皆从亾。,武方切,杗,3639,聲,棟也。从木亡聲。《爾雅》曰：“杗𢊺謂之梁。”,武方切,mjang,明三C陽平,identical_fanqie,mjang,,not_in_bs,*maŋ,mc_match,NA,,说文: shuowenjiezi/shuowen; 广韵: tshet-uinh 0.15.1; BS2014: digling/cddb Baxter2014/raw/D_ocbs.tsv
亡,True,逃也。从入从𠃊。凡亾之屬皆从亾。,武方切,邙,4026,聲,河南洛陽北亡山上邑。从邑亡聲。,莫郎切,mang,明一唐平,identical_fanqie,mjang,,not_in_bs,*maŋ,mc_match,NA,,说文: shuowenjiezi/shuowen; 广韵: tshet-uinh 0.15.1; BS2014: digling/cddb Baxter2014/raw/D_ocbs.tsv
亡,True,逃也。从入从𠃊。凡亾之屬皆从亾。,武方切,𦟁,4305,聲,翌也。从明亡聲。,呼光切,,,none,mjang,,not_in_bs,*maŋ,mc_match,NA,,说文: shuowenjiezi/shuowen; 广韵: tshet-uinh 0.15.1; BS2014: digling/cddb Baxter2014/raw/D_ocbs.tsv
亡,True,逃也。从入从𠃊。凡亾之屬皆从亾。,武方切,巟,7445,聲,水廣也。从川亡聲。《易》曰：“包巟用馮河。”,呼光切,xwang,曉合一唐平,identical_fanqie,mjang,*m̥ˤaŋ,mc_match,*maŋ,mc_match,O,"ini,phar",说文: shuowenjiezi/shuowen; 广韵: tshet-uinh 0.15.1; BS2014: digling/cddb Baxter2014/raw/D_ocbs.tsv
亡,True,逃也。从入从𠃊。凡亾之屬皆从亾。,武方切,妄,8242,聲,亂也。从女亡聲。,巫放切,mjangH,明三C陽去,identical_fanqie,mjang,*maŋ-s,mc_match,*maŋ,mc_match,R,suf,说文: shuowenjiezi/shuowen; 广韵: tshet-uinh 0.15.1; BS2014: digling/cddb Baxter2014/raw/D_ocbs.tsv
亡,True,逃也。从入从𠃊。凡亾之屬皆从亾。,武方切,氓,8317,聲,民也。从民亡聲。讀若盲。,武庚切,meang,明二耕平,initial_only,mjang,*mˤr[i]ŋ,mc_match,*maŋ,mc_match,V,"phar,med,v;uncertain",说文: shuowenjiezi/shuowen; 广韵: tshet-uinh 0.15.1; BS2014: digling/cddb Baxter2014/raw/D_ocbs.tsv
亡,True,逃也。从入从𠃊。凡亾之屬皆从亾。,武方切,蝱,8919,聲,齧人飛蟲。从䖵亡聲。,武庚切,maeng,明二庚平,identical_fanqie,mjang,,not_in_bs,*maŋ,mc_match,NA,,说文: shuowenjiezi/shuowen; 广韵: tshet-uinh 0.15.1; BS2014: digling/cddb Baxter2014/raw/D_ocbs.tsv
亡,True,逃也。从入从𠃊。凡亾之屬皆从亾。,武方切,甿,9148,聲,田民也。从田亡聲。,武庚切,meang,明二耕平,initial_only,mjang,,not_in_bs,*maŋ,mc_match,NA,,说文: shuowenjiezi/shuowen; 广韵: tshet-uinh 0.15.1; BS2014: digling/cddb Baxter2014/raw/D_ocbs.tsv
亢,True,人頸也。从大省，象頸脈形。凡亢之屬皆从亢。,古郎切,𠅣,6621,亦聲,直項莽𠅣皃。从亢从夋。夋，倨也。亢亦聲。,岡朗切,,,none,kang,,not_in_bs,*k-ŋˤaŋ,mc_match,NA,,说文: shuowenjiezi/shuowen; 广韵: tshet-uinh 0.15.1; BS2014: digling/cddb Baxter2014/raw/D_ocbs.tsv
亢,True,人頸也。从大省，象頸脈形。凡亢之屬皆从亢。,古郎切,迒,1206,聲,獸迹也。从辵亢聲。,胡郎切,hang,匣開一唐平,identical_fanqie,kang,,not_in_bs,*k-ŋˤaŋ,mc_match,NA,,说文: shuowenjiezi/shuowen; 广韵: tshet-uinh 0.15.1; BS2014: digling/cddb Baxter2014/raw/D_ocbs.tsv
亢,True,人頸也。从大省，象頸脈形。凡亢之屬皆从亢。,古郎切,笐,2882,聲,竹列也。从竹亢聲。,古郎切,kang,見開一唐平,identical_fanqie,kang,,not_in_bs,*k-ŋˤaŋ,mc_match,NA,,说文: shuowenjiezi/shuowen; 广韵: tshet-uinh 0.15.1; BS2014: digling/cddb Baxter2014/raw/D_ocbs.tsv
亢,True,人頸也。从大省，象頸脈形。凡亢之屬皆从亢。,古郎切,邟,4058,聲,潁川縣。从邑亢聲。,苦浪切,khangH,溪開一唐去,identical_fanqie,kang,,not_in_bs,*k-ŋˤaŋ,mc_match,NA,,说文: shuowenjiezi/shuowen; 广韵: tshet-uinh 0.15.1; BS2014: digling/cddb Baxter2014/raw/D_ocbs.tsv
亢,True,人頸也。从大省，象頸脈形。凡亢之屬皆从亢。,古郎切,秔,4378,聲,稻屬。从禾亢聲。,古行切,kaeng,見開二庚平,identical_fanqie,kang,,not_in_bs,*k-ŋˤaŋ,mc_match,NA,,说文: shuowenjiezi/shuowen; 广韵: tshet-uinh 0.15.1; BS2014: digling/cddb Baxter2014/raw/D_ocbs.tsv
亢,True,人頸也。从大省，象頸脈形。凡亢之屬皆从亢。,古郎切,伉,4942,聲,人名。从人亢聲。《論語》有陳伉。,苦浪切,khangH,溪開一唐去,identical_fanqie,kang,,not_in_bs,*k-ŋˤaŋ,mc_match,NA,,说文: shuowenjiezi/shuowen; 广韵: tshet-uinh 0.15.1; BS2014: digling/cddb Baxter2014/raw/D_ocbs.tsv
亢,True,人頸也。从大省，象頸脈形。凡亢之屬皆从亢。,古郎切,𣃚,5429,聲,方舟也。从方亢聲。《禮》：天子造舟，諸矦維舟，大夫方舟，士特舟。,胡郎切,,,none,kang,,not_in_bs,*k-ŋˤaŋ,mc_match,NA,,说文: shuowenjiezi/shuowen; 广韵: tshet-uinh 0.15.1; BS2014: digling/cddb Baxter2014/raw/D_ocbs.tsv
亢,True,人頸也。从大省，象頸脈形。凡亢之屬皆从亢。,古郎切,犺,6312,聲,健犬也。从犬亢聲。,苦浪切,khangH,溪開一唐去,identical_fanqie,kang,,not_in_bs,*k-ŋˤaŋ,mc_match,NA,,说文: shuowenjiezi/shuowen; 广韵: tshet-uinh 0.15.1; BS2014: digling/cddb Baxter2014/raw/D_ocbs.tsv
亢,True,人頸也。从大省，象頸脈形。凡亢之屬皆从亢。,古郎切,炕,6484,聲,乾也。从火亢聲。,苦浪切,khangH,溪開一唐去,identical_fanqie,kang,,not_in_bs,*k-ŋˤaŋ,mc_match,NA,,说文: shuowenjiezi/shuowen; 广韵: tshet-uinh 0.15.1; BS2014: digling/cddb Baxter2014/raw/D_ocbs.tsv
亢,True,人頸也。从大省，象頸脈形。凡亢之屬皆从亢。,古郎切,忼,6695,聲,慨也。从心亢聲。一曰《易》“忼龍有悔”。,苦浪切,xang,曉開一唐平,rhyme+tone_only,kang,,not_in_bs,*k-ŋˤaŋ,mc_match,NA,,说文: shuowenjiezi/shuowen; 广韵: tshet-uinh 0.15.1; BS2014: digling/cddb Baxter2014/raw/D_ocbs.tsv
亢,True,人頸也。从大省，象頸脈形。凡亢之屬皆从亢。,古郎切,沆,7130,聲,莽沆，大水也。从水亢聲。一曰大澤皃。,胡朗切,hangX,匣開一唐上,identical_fanqie,kang,,not_in_bs,*k-ŋˤaŋ,mc_match,NA,,说文: shuowenjiezi/shuowen; 广韵: tshet-uinh 0.15.1; BS2014: digling/cddb Baxter2014/raw/D_ocbs.tsv
亢,True,人頸也。从大省，象頸脈形。凡亢之屬皆从亢。,古郎切,魧,7629,聲,大貝也。一曰魚膏。从魚亢聲。讀若岡。,古郎切,kang,見開一唐平,identical_fanqie,kang,,not_in_bs,*k-ŋˤaŋ,mc_match,NA,,说文: shuowenjiezi/shuowen; 广韵: tshet-uinh 0.15.1; BS2014: digling/cddb Baxter2014/raw/D_ocbs.tsv
亢,True,人頸也。从大省，象頸脈形。凡亢之屬皆从亢。,古郎切,閌,7751,聲,閌閬，高門也。从門亢聲。,苦浪切,khangH,溪開一唐去,identical_fanqie,kang,,not_in_bs,*k-ŋˤaŋ,mc_match,NA,,说文: shuowenjiezi/shuowen; 广韵: tshet-uinh 0.15.1; BS2014: digling/cddb Baxter2014/raw/D_ocbs.tsv
亢,True,人頸也。从大省，象頸脈形。凡亢之屬皆从亢。,古郎切,抗,8027,聲,扞也。从手亢聲。,苦浪切,khangH,溪開一唐去,identical_fanqie,kang,*kʰˤaŋ-s,mc_match,*k-ŋˤaŋ,mc_match,O,"pre,ini,suf",说文: shuowenjiezi/shuowen; 广韵: tshet-uinh 0.15.1; BS2014: digling/cddb Baxter2014/raw/D_ocbs.tsv
亢,True,人頸也。从大省，象頸脈形。凡亢之屬皆从亢。,古郎切,㽘,9141,聲,境也。一曰陌也。趙魏謂陌爲㽘。从田亢聲。,古郎切,kangX,見開一唐上,initial_only,kang,,not_in_bs,*k-ŋˤaŋ,mc_match,NA,,说文: shuowenjiezi/shuowen; 广韵: tshet-uinh 0.15.1; BS2014: digling/cddb Baxter2014/raw/D_ocbs.tsv
亢,True,人頸也。从大省，象頸脈形。凡亢之屬皆从亢。,古郎切,阬,9607,聲,門也。从𨸏亢聲。,客庚切,khaeng,溪開二庚平,identical_fanqie,kang,,not_in_bs,*k-ŋˤaŋ,mc_match,NA,,说文: shuowenjiezi/shuowen; 广韵: tshet-uinh 0.15.1; BS2014: digling/cddb Baxter2014/raw/D_ocbs.tsv
亣,True,籒文亣，改古文。亦象人形。凡亣之屬皆从亣。,他達切,奕,6634,亦聲,大也。从亣亦聲。《詩》曰：“奕奕梁山。”,羊益切,yek,以開三清入,identical_fanqie,,*[ɢ](r)Ak,mc_match,,not_in_bs,NA,,说文: shuowenjiezi/shuowen; 广韵: tshet-uinh 0.15.1; BS2014: digling/cddb Baxter2014/raw/D_ocbs.tsv
人,True,天地之性最貴者也。此籒文。象臂脛之形。凡人之屬皆从人。,如鄰切,𨿳,2287,亦聲,鳥也。从隹，瘖省聲。或从人，人亦聲。,於淩切,,,none,nyin,,not_in_bs,*ni[ŋ],mc_match,NA,,说文: shuowenjiezi/shuowen; 广韵: tshet-uinh 0.15.1; BS2014: digling/cddb Baxter2014/raw/D_ocbs.tsv
亾,True,逃也。从入从𠃊。凡亾之屬皆从亾。,武方切,喪,977,亦聲,亾也。从哭从亾。會意。亾亦聲。,息郎切,sang,心開一唐平,identical_fanqie,,*s-mˤaŋ,mc_match,,not_in_bs,NA,,说文: shuowenjiezi/shuowen; 广韵: tshet-uinh 0.15.1; BS2014: digling/cddb Baxter2014/raw/D_ocbs.tsv
亾,True,逃也。从入从𠃊。凡亾之屬皆从亾。,武方切,𦬆,513,聲,艸耑。从艸亾聲。,武方切,,,none,,,not_in_bs,,not_in_bs,NA,,说文: shuowenjiezi/shuowen; 广韵: tshet-uinh 0.15.1; BS2014: digling/cddb Baxter2014/raw/D_ocbs.tsv
亾,True,逃也。从入从𠃊。凡亾之屬皆从亾。,武方切,𢻲,2027,聲,撫也。从攴亾聲。讀與撫同。,芳武切,,,none,,,not_in_bs,,not_in_bs,NA,,说文: shuowenjiezi/shuowen; 广韵: tshet-uinh 0.15.1; BS2014: digling/cddb Baxter2014/raw/D_ocbs.tsv
从,True,隨行也。从辵、从，从亦聲。,慈用切,從,5203,亦聲,隨行也。从辵、从，从亦聲。,慈用切,dzjowngH,從三鍾去,initial+rhyme+tone,dzjowng,*[dz]oŋ-s,mc_match,,not_in_bs,NA,,说文: shuowenjiezi/shuowen; 广韵: tshet-uinh 0.15.1; BS2014: digling/cddb Baxter2014/raw/D_ocbs.tsv
令,True,發號也。从亼、卪。,力正切,鈴,9334,亦聲,令丁也。从金从令，令亦聲。,郎丁切,leng,來開四青平,identical_fanqie,ljeng,,not_in_bs,*riŋ,mc_match,NA,,说文: shuowenjiezi/shuowen; 广韵: tshet-uinh 0.15.1; BS2014: digling/cddb Baxter2014/raw/D_ocbs.tsv
令,True,發號也。从亼、卪。,力正切,玲,150,聲,玉聲。从玉令聲。,郎丁切,leng,來開四青平,identical_fanqie,ljeng,,not_in_bs,*riŋ,mc_match,NA,,说文: shuowenjiezi/shuowen; 广韵: tshet-uinh 0.15.1; BS2014: digling/cddb Baxter2014/raw/D_ocbs.tsv
令,True,發號也。从亼、卪。,力正切,苓,365,聲,卷耳也。从艸令聲。,郎丁切,leng,來開四青平,identical_fanqie,ljeng,,not_in_bs,*riŋ,mc_match,NA,,说文: shuowenjiezi/shuowen; 广韵: tshet-uinh 0.15.1; BS2014: digling/cddb Baxter2014/raw/D_ocbs.tsv
令,True,發號也。从亼、卪。,力正切,齡,1321,聲,年也。从齒令聲。,郎丁切,leng,來開四青平,identical_fanqie,ljeng,,not_in_bs,*riŋ,mc_match,NA,,说文: shuowenjiezi/shuowen; 广韵: tshet-uinh 0.15.1; BS2014: digling/cddb Baxter2014/raw/D_ocbs.tsv
令,True,發號也。从亼、卪。,力正切,翎,2268,聲,羽也。从羽令聲。,郎丁切,leng,來開四青平,identical_fanqie,ljeng,,not_in_bs,*riŋ,mc_match,NA,,说文: shuowenjiezi/shuowen; 广韵: tshet-uinh 0.15.1; BS2014: digling/cddb Baxter2014/raw/D_ocbs.tsv
令,True,發號也。从亼、卪。,力正切,笭,2957,聲,車笭也。从竹令聲。一曰笭，籯也。,郎丁切,leng,來開四青平,identical_fanqie,ljeng,,not_in_bs,*riŋ,mc_match,NA,,说文: shuowenjiezi/shuowen; 广韵: tshet-uinh 0.15.1; BS2014: digling/cddb Baxter2014/raw/D_ocbs.tsv
令,True,發號也。从亼、卪。,力正切,柃,3679,聲,木也。从木令聲。,郎丁切,leng,來開四青平,identical_fanqie,ljeng,,not_in_bs,*riŋ,mc_match,NA,,说文: shuowenjiezi/shuowen; 广韵: tshet-uinh 0.15.1; BS2014: digling/cddb Baxter2014/raw/D_ocbs.tsv
令,True,發號也。从亼、卪。,力正切,囹,3908,聲,獄也。从囗令聲。,郎丁切,leng,來開四青平,identical_fanqie,ljeng,,not_in_bs,*riŋ,mc_match,NA,,说文: shuowenjiezi/shuowen; 广韵: tshet-uinh 0.15.1; BS2014: digling/cddb Baxter2014/raw/D_ocbs.tsv
令,True,發號也。从亼、卪。,力正切,伶,5078,聲,弄也。从人令聲。益州有建伶縣。,郎丁切,leng,來開四青平,identical_fanqie,ljeng,,not_in_bs,*riŋ,mc_match,NA,,说文: shuowenjiezi/shuowen; 广韵: tshet-uinh 0.15.1; BS2014: digling/cddb Baxter2014/raw/D_ocbs.tsv
令,True,發號也。从亼、卪。,力正切,領,5591,聲,項也。从頁令聲。,良郢切,ljengX,來開三清上,identical_fanqie,ljeng,*[r]eŋʔ,mc_match,*riŋ,mc_match,V,"v,suf;uncertain",说文: shuowenjiezi/shuowen; 广韵: tshet-uinh 0.15.1; BS2014: digling/cddb Baxter2014/raw/D_ocbs.tsv
令,True,發號也。从亼、卪。,力正切,泠,7001,聲,水。出丹陽宛陵，西北入江。从水令聲。,郎丁切,leng,來開四青平,identical_fanqie,ljeng,,not_in_bs,*riŋ,mc_match,NA,,说文: shuowenjiezi/shuowen; 广韵: tshet-uinh 0.15.1; BS2014: digling/cddb Baxter2014/raw/D_ocbs.tsv
令,True,發號也。从亼、卪。,力正切,冷,7481,聲,寒也。从仌令聲。,魯打切,laengX,來開二庚上,identical_fanqie,ljeng,,not_in_bs,*riŋ,mc_match,NA,,说文: shuowenjiezi/shuowen; 广韵: tshet-uinh 0.15.1; BS2014: digling/cddb Baxter2014/raw/D_ocbs.tsv
令,True,發號也。从亼、卪。,力正切,零,7500,聲,餘雨也。从雨令聲。,郎丁切,leng,來開四青平,identical_fanqie,ljeng,*[r]ˤiŋ,mc_match,*riŋ,mc_match,R,phar;uncertain,说文: shuowenjiezi/shuowen; 广韵: tshet-uinh 0.15.1; BS2014: digling/cddb Baxter2014/raw/D_ocbs.tsv
令,True,發號也。从亼、卪。,力正切,魿,7625,聲,蟲連行紆行者。从魚令聲。,郎丁切,leng,來開四青平,identical_fanqie,ljeng,,not_in_bs,*riŋ,mc_match,NA,,说文: shuowenjiezi/shuowen; 广韵: tshet-uinh 0.15.1; BS2014: digling/cddb Baxter2014/raw/D_ocbs.tsv
令,True,發號也。从亼、卪。,力正切,聆,7766,聲,聽也。从耳令聲。,郎丁切,leng,來開四青平,identical_fanqie,ljeng,,not_in_bs,*riŋ,mc_match,NA,,说文: shuowenjiezi/shuowen; 广韵: tshet-uinh 0.15.1; BS2014: digling/cddb Baxter2014/raw/D_ocbs.tsv
令,True,發號也。从亼、卪。,力正切,瓴,8421,聲,瓮，似瓶也。从瓦令聲。,郎丁切,leng,來開四青平,identical_fanqie,ljeng,,not_in_bs,*riŋ,mc_match,NA,,说文: shuowenjiezi/shuowen; 广韵: tshet-uinh 0.15.1; BS2014: digling/cddb Baxter2014/raw/D_ocbs.tsv
令,True,發號也。从亼、卪。,力正切,蛉,8831,聲,蜻蛉也。从虫令聲。一名桑桹。,郎丁切,leng,來開四青平,identical_fanqie,ljeng,,not_in_bs,*riŋ,mc_match,NA,,说文: shuowenjiezi/shuowen; 广韵: tshet-uinh 0.15.1; BS2014: digling/cddb Baxter2014/raw/D_ocbs.tsv
令,True,發號也。从亼、卪。,力正切,軨,9491,聲,車轖閒橫木。从車令聲。,郎丁切,leng,來開四青平,identical_fanqie,ljeng,,not_in_bs,*riŋ,mc_match,NA,,说文: shuowenjiezi/shuowen; 广韵: tshet-uinh 0.15.1; BS2014: digling/cddb Baxter2014/raw/D_ocbs.tsv
兀,True,高而上平也。从一在人上。讀若敻。茂陵有兀桑里。,五忽切,阢,9615,亦聲,石山戴土也。从𨸏从兀，兀亦聲。,五忽切,,,none,ngwot,,not_in_bs,*[ŋ]ˤut,mc_match,NA,,说文: shuowenjiezi/shuowen; 广韵: tshet-uinh 0.15.1; BS2014: digling/cddb Baxter2014/raw/D_ocbs.tsv
兀,True,高而上平也。从一在人上。讀若敻。茂陵有兀桑里。,五忽切,髡,5732,聲,𩮜髮也。从髟兀聲。,苦昆切,khwon,溪合一魂平,identical_fanqie,ngwot,,not_in_bs,*[ŋ]ˤut,mc_match,NA,,说文: shuowenjiezi/shuowen; 广韵: tshet-uinh 0.15.1; BS2014: digling/cddb Baxter2014/raw/D_ocbs.tsv
兀,True,高而上平也。从一在人上。讀若敻。茂陵有兀桑里。,五忽切,扤,8000,聲,動也。从手兀聲。,五忽切,ngwot,疑合一魂入,identical_fanqie,ngwot,,not_in_bs,*[ŋ]ˤut,mc_match,NA,,说文: shuowenjiezi/shuowen; 广韵: tshet-uinh 0.15.1; BS2014: digling/cddb Baxter2014/raw/D_ocbs.tsv
兀,True,高而上平也。从一在人上。讀若敻。茂陵有兀桑里。,五忽切,虺,8757,聲,虺以注鳴。《詩》曰：“胡爲纵蜥。”从虫兀聲。,許偉切,xjw+jX,曉合三C微上,identical_fanqie,ngwot,*r̥u[j]ʔ,mc_match,*[ŋ]ˤut,mc_match,C,"ini,phar,coda,suf;uncertain",说文: shuowenjiezi/shuowen; 广韵: tshet-uinh 0.15.1; BS2014: digling/cddb Baxter2014/raw/D_ocbs.tsv
元,True,始也。从一从兀。,愚袁切,冠,4776,亦聲,絭也。所以絭髮，弁冕之緫名也。从冂从元，元亦聲。冠有法制，从寸。,古丸切,kwan,見合一寒平,identical_fanqie,ngjwon,*[k.ʔ]ˤor,mc_match,*[ŋ]o[r],mc_match,O,"pre,ini,phar;uncertain",说文: shuowenjiezi/shuowen; 广韵: tshet-uinh 0.15.1; BS2014: digling/cddb Baxter2014/raw/D_ocbs.tsv
元,True,始也。从一从兀。,愚袁切,玩,149,聲,弄也。从玉元聲。,五換切,ngwanH,疑合一寒去,identical_fanqie,ngjwon,*[ŋ]ˤo[n]-s,mc_match,*[ŋ]o[r],mc_match,C,"phar,coda,suf;uncertain",说文: shuowenjiezi/shuowen; 广韵: tshet-uinh 0.15.1; BS2014: digling/cddb Baxter2014/raw/D_ocbs.tsv
元,True,始也。从一从兀。,愚袁切,芫,465,聲,魚毒也。从艸元聲。,愚袁切,ngjwon,疑合三C元平,identical_fanqie,ngjwon,,not_in_bs,*[ŋ]o[r],mc_match,NA,,说文: shuowenjiezi/shuowen; 广韵: tshet-uinh 0.15.1; BS2014: digling/cddb Baxter2014/raw/D_ocbs.tsv
元,True,始也。从一从兀。,愚袁切,翫,2232,聲,習猒也。从習元聲。《春秋傳》曰：“翫歲而愒日。”,五換切,ngwanH,疑合一寒去,identical_fanqie,ngjwon,*[ŋ]ˤo[n]-s,mc_match,*[ŋ]o[r],mc_match,C,"phar,coda,suf;uncertain",说文: shuowenjiezi/shuowen; 广韵: tshet-uinh 0.15.1; BS2014: digling/cddb Baxter2014/raw/D_ocbs.tsv
元,True,始也。从一从兀。,愚袁切,刓,2782,聲,剸也。从刀元聲。一曰齊也。,五丸切,ngwan,疑合一寒平,identical_fanqie,ngjwon,,not_in_bs,*[ŋ]o[r],mc_match,NA,,说文: shuowenjiezi/shuowen; 广韵: tshet-uinh 0.15.1; BS2014: digling/cddb Baxter2014/raw/D_ocbs.tsv
元,True,始也。从一从兀。,愚袁切,邧,4109,聲,鄭邑也。从邑元聲。,虞遠切,ngjwonX,疑合三C元上,identical_fanqie,ngjwon,,not_in_bs,*[ŋ]o[r],mc_match,NA,,说文: shuowenjiezi/shuowen; 广韵: tshet-uinh 0.15.1; BS2014: digling/cddb Baxter2014/raw/D_ocbs.tsv
元,True,始也。从一从兀。,愚袁切,完,4564,聲,全也。从宀元聲。古文以爲寬字。,胡官切,hwan,匣合一寒平,identical_fanqie,ngjwon,*[ɢ]ˤo[n],mc_match,*[ŋ]o[r],mc_match,C,"ini,phar,coda;uncertain",说文: shuowenjiezi/shuowen; 广韵: tshet-uinh 0.15.1; BS2014: digling/cddb Baxter2014/raw/D_ocbs.tsv
元,True,始也。从一从兀。,愚袁切,頑,5613,聲,㮯頭也。从頁元聲。,五還切,ngwaen,疑合二刪平,identical_fanqie,ngjwon,,not_in_bs,*[ŋ]o[r],mc_match,NA,,说文: shuowenjiezi/shuowen; 广韵: tshet-uinh 0.15.1; BS2014: digling/cddb Baxter2014/raw/D_ocbs.tsv
元,True,始也。从一从兀。,愚袁切,忨,6824,聲,貪也。从心元聲。《春秋傳》曰：“忨歲而㵣日。”,五換切,ngwanH,疑合一寒去,identical_fanqie,ngjwon,,not_in_bs,*[ŋ]o[r],mc_match,NA,,说文: shuowenjiezi/shuowen; 广韵: tshet-uinh 0.15.1; BS2014: digling/cddb Baxter2014/raw/D_ocbs.tsv
元,True,始也。从一从兀。,愚袁切,沅,6966,聲,水。出牂牁故且蘭，東北入江。从水元聲。,愚袁切,ngjwon,疑合三C元平,identical_fanqie,ngjwon,,not_in_bs,*[ŋ]o[r],mc_match,NA,,说文: shuowenjiezi/shuowen; 广韵: tshet-uinh 0.15.1; BS2014: digling/cddb Baxter2014/raw/D_ocbs.tsv
元,True,始也。从一从兀。,愚袁切,蚖,8761,聲,榮蚖，蛇醫，以注鳴者。从虫元聲。,愚袁切,ngjwon,疑合三C元平,identical_fanqie,ngjwon,,not_in_bs,*[ŋ]o[r],mc_match,NA,,说文: shuowenjiezi/shuowen; 广韵: tshet-uinh 0.15.1; BS2014: digling/cddb Baxter2014/raw/D_ocbs.tsv
元,True,始也。从一从兀。,愚袁切,黿,8954,聲,大鼈也。从𪓑元聲。,愚袁切,ngjwon,疑合三C元平,identical_fanqie,ngjwon,,not_in_bs,*[ŋ]o[r],mc_match,NA,,说文: shuowenjiezi/shuowen; 广韵: tshet-uinh 0.15.1; BS2014: digling/cddb Baxter2014/raw/D_ocbs.tsv
元,True,始也。从一从兀。,愚袁切,䡇,9513,聲,車轅耑持衡者。从車元聲。,魚厥切,,,none,ngjwon,,not_in_bs,*[ŋ]o[r],mc_match,NA,,说文: shuowenjiezi/shuowen; 广韵: tshet-uinh 0.15.1; BS2014: digling/cddb Baxter2014/raw/D_ocbs.tsv
元,True,始也。从一从兀。,愚袁切,阮,9632,聲,代郡五阮關也。从𨸏元聲。,虞遠切,ngjwonX,疑合三C元上,identical_fanqie,ngjwon,,not_in_bs,*[ŋ]o[r],mc_match,NA,,说文: shuowenjiezi/shuowen; 广韵: tshet-uinh 0.15.1; BS2014: digling/cddb Baxter2014/raw/D_ocbs.tsv
先,True,前進也。从儿从之。凡先之屬皆从先。,穌前切,詵,1477,亦聲,致言也。从言从先，先亦聲。《詩》曰：“螽斯羽詵詵兮。”,所臻切,srin,生開三臻平,identical_fanqie,sen,*srər,mc_match,*sˤər,mc_match,R,"phar,med",说文: shuowenjiezi/shuowen; 广韵: tshet-uinh 0.15.1; BS2014: digling/cddb Baxter2014/raw/D_ocbs.tsv
先,True,前進也。从儿从之。凡先之屬皆从先。,穌前切,跣,1396,聲,足親地也。从足先聲。,穌典切,senX,心開四先上,initial+rhyme+tone,sen,,not_in_bs,*sˤər,mc_match,NA,,说文: shuowenjiezi/shuowen; 广韵: tshet-uinh 0.15.1; BS2014: digling/cddb Baxter2014/raw/D_ocbs.tsv
先,True,前進也。从儿从之。凡先之屬皆从先。,穌前切,侁,5038,聲,行皃。从人先聲。,所臻切,srin,生開三臻平,identical_fanqie,sen,,not_in_bs,*sˤər,mc_match,NA,,说文: shuowenjiezi/shuowen; 广韵: tshet-uinh 0.15.1; BS2014: digling/cddb Baxter2014/raw/D_ocbs.tsv
先,True,前進也。从儿从之。凡先之屬皆从先。,穌前切,毨,5364,聲,仲秋，鳥獸毛盛，可選取以爲器用。从毛先聲。讀若選。,穌典切,senX,心開四先上,initial+rhyme+tone,sen,,not_in_bs,*sˤər,mc_match,NA,,说文: shuowenjiezi/shuowen; 广韵: tshet-uinh 0.15.1; BS2014: digling/cddb Baxter2014/raw/D_ocbs.tsv
先,True,前進也。从儿从之。凡先之屬皆从先。,穌前切,駪,6209,聲,馬眾多皃。从馬先聲。,所臻切,srin,生開三臻平,identical_fanqie,sen,,not_in_bs,*sˤər,mc_match,NA,,说文: shuowenjiezi/shuowen; 广韵: tshet-uinh 0.15.1; BS2014: digling/cddb Baxter2014/raw/D_ocbs.tsv
先,True,前進也。从儿从之。凡先之屬皆从先。,穌前切,㤅,6745,聲,惠也。从心先聲。,烏代切,'ojH,影開一咍去,identical_fanqie,sen,,not_in_bs,*sˤər,mc_match,NA,,说文: shuowenjiezi/shuowen; 广韵: tshet-uinh 0.15.1; BS2014: digling/cddb Baxter2014/raw/D_ocbs.tsv
先,True,前進也。从儿从之。凡先之屬皆从先。,穌前切,洗,7377,聲,洒足也。从水先聲。,穌典切,senX,心開四先上,initial+rhyme+tone,sen,*sˤərʔ,mc_match,*sˤər,mc_match,R,suf,说文: shuowenjiezi/shuowen; 广韵: tshet-uinh 0.15.1; BS2014: digling/cddb Baxter2014/raw/D_ocbs.tsv
先,True,前進也。从儿从之。凡先之屬皆从先。,穌前切,姺,8078,聲,殷諸侯爲亂，疑姓也。从女先聲。《春秋傳》曰：“商有姺邳。”,所臻切,srin,生開三臻平,identical_fanqie,sen,*[s]ˤərʔ,single_reading,*sˤər,mc_match,R,suf;uncertain,说文: shuowenjiezi/shuowen; 广韵: tshet-uinh 0.15.1; BS2014: digling/cddb Baxter2014/raw/D_ocbs.tsv
先,True,前進也。从儿从之。凡先之屬皆从先。,穌前切,銑,9227,聲,金之澤者。一曰小鑿。一曰鐘兩角謂之銑。从金先聲。,穌典切,senX,心開四先上,initial+rhyme+tone,sen,,not_in_bs,*sˤər,mc_match,NA,,说文: shuowenjiezi/shuowen; 广韵: tshet-uinh 0.15.1; BS2014: digling/cddb Baxter2014/raw/D_ocbs.tsv
光,True,明也。从火在人上，光明意也。,古皇切,洸,7137,亦聲,水涌光也。从水从光，光亦聲。《詩》曰：“有洸有潰。”,古黃切,kwang,見合一唐平,identical_fanqie,kwang,,not_in_bs,*kʷˤaŋ,mc_match,NA,,说文: shuowenjiezi/shuowen; 广韵: tshet-uinh 0.15.1; BS2014: digling/cddb Baxter2014/raw/D_ocbs.tsv
光,True,明也。从火在人上，光明意也。,古皇切,桄,3779,聲,充也。从木光聲。,古曠切,kwangH,見合一唐去,identical_fanqie,kwang,,not_in_bs,*kʷˤaŋ,mc_match,NA,,说文: shuowenjiezi/shuowen; 广韵: tshet-uinh 0.15.1; BS2014: digling/cddb Baxter2014/raw/D_ocbs.tsv
光,True,明也。从火在人上，光明意也。,古皇切,晄,4181,聲,明也。从日光聲。,胡廣切,,,none,kwang,,not_in_bs,*kʷˤaŋ,mc_match,NA,,说文: shuowenjiezi/shuowen; 广韵: tshet-uinh 0.15.1; BS2014: digling/cddb Baxter2014/raw/D_ocbs.tsv
光,True,明也。从火在人上，光明意也。,古皇切,侊,5103,聲,小皃。从人光聲。《春秋國語》曰：“侊飯不及一食。”,古橫切,kwaeng,見合二庚平,identical_fanqie,kwang,,not_in_bs,*kʷˤaŋ,mc_match,NA,,说文: shuowenjiezi/shuowen; 广韵: tshet-uinh 0.15.1; BS2014: digling/cddb Baxter2014/raw/D_ocbs.tsv
光,True,明也。从火在人上，光明意也。,古皇切,駫,6151,聲,馬盛肥也。从馬光聲。《詩》曰：“四牡駫駫。”,古熒切,kweng,見合四青平,initial+rhyme+tone,kwang,,not_in_bs,*kʷˤaŋ,mc_match,NA,,说文: shuowenjiezi/shuowen; 广韵: tshet-uinh 0.15.1; BS2014: digling/cddb Baxter2014/raw/D_ocbs.tsv
兩,True,二十四銖爲一兩。从一；㒳，平分，亦聲。,良奬切,緉,8710,亦聲,履兩枚也。一曰絞也。从糸从兩，兩亦聲。,力讓切,ljangH,來開三陽去,identical_fanqie,ljangX,,not_in_bs,*p.raŋʔ,mc_match,NA,,说文: shuowenjiezi/shuowen; 广韵: tshet-uinh 0.15.1; BS2014: digling/cddb Baxter2014/raw/D_ocbs.tsv
兩,True,二十四銖爲一兩。从一；㒳，平分，亦聲。,良奬切,脼,2677,聲,膎肉也。从肉兩聲。,良獎切,ljangX,來開三陽上,initial+rhyme+tone,ljangX,,not_in_bs,*p.raŋʔ,mc_match,NA,,说文: shuowenjiezi/shuowen; 广韵: tshet-uinh 0.15.1; BS2014: digling/cddb Baxter2014/raw/D_ocbs.tsv
兩,True,二十四銖爲一兩。从一；㒳，平分，亦聲。,良奬切,蜽,8879,聲,蛧蜽也。从虫兩聲。,良獎切,ljangX,來開三陽上,initial+rhyme+tone,ljangX,,not_in_bs,*p.raŋʔ,mc_match,NA,,说文: shuowenjiezi/shuowen; 广韵: tshet-uinh 0.15.1; BS2014: digling/cddb Baxter2014/raw/D_ocbs.tsv
八,True,別也。象分別相背之形。凡八之屬皆从八。,博拔切,𠔁,715,亦聲,分也。从重八。八，別也。亦聲。《孝經說》曰：“故上下有別。”,兵列切,,,none,peat,,not_in_bs,*pˤret,mc_match,NA,,说文: shuowenjiezi/shuowen; 广韵: tshet-uinh 0.15.1; BS2014: digling/cddb Baxter2014/raw/D_ocbs.tsv
八,True,別也。象分別相背之形。凡八之屬皆从八。,博拔切,𠔯,1747,亦聲,賦事也。从菐从八。八，分之也。八亦聲。讀若頒。一曰讀若非。,布還切,paen,幫二刪平,identical_fanqie,peat,,not_in_bs,*pˤret,mc_match,NA,,说文: shuowenjiezi/shuowen; 广韵: tshet-uinh 0.15.1; BS2014: digling/cddb Baxter2014/raw/D_ocbs.tsv
八,True,別也。象分別相背之形。凡八之屬皆从八。,博拔切,匹,8381,亦聲,四丈也。从八、匸。八揲一匹，八亦聲。,普吉切,phjit,滂三A真入,initial+rhyme+tone,peat,*pʰi[t],mc_match,*pˤret,mc_match,V,"ini,phar,med,v;uncertain",说文: shuowenjiezi/shuowen; 广韵: tshet-uinh 0.15.1; BS2014: digling/cddb Baxter2014/raw/D_ocbs.tsv
八,True,別也。象分別相背之形。凡八之屬皆从八。,博拔切,䏌,2637,聲,振䏌也。从肉八聲。,許訖切,,,none,peat,,not_in_bs,*pˤret,mc_match,NA,,说文: shuowenjiezi/shuowen; 广韵: tshet-uinh 0.15.1; BS2014: digling/cddb Baxter2014/raw/D_ocbs.tsv
八,True,別也。象分別相背之形。凡八之屬皆从八。,博拔切,穴,4612,聲,土室也。从宀八聲。凡穴之屬皆从穴。,胡決切,hwet,匣合四先入,identical_fanqie,peat,*[ɢ]ʷˤi[t],mc_match,*pˤret,mc_match,V,"ini,med,v;uncertain",说文: shuowenjiezi/shuowen; 广韵: tshet-uinh 0.15.1; BS2014: digling/cddb Baxter2014/raw/D_ocbs.tsv
八,True,別也。象分別相背之形。凡八之屬皆从八。,博拔切,汃,6949,聲,西極之水也。从水八聲。《爾雅》曰：“西至汃國，謂四極。”,府巾切,pin,幫三B真平,identical_fanqie,peat,,not_in_bs,*pˤret,mc_match,NA,,说文: shuowenjiezi/shuowen; 广韵: tshet-uinh 0.15.1; BS2014: digling/cddb Baxter2014/raw/D_ocbs.tsv
共,True,同也。从廿、廾。凡共之屬皆从共。,渠用切,拲,8042,亦聲,兩手同械也。从手从共，共亦聲。《周禮》：“上辠，梏拲而桎。”,居竦切,kjowngX,見三C鍾上,initial+rhyme+tone,gjowngH,*k(r)oŋʔ,mc_match,*N-k(r)oŋʔ-s,mc_match,R,"pre,suf;uncertain",说文: shuowenjiezi/shuowen; 广韵: tshet-uinh 0.15.1; BS2014: digling/cddb Baxter2014/raw/D_ocbs.tsv
共,True,同也。从廿、廾。凡共之屬皆从共。,渠用切,珙,220,聲,玉也。从玉共聲。,拘竦切,kjowngX,見三C鍾上,initial+rhyme+tone,gjowngH,,not_in_bs,*N-k(r)oŋʔ-s,mc_match,NA,,说文: shuowenjiezi/shuowen; 广韵: tshet-uinh 0.15.1; BS2014: digling/cddb Baxter2014/raw/D_ocbs.tsv
共,True,同也。从廿、廾。凡共之屬皆从共。,渠用切,鬨,1886,聲,鬭也。从鬥共聲。《孟子》曰：“鄒與魯鬨。”,下降切,haewngH,匣二江去,initial+rhyme+tone,gjowngH,*[g]ˤoŋ-s,single_reading,*N-k(r)oŋʔ-s,mc_match,O,"pre,ini,phar,med,suf;uncertain",说文: shuowenjiezi/shuowen; 广韵: tshet-uinh 0.15.1; BS2014: digling/cddb Baxter2014/raw/D_ocbs.tsv
共,True,同也。从廿、廾。凡共之屬皆从共。,渠用切,供,5003,聲,設也。从人共聲。一曰供給。,俱容切,kjowng,見三C鍾平,initial+rhyme+tone,gjowngH,*k<r>oŋ,mc_match,*N-k(r)oŋʔ-s,mc_match,R,"pre,suf;uncertain",说文: shuowenjiezi/shuowen; 广韵: tshet-uinh 0.15.1; BS2014: digling/cddb Baxter2014/raw/D_ocbs.tsv
共,True,同也。从廿、廾。凡共之屬皆从共。,渠用切,烘,6424,聲,尞也。从火共聲。《詩》曰：“卭烘于煁。”,呼東切,xuwng,曉一東平,identical_fanqie,gjowngH,,not_in_bs,*N-k(r)oŋʔ-s,mc_match,NA,,说文: shuowenjiezi/shuowen; 广韵: tshet-uinh 0.15.1; BS2014: digling/cddb Baxter2014/raw/D_ocbs.tsv
共,True,同也。从廿、廾。凡共之屬皆从共。,渠用切,恭,6708,聲,肅也。从心共聲。,俱容切,kjowng,見三C鍾平,initial+rhyme+tone,gjowngH,*k<r>oŋ,mc_match,*N-k(r)oŋʔ-s,mc_match,R,"pre,suf;uncertain",说文: shuowenjiezi/shuowen; 广韵: tshet-uinh 0.15.1; BS2014: digling/cddb Baxter2014/raw/D_ocbs.tsv
共,True,同也。从廿、廾。凡共之屬皆从共。,渠用切,㤨,6912,聲,戰慄也。从心共聲。,戶工切,kjowngX,見三C鍾上,no_match_first_reading,gjowngH,,not_in_bs,*N-k(r)oŋʔ-s,mc_match,NA,,说文: shuowenjiezi/shuowen; 广韵: tshet-uinh 0.15.1; BS2014: digling/cddb Baxter2014/raw/D_ocbs.tsv
共,True,同也。从廿、廾。凡共之屬皆从共。,渠用切,洪,7099,聲,洚水也。从水共聲。,戶工切,huwng,匣一東平,initial+rhyme+tone,gjowngH,,not_in_bs,*N-k(r)oŋʔ-s,mc_match,NA,,说文: shuowenjiezi/shuowen; 广韵: tshet-uinh 0.15.1; BS2014: digling/cddb Baxter2014/raw/D_ocbs.tsv
共,True,同也。从廿、廾。凡共之屬皆从共。,渠用切,拱,7802,聲,斂手也。从手共聲。,居竦切,kjowngX,見三C鍾上,initial+rhyme+tone,gjowngH,*k(r)oŋʔ,mc_match,*N-k(r)oŋʔ-s,mc_match,R,"pre,suf;uncertain",说文: shuowenjiezi/shuowen; 广韵: tshet-uinh 0.15.1; BS2014: digling/cddb Baxter2014/raw/D_ocbs.tsv
共,True,同也。从廿、廾。凡共之屬皆从共。,渠用切,輂,9554,聲,大車駕馬也。从車共聲。,居玉切,kjowk,見三C鍾入,identical_fanqie,gjowngH,,not_in_bs,*N-k(r)oŋʔ-s,mc_match,NA,,说文: shuowenjiezi/shuowen; 广韵: tshet-uinh 0.15.1; BS2014: digling/cddb Baxter2014/raw/D_ocbs.tsv
冄,True,毛冄冄也。象形。凡冄之屬皆从冄。,而𤥎切,䫇,5680,亦聲,頰須也。从須从冄，冄亦聲。,汝鹽切,,,none,,,not_in_bs,,not_in_bs,NA,,说文: shuowenjiezi/shuowen; 广韵: tshet-uinh 0.15.1; BS2014: digling/cddb Baxter2014/raw/D_ocbs.tsv
冄,True,毛冄冄也。象形。凡冄之屬皆从冄。,而𤥎切,𧧛,1625,聲,𧧛𧧛，多語也。从言冄聲。樂浪有𧧛邯縣。,汝閻切,,,none,,,not_in_bs,,not_in_bs,NA,,说文: shuowenjiezi/shuowen; 广韵: tshet-uinh 0.15.1; BS2014: digling/cddb Baxter2014/raw/D_ocbs.tsv
冄,True,毛冄冄也。象形。凡冄之屬皆从冄。,而𤥎切,枏,3404,聲,梅也。从木冄聲。,汝閻切,,,none,,,not_in_bs,,not_in_bs,NA,,说文: shuowenjiezi/shuowen; 广韵: tshet-uinh 0.15.1; BS2014: digling/cddb Baxter2014/raw/D_ocbs.tsv
冄,True,毛冄冄也。象形。凡冄之屬皆从冄。,而𤥎切,𨙻,4091,聲,西夷國。从邑冄聲。安定有朝𨙻縣。,諾何切,,,none,,,not_in_bs,,not_in_bs,NA,,说文: shuowenjiezi/shuowen; 广韵: tshet-uinh 0.15.1; BS2014: digling/cddb Baxter2014/raw/D_ocbs.tsv
冄,True,毛冄冄也。象形。凡冄之屬皆从冄。,而𤥎切,𤴿,4741,聲,皮剥也。从疒冄聲。,赤占切,,,none,,,not_in_bs,,not_in_bs,NA,,说文: shuowenjiezi/shuowen; 广韵: tshet-uinh 0.15.1; BS2014: digling/cddb Baxter2014/raw/D_ocbs.tsv
冄,True,毛冄冄也。象形。凡冄之屬皆从冄。,而𤥎切,𢪈,7829,聲,并持也。从手冄聲。,他含切,,,none,,,not_in_bs,,not_in_bs,NA,,说文: shuowenjiezi/shuowen; 广韵: tshet-uinh 0.15.1; BS2014: digling/cddb Baxter2014/raw/D_ocbs.tsv
冄,True,毛冄冄也。象形。凡冄之屬皆从冄。,而𤥎切,㚩,8166,聲,弱長皃。从女冄聲。,而琰切,,,none,,,not_in_bs,,not_in_bs,NA,,说文: shuowenjiezi/shuowen; 广韵: tshet-uinh 0.15.1; BS2014: digling/cddb Baxter2014/raw/D_ocbs.tsv
冄,True,毛冄冄也。象形。凡冄之屬皆从冄。,而𤥎切,蚦,8744,聲,大蛇。可食。从虫冄聲。,人占切,,,none,,,not_in_bs,,not_in_bs,NA,,说文: shuowenjiezi/shuowen; 广韵: tshet-uinh 0.15.1; BS2014: digling/cddb Baxter2014/raw/D_ocbs.tsv
冄,True,毛冄冄也。象形。凡冄之屬皆从冄。,而𤥎切,䶲,8951,聲,龜甲邊也。从龜冄聲。天子巨䶲，尺有二寸，諸矦尺，大夫八寸，士六寸。,没閻切,nyem,日開三鹽平,rhyme+tone_only,,,not_in_bs,,not_in_bs,NA,,说文: shuowenjiezi/shuowen; 广韵: tshet-uinh 0.15.1; BS2014: digling/cddb Baxter2014/raw/D_ocbs.tsv
内,True,入也。从口，自外而入也。,奴對切,汭,7109,亦聲,水相入也。从水从内，内亦聲。,而銳切,nywejH,日合三祭去,identical_fanqie,,,not_in_bs,,not_in_bs,NA,,说文: shuowenjiezi/shuowen; 广韵: tshet-uinh 0.15.1; BS2014: digling/cddb Baxter2014/raw/D_ocbs.tsv
内,True,入也。从口，自外而入也。,奴對切,芮,534,聲,芮芮，艸生皃。从艸内聲。讀若汭。,而銳切,nywejH,日合三祭去,identical_fanqie,,,not_in_bs,,not_in_bs,NA,,说文: shuowenjiezi/shuowen; 广韵: tshet-uinh 0.15.1; BS2014: digling/cddb Baxter2014/raw/D_ocbs.tsv
内,True,入也。从口，自外而入也。,奴對切,笍,2962,聲,羊車騶箠也。箸箴其耑，長半分。从竹内聲。,陟衞切,trjwejH,知合三祭去,initial_only,,,not_in_bs,,not_in_bs,NA,,说文: shuowenjiezi/shuowen; 广韵: tshet-uinh 0.15.1; BS2014: digling/cddb Baxter2014/raw/D_ocbs.tsv
内,True,入也。从口，自外而入也。,奴對切,肭,4297,聲,朔而月見東方謂之縮肭。从月内聲。,女六切,nrweat,孃合二山入,initial_only,,,not_in_bs,,not_in_bs,NA,,说文: shuowenjiezi/shuowen; 广韵: tshet-uinh 0.15.1; BS2014: digling/cddb Baxter2014/raw/D_ocbs.tsv
内,True,入也。从口，自外而入也。,奴對切,納,8502,聲,絲溼納納也。从糸内聲。,奴荅切,nop,泥開一覃入,identical_fanqie,,*nˤ[u]p,mc_match,,not_in_bs,NA,,说文: shuowenjiezi/shuowen; 广韵: tshet-uinh 0.15.1; BS2014: digling/cddb Baxter2014/raw/D_ocbs.tsv
内,True,入也。从口，自外而入也。,奴對切,軜,9518,聲,驂馬内轡繫軾前者。从車内聲。《詩》曰：“𣵽以𧥎軜。”,奴荅切,nop,泥開一覃入,identical_fanqie,,,not_in_bs,,not_in_bs,NA,,说文: shuowenjiezi/shuowen; 广韵: tshet-uinh 0.15.1; BS2014: digling/cddb Baxter2014/raw/D_ocbs.tsv
冊,True,符命也。諸矦進受於王也。象其札一長一短，中有二編之形。凡冊之屬皆从冊。,楚革切,𣆑,3028,亦聲,告也。从曰从冊，冊亦聲。,楚革切,,,none,tsrheak,,not_in_bs,,not_in_bs,NA,,说文: shuowenjiezi/shuowen; 广韵: tshet-uinh 0.15.1; BS2014: digling/cddb Baxter2014/raw/D_ocbs.tsv
冊,True,符命也。諸矦進受於王也。象其札一長一短，中有二編之形。凡冊之屬皆从冊。,楚革切,柵,3652,亦聲,編樹木也。从木从冊，冊亦聲。,楚革切,tsrheak,初開二耕入,identical_fanqie,tsrheak,,not_in_bs,,not_in_bs,NA,,说文: shuowenjiezi/shuowen; 广韵: tshet-uinh 0.15.1; BS2014: digling/cddb Baxter2014/raw/D_ocbs.tsv
冒,True,冡而前也。从冃从目。,莫報切,瑁,120,亦聲,諸侯執圭朝天子，天子執玉以冒之，似犂冠。《周禮》曰：“天子執瑁四寸。”从玉、冒，冒亦聲。,莫報切,mawH,明一豪去,identical_fanqie,mawH,,not_in_bs,*mˤuk-s,mc_match,NA,,说文: shuowenjiezi/shuowen; 广韵: tshet-uinh 0.15.1; BS2014: digling/cddb Baxter2014/raw/D_ocbs.tsv
冒,True,冡而前也。从冃从目。,莫報切,萺,666,聲,艸也。从艸冒聲。,莫報切,mjuwk,明三C東入,initial_only,mawH,,not_in_bs,*mˤuk-s,mc_match,NA,,说文: shuowenjiezi/shuowen; 广韵: tshet-uinh 0.15.1; BS2014: digling/cddb Baxter2014/raw/D_ocbs.tsv
冒,True,冡而前也。从冃从目。,莫報切,曼,1903,聲,引也。从又冒聲。,無販切,mjonH,明三C元去,identical_fanqie,mawH,*ma[n]-s,mc_match,*mˤuk-s,mc_match,C,"phar,v,coda;uncertain",说文: shuowenjiezi/shuowen; 广韵: tshet-uinh 0.15.1; BS2014: digling/cddb Baxter2014/raw/D_ocbs.tsv
冒,True,冡而前也。从冃从目。,莫報切,𥈆,2122,聲,低目視也。从目冒聲。《周書》曰：“武王惟𥈆。”,亡保切,mawH,明一豪去,initial_only,mawH,,not_in_bs,*mˤuk-s,mc_match,NA,,说文: shuowenjiezi/shuowen; 广韵: tshet-uinh 0.15.1; BS2014: digling/cddb Baxter2014/raw/D_ocbs.tsv
冒,True,冡而前也。从冃从目。,莫報切,𣔺,3644,聲,門樞之横梁。从木冒聲。,莫報切,mawH,明一豪去,identical_fanqie,mawH,,not_in_bs,*mˤuk-s,mc_match,NA,,说文: shuowenjiezi/shuowen; 广韵: tshet-uinh 0.15.1; BS2014: digling/cddb Baxter2014/raw/D_ocbs.tsv
冒,True,冡而前也。从冃从目。,莫報切,媢,8233,聲,夫妒婦也。从女冒聲。一曰相視也。,莫報切,mawH,明一豪去,identical_fanqie,mawH,*mˤuk-s,mc_match,*mˤuk-s,mc_match,I,,说文: shuowenjiezi/shuowen; 广韵: tshet-uinh 0.15.1; BS2014: digling/cddb Baxter2014/raw/D_ocbs.tsv
冒,True,冡而前也。从冃从目。,莫報切,勖,9180,聲,勉也。《周書》曰：“勖哉，夫子！”从力冒聲。,許玉切,xjowk,曉三C鍾入,identical_fanqie,mawH,,not_in_bs,*mˤuk-s,mc_match,NA,,说文: shuowenjiezi/shuowen; 广韵: tshet-uinh 0.15.1; BS2014: digling/cddb Baxter2014/raw/D_ocbs.tsv
冥,True,幽也。从日从六， 冖聲。日數十。十六日而月始虧幽也。凡冥之屬皆从冥。,莫經切,瞑,2169,亦聲,翕目也。从目、冥，冥亦聲。,武延切,men,明四先平,initial_only,meng,,not_in_bs,*mˤeŋ,mc_match,NA,,说文: shuowenjiezi/shuowen; 广韵: tshet-uinh 0.15.1; BS2014: digling/cddb Baxter2014/raw/D_ocbs.tsv
冥,True,幽也。从日从六， 冖聲。日數十。十六日而月始虧幽也。凡冥之屬皆从冥。,莫經切,螟,8763,亦聲,蟲食穀葉者。吏冥冥犯法卽生螟。从虫从冥，冥亦聲。,莫經切,meng,明四青平,identical_fanqie,meng,,not_in_bs,*mˤeŋ,mc_match,NA,,说文: shuowenjiezi/shuowen; 广韵: tshet-uinh 0.15.1; BS2014: digling/cddb Baxter2014/raw/D_ocbs.tsv
冥,True,幽也。从日从六， 冖聲。日數十。十六日而月始虧幽也。凡冥之屬皆从冥。,莫經切,蓂,455,聲,析蓂，大薺也。从艸冥聲。,莫歴切,meng,明四青平,initial_only,meng,,not_in_bs,*mˤeŋ,mc_match,NA,,说文: shuowenjiezi/shuowen; 广韵: tshet-uinh 0.15.1; BS2014: digling/cddb Baxter2014/raw/D_ocbs.tsv
冥,True,幽也。从日从六， 冖聲。日數十。十六日而月始虧幽也。凡冥之屬皆从冥。,莫經切,鄍,4034,聲,晉邑也。从邑冥聲。《春秋傳》曰：“伐鄍三門。”,莫經切,meng,明四青平,identical_fanqie,meng,*mˤeŋ,mc_match,*mˤeŋ,mc_match,I,,说文: shuowenjiezi/shuowen; 广韵: tshet-uinh 0.15.1; BS2014: digling/cddb Baxter2014/raw/D_ocbs.tsv
冥,True,幽也。从日从六， 冖聲。日數十。十六日而月始虧幽也。凡冥之屬皆从冥。,莫經切,幎,4853,聲,幔也。从巾冥聲。《周禮》有“幎人”。,莫狄切,mek,明四青入,identical_fanqie,meng,,not_in_bs,*mˤeŋ,mc_match,NA,,说文: shuowenjiezi/shuowen; 广韵: tshet-uinh 0.15.1; BS2014: digling/cddb Baxter2014/raw/D_ocbs.tsv
冥,True,幽也。从日从六， 冖聲。日數十。十六日而月始虧幽也。凡冥之屬皆从冥。,莫經切,覭,5466,聲,小見也。从見冥聲。《爾雅》曰：“覭髳，弗離。”,莫經切,meng,明四青平,identical_fanqie,meng,,not_in_bs,*mˤeŋ,mc_match,NA,,说文: shuowenjiezi/shuowen; 广韵: tshet-uinh 0.15.1; BS2014: digling/cddb Baxter2014/raw/D_ocbs.tsv
冥,True,幽也。从日从六， 冖聲。日數十。十六日而月始虧幽也。凡冥之屬皆从冥。,莫經切,汨,7005,省聲,長沙汨羅淵，屈原所沈之水。从水，冥省聲。,莫狄切,mek,明四青入,identical_fanqie,meng,*m.nˤik,mc_match,*mˤeŋ,mc_match,C,"pre,ini,v,coda",说文: shuowenjiezi/shuowen; 广韵: tshet-uinh 0.15.1; BS2014: digling/cddb Baxter2014/raw/D_ocbs.tsv
冥,True,幽也。从日从六， 冖聲。日數十。十六日而月始虧幽也。凡冥之屬皆从冥。,莫經切,溟,7266,聲,小雨溟溟也。从水冥聲。,莫經切,meng,明四青平,identical_fanqie,meng,,not_in_bs,*mˤeŋ,mc_match,NA,,说文: shuowenjiezi/shuowen; 广韵: tshet-uinh 0.15.1; BS2014: digling/cddb Baxter2014/raw/D_ocbs.tsv
冥,True,幽也。从日从六， 冖聲。日數十。十六日而月始虧幽也。凡冥之屬皆从冥。,莫經切,嫇,8169,聲,嬰嫇也。从女冥聲。一曰嫇嫇，小人皃。,莫經切,meng,明四青平,identical_fanqie,meng,,not_in_bs,*mˤeŋ,mc_match,NA,,说文: shuowenjiezi/shuowen; 广韵: tshet-uinh 0.15.1; BS2014: digling/cddb Baxter2014/raw/D_ocbs.tsv
冥,True,幽也。从日从六， 冖聲。日數十。十六日而月始虧幽也。凡冥之屬皆从冥。,莫經切,塓,9106,聲,塗也。从土冥聲。,莫狄切,mek,明四青入,identical_fanqie,meng,,not_in_bs,*mˤeŋ,mc_match,NA,,说文: shuowenjiezi/shuowen; 广韵: tshet-uinh 0.15.1; BS2014: digling/cddb Baxter2014/raw/D_ocbs.tsv
分,True,別也。从八从刀，刀以分別物也。,甫文切,㞣,237,亦聲,艸初生，其香分布。从屮从分，分亦聲。,撫文切,phjun,滂三C文平,identical_fanqie,pjun,,not_in_bs,*pə[n],mc_match,NA,,说文: shuowenjiezi/shuowen; 广韵: tshet-uinh 0.15.1; BS2014: digling/cddb Baxter2014/raw/D_ocbs.tsv
分,True,別也。从八从刀，刀以分別物也。,甫文切,釁,1782,亦聲,血祭也。象祭竈也。从爨省，从酉。酉，所以祭也。从分，分亦聲。,虚振切,xinH,曉開三B真去,rhyme+tone_only,pjun,*m̥rər-s,mc_match,*pə[n],mc_match,C,"ini,med,coda,suf;uncertain",说文: shuowenjiezi/shuowen; 广韵: tshet-uinh 0.15.1; BS2014: digling/cddb Baxter2014/raw/D_ocbs.tsv
分,True,別也。从八从刀，刀以分別物也。,甫文切,貧,3967,亦聲,財分少也。从貝从分，分亦聲。,符巾切,bin,並三B真平,identical_fanqie,pjun,*[b]rə[n],mc_match,*pə[n],mc_match,O,"ini,med;uncertain",说文: shuowenjiezi/shuowen; 广韵: tshet-uinh 0.15.1; BS2014: digling/cddb Baxter2014/raw/D_ocbs.tsv
分,True,別也。从八从刀，刀以分別物也。,甫文切,氛,225,聲,祥气也。从气分聲。,符分切,bjun,並三C文平,identical_fanqie,pjun,,not_in_bs,*pə[n],mc_match,NA,,说文: shuowenjiezi/shuowen; 广韵: tshet-uinh 0.15.1; BS2014: digling/cddb Baxter2014/raw/D_ocbs.tsv
分,True,別也。从八从刀，刀以分別物也。,甫文切,攽,2006,聲,分也。从攴分聲。《周書》曰：“乃惟孺子攽。”亦讀與彬同。,布還切,pin,幫三B真平,initial_only,pjun,,not_in_bs,*pə[n],mc_match,NA,,说文: shuowenjiezi/shuowen; 广韵: tshet-uinh 0.15.1; BS2014: digling/cddb Baxter2014/raw/D_ocbs.tsv
分,True,別也。从八从刀，刀以分別物也。,甫文切,盼,2105,聲,《詩》曰：“美目盼兮。”从目分聲。,匹莧切,pheanH,滂二山去,identical_fanqie,pjun,,not_in_bs,*pə[n],mc_match,NA,,说文: shuowenjiezi/shuowen; 广韵: tshet-uinh 0.15.1; BS2014: digling/cddb Baxter2014/raw/D_ocbs.tsv
分,True,別也。从八从刀，刀以分別物也。,甫文切,羒,2331,聲,牂羊也。从羊分聲。,符分切,bjun,並三C文平,identical_fanqie,pjun,,not_in_bs,*pə[n],mc_match,NA,,说文: shuowenjiezi/shuowen; 广韵: tshet-uinh 0.15.1; BS2014: digling/cddb Baxter2014/raw/D_ocbs.tsv
分,True,別也。从八从刀，刀以分別物也。,甫文切,𩿈,2473,聲,鳥聚皃。一曰飛皃。从鳥分聲。,府文切,,,none,pjun,,not_in_bs,*pə[n],mc_match,NA,,说文: shuowenjiezi/shuowen; 广韵: tshet-uinh 0.15.1; BS2014: digling/cddb Baxter2014/raw/D_ocbs.tsv
分,True,別也。从八从刀，刀以分別物也。,甫文切,盆,3132,聲,盎也。从皿分聲。,步奔切,bwon,並一魂平,initial+rhyme+tone,pjun,*[b]ˤə[n],mc_match,*pə[n],mc_match,O,"ini,phar;uncertain",说文: shuowenjiezi/shuowen; 广韵: tshet-uinh 0.15.1; BS2014: digling/cddb Baxter2014/raw/D_ocbs.tsv
分,True,別也。从八从刀，刀以分別物也。,甫文切,枌,3525,聲,榆也。从木分聲。,扶分切,bjun,並三C文平,initial+rhyme+tone,pjun,,not_in_bs,*pə[n],mc_match,NA,,说文: shuowenjiezi/shuowen; 广韵: tshet-uinh 0.15.1; BS2014: digling/cddb Baxter2014/raw/D_ocbs.tsv
分,True,別也。从八从刀，刀以分別物也。,甫文切,棼,3837,聲,複屋棟也。从林分聲。,符分切,bjun,並三C文平,identical_fanqie,pjun,,not_in_bs,*pə[n],mc_match,NA,,说文: shuowenjiezi/shuowen; 广韵: tshet-uinh 0.15.1; BS2014: digling/cddb Baxter2014/raw/D_ocbs.tsv
分,True,別也。从八从刀，刀以分別物也。,甫文切,邠,4003,聲,周太王國。在右扶風美陽。从邑分聲。,補巾切,pin,幫三B真平,initial+rhyme+tone,pjun,,not_in_bs,*pə[n],mc_match,NA,,说文: shuowenjiezi/shuowen; 广韵: tshet-uinh 0.15.1; BS2014: digling/cddb Baxter2014/raw/D_ocbs.tsv
分,True,別也。从八从刀，刀以分別物也。,甫文切,粉,4485,聲,傅面者也。从米分聲。,方吻切,pjunX,幫三C文上,identical_fanqie,pjun,*mə.pənʔ,mc_match,*pə[n],mc_match,R,"pre,suf;uncertain",说文: shuowenjiezi/shuowen; 广韵: tshet-uinh 0.15.1; BS2014: digling/cddb Baxter2014/raw/D_ocbs.tsv
分,True,別也。从八从刀，刀以分別物也。,甫文切,𢁥,4833,聲,楚謂大巾曰𢁥。从巾分聲。,撫文切,phjun,滂三C文平,identical_fanqie,pjun,,not_in_bs,*pə[n],mc_match,NA,,说文: shuowenjiezi/shuowen; 广韵: tshet-uinh 0.15.1; BS2014: digling/cddb Baxter2014/raw/D_ocbs.tsv
分,True,別也。从八从刀，刀以分別物也。,甫文切,份,4959,聲,文質僣也。从人分聲。《論語》曰：“文質份份。”,府巾切,pin,幫三B真平,identical_fanqie,pjun,,not_in_bs,*pə[n],mc_match,NA,,说文: shuowenjiezi/shuowen; 广韵: tshet-uinh 0.15.1; BS2014: digling/cddb Baxter2014/raw/D_ocbs.tsv
分,True,別也。从八从刀，刀以分別物也。,甫文切,衯,5287,聲,長衣皃。从衣分聲。,撫文切,phjun,滂三C文平,identical_fanqie,pjun,,not_in_bs,*pə[n],mc_match,NA,,说文: shuowenjiezi/shuowen; 广韵: tshet-uinh 0.15.1; BS2014: digling/cddb Baxter2014/raw/D_ocbs.tsv
分,True,別也。从八从刀，刀以分別物也。,甫文切,頒,5602,聲,大頭也。从頁分聲。一曰鬢也。《詩》曰：“有頒其首。”,布還切,paen,幫二刪平,identical_fanqie,pjun,*pˤ<r>ə[n],mc_match,*pə[n],mc_match,R,"phar,med;uncertain",说文: shuowenjiezi/shuowen; 广韵: tshet-uinh 0.15.1; BS2014: digling/cddb Baxter2014/raw/D_ocbs.tsv
分,True,別也。从八从刀，刀以分別物也。,甫文切,鼢,6362,聲,地行鼠，伯勞所作也。一曰偃鼠。从鼠分聲。,芳吻切,bjunX,並三C文上,rhyme+tone_only,pjun,,not_in_bs,*pə[n],mc_match,NA,,说文: shuowenjiezi/shuowen; 广韵: tshet-uinh 0.15.1; BS2014: digling/cddb Baxter2014/raw/D_ocbs.tsv
分,True,別也。从八从刀，刀以分別物也。,甫文切,忿,6838,聲,悁也。从心分聲。,𢾭粉切,phjunX,滂三C文上,rhyme+tone_only,pjun,,not_in_bs,*pə[n],mc_match,NA,,说文: shuowenjiezi/shuowen; 广韵: tshet-uinh 0.15.1; BS2014: digling/cddb Baxter2014/raw/D_ocbs.tsv
分,True,別也。从八从刀，刀以分別物也。,甫文切,汾,6985,聲,水。出太原晉陽山，西南入河。从水分聲。或曰出汾陽北山，冀州浸。,符分切,bjun,並三C文平,identical_fanqie,pjun,,not_in_bs,*pə[n],mc_match,NA,,说文: shuowenjiezi/shuowen; 广韵: tshet-uinh 0.15.1; BS2014: digling/cddb Baxter2014/raw/D_ocbs.tsv
分,True,別也。从八从刀，刀以分別物也。,甫文切,魵,7600,聲,魚名。出薉邪頭國。从魚分聲。,符分切,bjun,並三C文平,identical_fanqie,pjun,,not_in_bs,*pə[n],mc_match,NA,,说文: shuowenjiezi/shuowen; 广韵: tshet-uinh 0.15.1; BS2014: digling/cddb Baxter2014/raw/D_ocbs.tsv
分,True,別也。从八从刀，刀以分別物也。,甫文切,扮,7925,聲,握也。从手分聲。讀若粉。,房吻切,bjunX,並三C文上,identical_fanqie,pjun,,not_in_bs,*pə[n],mc_match,NA,,说文: shuowenjiezi/shuowen; 广韵: tshet-uinh 0.15.1; BS2014: digling/cddb Baxter2014/raw/D_ocbs.tsv
分,True,別也。从八从刀，刀以分別物也。,甫文切,紛,8666,聲,馬尾韜也。从糸分聲。,撫文切,phjun,滂三C文平,identical_fanqie,pjun,,not_in_bs,*pə[n],mc_match,NA,,说文: shuowenjiezi/shuowen; 广韵: tshet-uinh 0.15.1; BS2014: digling/cddb Baxter2014/raw/D_ocbs.tsv
分,True,別也。从八从刀，刀以分別物也。,甫文切,坋,9080,聲,塵也。从土分聲。一曰大防也。,房吻切,,,none,pjun,,not_in_bs,*pə[n],mc_match,NA,,说文: shuowenjiezi/shuowen; 广韵: tshet-uinh 0.15.1; BS2014: digling/cddb Baxter2014/raw/D_ocbs.tsv
勻,True,少也。从勹、二。,羊倫切,均,8983,亦聲,平徧也。从土从勻，勻亦聲。,居勻切,kjwin,見合三A真平,identical_fanqie,ywin,*C.qʷi[n],mc_match,,not_in_bs,NA,,说文: shuowenjiezi/shuowen; 广韵: tshet-uinh 0.15.1; BS2014: digling/cddb Baxter2014/raw/D_ocbs.tsv
勻,True,少也。从勹、二。,羊倫切,赹,1014,聲,獨行也。从走勻聲。讀若煢。,渠營切,gjwieng,羣合三A清平,identical_fanqie,ywin,,not_in_bs,,not_in_bs,NA,,说文: shuowenjiezi/shuowen; 广韵: tshet-uinh 0.15.1; BS2014: digling/cddb Baxter2014/raw/D_ocbs.tsv
勻,True,少也。从勹、二。,羊倫切,𢓈,1255,聲,行示也。从彳勻聲。《司馬法》：“斬以𢓈。”,詞閏切,zwinH,邪合三真去,initial+rhyme+tone,ywin,,not_in_bs,,not_in_bs,NA,,说文: shuowenjiezi/shuowen; 广韵: tshet-uinh 0.15.1; BS2014: digling/cddb Baxter2014/raw/D_ocbs.tsv
勻,True,少也。从勹、二。,羊倫切,訇,1630,省聲,騃言聲。从言，勻省聲。漢中西城有訇鄉。又讀若玄。,虎橫切,xweang,曉合二耕平,initial_only,ywin,,not_in_bs,,not_in_bs,NA,,说文: shuowenjiezi/shuowen; 广韵: tshet-uinh 0.15.1; BS2014: digling/cddb Baxter2014/raw/D_ocbs.tsv
勻,True,少也。从勹、二。,羊倫切,䀏,2146,省聲,目搖也。从目，勻省聲。,黃絢切,hwenH,匣合四先去,initial+rhyme+tone,ywin,,not_in_bs,,not_in_bs,NA,,说文: shuowenjiezi/shuowen; 广韵: tshet-uinh 0.15.1; BS2014: digling/cddb Baxter2014/raw/D_ocbs.tsv
勻,True,少也。从勹、二。,羊倫切,鈞,9331,聲,三十斤也。从金勻聲。,居勻切,kjwin,見合三A真平,identical_fanqie,ywin,*C.qʷi[n],mc_match,,not_in_bs,NA,,说文: shuowenjiezi/shuowen; 广韵: tshet-uinh 0.15.1; BS2014: digling/cddb Baxter2014/raw/D_ocbs.tsv
勻,True,少也。从勹、二。,羊倫切,𨟴,9789,聲,少少㱃也。从酉勻聲。,余刃切,,,none,ywin,,not_in_bs,,not_in_bs,NA,,说文: shuowenjiezi/shuowen; 广韵: tshet-uinh 0.15.1; BS2014: digling/cddb Baxter2014/raw/D_ocbs.tsv
匡,True,飲器，筥也。从匚㞷聲。,去王切,恇,6903,亦聲,怯也。从心、匡，匡亦聲。,去王切,khjwang,溪合三C陽平,identical_fanqie,khjwang,,not_in_bs,*k-pʰaŋ,mc_match,NA,,说文: shuowenjiezi/shuowen; 广韵: tshet-uinh 0.15.1; BS2014: digling/cddb Baxter2014/raw/D_ocbs.tsv
匡,True,飲器，筥也。从匚㞷聲。,去王切,邼,4041,聲,河東聞喜鄉。从邑匡聲。,去王切,khjwang,溪合三C陽平,identical_fanqie,khjwang,,not_in_bs,*k-pʰaŋ,mc_match,NA,,说文: shuowenjiezi/shuowen; 广韵: tshet-uinh 0.15.1; BS2014: digling/cddb Baxter2014/raw/D_ocbs.tsv
匡,True,飲器，筥也。从匚㞷聲。,去王切,洭,6997,聲,水。出桂陽縣盧聚，山洭浦關爲桂水。从水匡聲。,去王切,khjwang,溪合三C陽平,identical_fanqie,khjwang,,not_in_bs,*k-pʰaŋ,mc_match,NA,,说文: shuowenjiezi/shuowen; 广韵: tshet-uinh 0.15.1; BS2014: digling/cddb Baxter2014/raw/D_ocbs.tsv
匡,True,飲器，筥也。从匚㞷聲。,去王切,軭,9539,聲,車戾也。从車匡聲。,巨王切,gjwang,羣合三C陽平,identical_fanqie,khjwang,,not_in_bs,*k-pʰaŋ,mc_match,NA,,说文: shuowenjiezi/shuowen; 广韵: tshet-uinh 0.15.1; BS2014: digling/cddb Baxter2014/raw/D_ocbs.tsv
半,True,物中分也。从八从牛。牛爲物大，可以分也。凡半之屬皆从半。,博幔切,胖,725,亦聲,半體肉也。一曰廣肉。从半从肉，半亦聲。,普半切,phanH,滂一寒去,identical_fanqie,panH,,not_in_bs,*pˤan-s,mc_match,NA,,说文: shuowenjiezi/shuowen; 广韵: tshet-uinh 0.15.1; BS2014: digling/cddb Baxter2014/raw/D_ocbs.tsv
半,True,物中分也。从八从牛。牛爲物大，可以分也。凡半之屬皆从半。,博幔切,泮,7406,亦聲,諸矦鄉射之宮，西南爲水，東北爲牆。从水从半，半亦聲。,普半切,phanH,滂一寒去,identical_fanqie,panH,,not_in_bs,*pˤan-s,mc_match,NA,,说文: shuowenjiezi/shuowen; 广韵: tshet-uinh 0.15.1; BS2014: digling/cddb Baxter2014/raw/D_ocbs.tsv
半,True,物中分也。从八从牛。牛爲物大，可以分也。凡半之屬皆从半。,博幔切,㪵,9453,亦聲,量物分半也。从斗从半，半亦聲。,博幔切,panH,幫一寒去,initial+rhyme+tone,panH,,not_in_bs,*pˤan-s,mc_match,NA,,说文: shuowenjiezi/shuowen; 广韵: tshet-uinh 0.15.1; BS2014: digling/cddb Baxter2014/raw/D_ocbs.tsv
半,True,物中分也。从八从牛。牛爲物大，可以分也。凡半之屬皆从半。,博幔切,判,2757,聲,分也。从刀半聲。,普半切,phanH,滂一寒去,identical_fanqie,panH,*pʰˤan-s,mc_match,*pˤan-s,mc_match,O,ini,说文: shuowenjiezi/shuowen; 广韵: tshet-uinh 0.15.1; BS2014: digling/cddb Baxter2014/raw/D_ocbs.tsv
半,True,物中分也。从八从牛。牛爲物大，可以分也。凡半之屬皆从半。,博幔切,伴,4983,聲,大皃。从人半聲。,薄滿切,banX,並一寒上,initial+rhyme+tone,panH,*[C.b]ˤanʔ,mc_match,*pˤan-s,mc_match,O,"pre,ini,suf;uncertain",说文: shuowenjiezi/shuowen; 广韵: tshet-uinh 0.15.1; BS2014: digling/cddb Baxter2014/raw/D_ocbs.tsv
半,True,物中分也。从八从牛。牛爲物大，可以分也。凡半之屬皆从半。,博幔切,袢,5308,聲,無色也。从衣半聲。一曰《詩》曰：“是紲袢也。”讀若普。,博幔切,bjon,並三C元平,no_match_first_reading,panH,,not_in_bs,*pˤan-s,mc_match,NA,,说文: shuowenjiezi/shuowen; 广韵: tshet-uinh 0.15.1; BS2014: digling/cddb Baxter2014/raw/D_ocbs.tsv
半,True,物中分也。从八从牛。牛爲物大，可以分也。凡半之屬皆从半。,博幔切,姅,8299,聲,婦人汚也。从女半聲。漢律：“見姅變，不得侍祠。”,博幔切,panH,幫一寒去,initial+rhyme+tone,panH,,not_in_bs,*pˤan-s,mc_match,NA,,说文: shuowenjiezi/shuowen; 广韵: tshet-uinh 0.15.1; BS2014: digling/cddb Baxter2014/raw/D_ocbs.tsv
半,True,物中分也。从八从牛。牛爲物大，可以分也。凡半之屬皆从半。,博幔切,絆,8669,聲,馬縶也。从糸半聲。,博幔切,panH,幫一寒去,initial+rhyme+tone,panH,,not_in_bs,*pˤan-s,mc_match,NA,,说文: shuowenjiezi/shuowen; 广韵: tshet-uinh 0.15.1; BS2014: digling/cddb Baxter2014/raw/D_ocbs.tsv
半,True,物中分也。从八从牛。牛爲物大，可以分也。凡半之屬皆从半。,博幔切,畔,9139,聲,田界也。从田半聲。,薄半切,banH,並一寒去,identical_fanqie,panH,*m-pʰˤan-s,mc_match,*pˤan-s,mc_match,O,"pre,ini",说文: shuowenjiezi/shuowen; 广韵: tshet-uinh 0.15.1; BS2014: digling/cddb Baxter2014/raw/D_ocbs.tsv
卑,True,賤也。執事也。从𠂇、甲。,補移切,婢,8120,亦聲,女之卑者也。从女从卑，卑亦聲。,便俾切,bjieX,並三A支上,identical_fanqie,pjie,*[b]eʔ,mc_match,*pe,mc_match,O,"ini,suf;uncertain",说文: shuowenjiezi/shuowen; 广韵: tshet-uinh 0.15.1; BS2014: digling/cddb Baxter2014/raw/D_ocbs.tsv
卑,True,賤也。執事也。从𠂇、甲。,補移切,萆,604,聲,雨衣。一曰衰衣。从艸卑聲。一曰萆藨，似烏韭。,扶歴切,bjiek,並三A清入,initial_only,pjie,,not_in_bs,*pe,mc_match,NA,,说文: shuowenjiezi/shuowen; 广韵: tshet-uinh 0.15.1; BS2014: digling/cddb Baxter2014/raw/D_ocbs.tsv
卑,True,賤也。執事也。从𠂇、甲。,補移切,鞞,1805,聲,刀室也。从革卑聲。,并頂切,pengX,幫四青上,initial+rhyme+tone,pjie,,not_in_bs,*pe,mc_match,NA,,说文: shuowenjiezi/shuowen; 广韵: tshet-uinh 0.15.1; BS2014: digling/cddb Baxter2014/raw/D_ocbs.tsv
卑,True,賤也。執事也。从𠂇、甲。,補移切,㪏,2058,聲,毀也。从攴卑聲。,辟米切,pejX,幫四齊上,initial+rhyme+tone,pjie,,not_in_bs,*pe,mc_match,NA,,说文: shuowenjiezi/shuowen; 广韵: tshet-uinh 0.15.1; BS2014: digling/cddb Baxter2014/raw/D_ocbs.tsv
卑,True,賤也。執事也。从𠂇、甲。,補移切,𠕩,2558,聲,別也。从冎卑聲。讀若罷。,府移切,,,none,pjie,,not_in_bs,*pe,mc_match,NA,,说文: shuowenjiezi/shuowen; 广韵: tshet-uinh 0.15.1; BS2014: digling/cddb Baxter2014/raw/D_ocbs.tsv
卑,True,賤也。執事也。从𠂇、甲。,補移切,髀,2565,聲,股也。从骨卑聲。,并弭切,pjieX,幫三A支上,identical_fanqie,pjie,*peʔ,mc_match,*pe,mc_match,R,suf,说文: shuowenjiezi/shuowen; 广韵: tshet-uinh 0.15.1; BS2014: digling/cddb Baxter2014/raw/D_ocbs.tsv
卑,True,賤也。執事也。从𠂇、甲。,補移切,脾,2597,聲,土藏也。从肉卑聲。,符支切,bjie,並三A支平,identical_fanqie,pjie,*m-[p]e,mc_match,*pe,mc_match,R,pre;uncertain,说文: shuowenjiezi/shuowen; 广韵: tshet-uinh 0.15.1; BS2014: digling/cddb Baxter2014/raw/D_ocbs.tsv
卑,True,賤也。執事也。从𠂇、甲。,補移切,箄,2914,聲,簁箄也。从竹卑聲。,并弭切,pjieX,幫三A支上,identical_fanqie,pjie,,not_in_bs,*pe,mc_match,NA,,说文: shuowenjiezi/shuowen; 广韵: tshet-uinh 0.15.1; BS2014: digling/cddb Baxter2014/raw/D_ocbs.tsv
卑,True,賤也。執事也。从𠂇、甲。,補移切,鼙,3070,聲,騎鼓也。从鼓卑聲。,部迷切,bej,並四齊平,identical_fanqie,pjie,*[b]ˤe,mc_match,*pe,mc_match,O,"ini,phar;uncertain",说文: shuowenjiezi/shuowen; 广韵: tshet-uinh 0.15.1; BS2014: digling/cddb Baxter2014/raw/D_ocbs.tsv
卑,True,賤也。執事也。从𠂇、甲。,補移切,朇,3260,聲,益也。从會卑聲。,符支切,,,none,pjie,,not_in_bs,*pe,mc_match,NA,,说文: shuowenjiezi/shuowen; 广韵: tshet-uinh 0.15.1; BS2014: digling/cddb Baxter2014/raw/D_ocbs.tsv
卑,True,賤也。執事也。从𠂇、甲。,補移切,椑,3696,聲,圜榼也。从木卑聲。,部迷切,bej,並四齊平,identical_fanqie,pjie,,not_in_bs,*pe,mc_match,NA,,说文: shuowenjiezi/shuowen; 广韵: tshet-uinh 0.15.1; BS2014: digling/cddb Baxter2014/raw/D_ocbs.tsv
卑,True,賤也。執事也。从𠂇、甲。,補移切,郫,4083,聲,蜀縣也。从邑卑聲。,符支切,bjie,並三A支平,identical_fanqie,pjie,,not_in_bs,*pe,mc_match,NA,,说文: shuowenjiezi/shuowen; 广韵: tshet-uinh 0.15.1; BS2014: digling/cddb Baxter2014/raw/D_ocbs.tsv
卑,True,賤也。執事也。从𠂇、甲。,補移切,稗,4382,聲,禾別也。从禾卑聲。琅邪有稗縣。,㫄卦切,beaH,並二佳去,rhyme+tone_only,pjie,*C.[b]ˤre-s,mc_match,*pe,mc_match,O,"pre,ini,phar,med,suf;uncertain",说文: shuowenjiezi/shuowen; 广韵: tshet-uinh 0.15.1; BS2014: digling/cddb Baxter2014/raw/D_ocbs.tsv
卑,True,賤也。執事也。从𠂇、甲。,補移切,𪐄,4446,聲,黍屬。从黍卑聲。,并弭切,pjieX,幫三A支上,identical_fanqie,pjie,,not_in_bs,*pe,mc_match,NA,,说文: shuowenjiezi/shuowen; 广韵: tshet-uinh 0.15.1; BS2014: digling/cddb Baxter2014/raw/D_ocbs.tsv
卑,True,賤也。執事也。从𠂇、甲。,補移切,粺,4461,聲,毇也。从米卑聲。,㫄卦切,beaH,並二佳去,rhyme+tone_only,pjie,,not_in_bs,*pe,mc_match,NA,,说文: shuowenjiezi/shuowen; 广韵: tshet-uinh 0.15.1; BS2014: digling/cddb Baxter2014/raw/D_ocbs.tsv
卑,True,賤也。執事也。从𠂇、甲。,補移切,俾,5073,聲,益也。从人卑聲。一曰俾，門侍人。,并弭切,pjieX,幫三A支上,identical_fanqie,pjie,,not_in_bs,*pe,mc_match,NA,,说文: shuowenjiezi/shuowen; 广韵: tshet-uinh 0.15.1; BS2014: digling/cddb Baxter2014/raw/D_ocbs.tsv
卑,True,賤也。執事也。从𠂇、甲。,補移切,裨,5307,聲,接益也。从衣卑聲。,府移切,pjie,幫三A支平,identical_fanqie,pjie,,not_in_bs,*pe,mc_match,NA,,说文: shuowenjiezi/shuowen; 广韵: tshet-uinh 0.15.1; BS2014: digling/cddb Baxter2014/raw/D_ocbs.tsv
卑,True,賤也。執事也。从𠂇、甲。,補移切,䫌,5645,聲,傾首也。从頁卑聲。,匹米切,phejX,滂四齊上,identical_fanqie,pjie,,not_in_bs,*pe,mc_match,NA,,说文: shuowenjiezi/shuowen; 广韵: tshet-uinh 0.15.1; BS2014: digling/cddb Baxter2014/raw/D_ocbs.tsv
卑,True,賤也。執事也。从𠂇、甲。,補移切,𩔹,5681,聲,須髮半白也。从須卑聲。,府移切,pjie,幫三A支平,identical_fanqie,pjie,,not_in_bs,*pe,mc_match,NA,,说文: shuowenjiezi/shuowen; 广韵: tshet-uinh 0.15.1; BS2014: digling/cddb Baxter2014/raw/D_ocbs.tsv
卑,True,賤也。執事也。从𠂇、甲。,補移切,庳,5925,聲,中伏舍。从广卑聲。一曰屋庳。或讀若逋。,便俾切,bjieX,並三A支上,identical_fanqie,pjie,*N-peʔ,mc_match,*pe,mc_match,R,"pre,suf",说文: shuowenjiezi/shuowen; 广韵: tshet-uinh 0.15.1; BS2014: digling/cddb Baxter2014/raw/D_ocbs.tsv
卑,True,賤也。執事也。从𠂇、甲。,補移切,碑,5992,聲,豎石也。从石卑聲。,府眉切,pje,幫三B支平,initial_only,pjie,*pre,mc_match,*pe,mc_match,R,med,说文: shuowenjiezi/shuowen; 广韵: tshet-uinh 0.15.1; BS2014: digling/cddb Baxter2014/raw/D_ocbs.tsv
卑,True,賤也。執事也。从𠂇、甲。,補移切,猈,6280,聲,短脛狗。从犬卑聲。,薄蟹切,beaX,並二佳上,identical_fanqie,pjie,,not_in_bs,*pe,mc_match,NA,,说文: shuowenjiezi/shuowen; 广韵: tshet-uinh 0.15.1; BS2014: digling/cddb Baxter2014/raw/D_ocbs.tsv
卑,True,賤也。執事也。从𠂇、甲。,補移切,䇑,6661,聲,短人立䇑䇑皃。从立卑聲。,傍下切,baeX,並二麻上,identical_fanqie,pjie,,not_in_bs,*pe,mc_match,NA,,说文: shuowenjiezi/shuowen; 广韵: tshet-uinh 0.15.1; BS2014: digling/cddb Baxter2014/raw/D_ocbs.tsv
卑,True,賤也。執事也。从𠂇、甲。,補移切,顰,7439,聲,涉水顰蹙。从頻卑聲。,符眞切,bjin,並三A真平,initial_only,pjie,,not_in_bs,*pe,mc_match,NA,,说文: shuowenjiezi/shuowen; 广韵: tshet-uinh 0.15.1; BS2014: digling/cddb Baxter2014/raw/D_ocbs.tsv
卑,True,賤也。執事也。从𠂇、甲。,補移切,捭,8017,聲,兩手擊也。从手卑聲。,北買切,peaX,幫二佳上,identical_fanqie,pjie,,not_in_bs,*pe,mc_match,NA,,说文: shuowenjiezi/shuowen; 广韵: tshet-uinh 0.15.1; BS2014: digling/cddb Baxter2014/raw/D_ocbs.tsv
卑,True,賤也。執事也。从𠂇、甲。,補移切,㼰,8422,聲,罌謂之㼰。从瓦卑聲。,部迷切,bej,並四齊平,identical_fanqie,pjie,,not_in_bs,*pe,mc_match,NA,,说文: shuowenjiezi/shuowen; 广韵: tshet-uinh 0.15.1; BS2014: digling/cddb Baxter2014/raw/D_ocbs.tsv
卑,True,賤也。執事也。从𠂇、甲。,補移切,𧓎,8914,聲,𧓎蛸也。从䖵卑聲。,匹標切,bjie,並三A支平,no_match_first_reading,pjie,,not_in_bs,*pe,mc_match,NA,,说文: shuowenjiezi/shuowen; 广韵: tshet-uinh 0.15.1; BS2014: digling/cddb Baxter2014/raw/D_ocbs.tsv
卑,True,賤也。執事也。从𠂇、甲。,補移切,埤,9046,聲,增也。从土卑聲。,符支切,bjie,並三A支平,identical_fanqie,pjie,,not_in_bs,*pe,mc_match,NA,,说文: shuowenjiezi/shuowen; 广韵: tshet-uinh 0.15.1; BS2014: digling/cddb Baxter2014/raw/D_ocbs.tsv
卑,True,賤也。執事也。从𠂇、甲。,補移切,錍,9292,聲,鈭錍也。从金卑聲。,府移切,pjie,幫三A支平,identical_fanqie,pjie,,not_in_bs,*pe,mc_match,NA,,说文: shuowenjiezi/shuowen; 广韵: tshet-uinh 0.15.1; BS2014: digling/cddb Baxter2014/raw/D_ocbs.tsv
卑,True,賤也。執事也。从𠂇、甲。,補移切,陴,9653,聲,城上女牆俾倪也。从𨸏卑聲。,符支切,bjie,並三A支平,identical_fanqie,pjie,,not_in_bs,*pe,mc_match,NA,,说文: shuowenjiezi/shuowen; 广韵: tshet-uinh 0.15.1; BS2014: digling/cddb Baxter2014/raw/D_ocbs.tsv
卒,True,隸人給事者衣爲卒。卒，衣有題識者。,臧沒切,晬,4248,亦聲,周年也。从日、卒，卒亦聲。,子內切,tswojH,精合一灰去,initial+rhyme+tone,tswot,,not_in_bs,*[ts]ˤut,mc_match,NA,,说文: shuowenjiezi/shuowen; 广韵: tshet-uinh 0.15.1; BS2014: digling/cddb Baxter2014/raw/D_ocbs.tsv
卒,True,隸人給事者衣爲卒。卒，衣有題識者。,臧沒切,萃,541,聲,艸皃。从艸卒聲。讀若瘁。,秦醉切,dzwijH,從合三脂去,identical_fanqie,tswot,*[dz][u]p-s,mc_match,*[ts]ˤut,mc_match,C,"ini,phar,coda,suf;uncertain",说文: shuowenjiezi/shuowen; 广韵: tshet-uinh 0.15.1; BS2014: digling/cddb Baxter2014/raw/D_ocbs.tsv
卒,True,隸人給事者衣爲卒。卒，衣有題識者。,臧沒切,啐,910,聲,驚也。从口卒聲。,七外切,tshwojH,清合一灰去,initial_only,tswot,*[tsʰ]ˤu[t]-s,mc_match,*[ts]ˤut,mc_match,O,"ini,suf;uncertain",说文: shuowenjiezi/shuowen; 广韵: tshet-uinh 0.15.1; BS2014: digling/cddb Baxter2014/raw/D_ocbs.tsv
卒,True,隸人給事者衣爲卒。卒，衣有題識者。,臧沒切,𪘧,1302,聲,𪘧，齚也。从齒卒聲。,昨沒切,dzwot,從合一魂入,identical_fanqie,tswot,,not_in_bs,*[ts]ˤut,mc_match,NA,,说文: shuowenjiezi/shuowen; 广韵: tshet-uinh 0.15.1; BS2014: digling/cddb Baxter2014/raw/D_ocbs.tsv
卒,True,隸人給事者衣爲卒。卒，衣有題識者。,臧沒切,踤,1367,聲,觸也。从足卒聲。一曰駭也。一曰蒼踤。,昨沒切,dzwit,從合三真入,initial_only,tswot,,not_in_bs,*[ts]ˤut,mc_match,NA,,说文: shuowenjiezi/shuowen; 广韵: tshet-uinh 0.15.1; BS2014: digling/cddb Baxter2014/raw/D_ocbs.tsv
卒,True,隸人給事者衣爲卒。卒，衣有題識者。,臧沒切,誶,1689,聲,讓也。从言卒聲。《國語》曰：“誶申胥。”,雖遂切,swijH,心合三脂去,identical_fanqie,tswot,*s-tsu[t]-s,mc_match,*[ts]ˤut,mc_match,R,"pre,phar,suf;uncertain",说文: shuowenjiezi/shuowen; 广韵: tshet-uinh 0.15.1; BS2014: digling/cddb Baxter2014/raw/D_ocbs.tsv
卒,True,隸人給事者衣爲卒。卒，衣有題識者。,臧沒切,翠,2238,聲,青羽雀也。出鬱林。从羽卒聲。,七醉切,tshwijH,清合三脂去,identical_fanqie,tswot,,not_in_bs,*[ts]ˤut,mc_match,NA,,说文: shuowenjiezi/shuowen; 广韵: tshet-uinh 0.15.1; BS2014: digling/cddb Baxter2014/raw/D_ocbs.tsv
卒,True,隸人給事者衣爲卒。卒，衣有題識者。,臧沒切,𣨛,2525,聲,大夫死曰𣨛。从歺卒聲。,子聿切,tswit,精合三真入,identical_fanqie,tswot,,not_in_bs,*[ts]ˤut,mc_match,NA,,说文: shuowenjiezi/shuowen; 广韵: tshet-uinh 0.15.1; BS2014: digling/cddb Baxter2014/raw/D_ocbs.tsv
卒,True,隸人給事者衣爲卒。卒，衣有題識者。,臧沒切,粹,4482,聲,不雜也。从米卒聲。,雖遂切,swijH,心合三脂去,identical_fanqie,tswot,,not_in_bs,*[ts]ˤut,mc_match,NA,,说文: shuowenjiezi/shuowen; 广韵: tshet-uinh 0.15.1; BS2014: digling/cddb Baxter2014/raw/D_ocbs.tsv
卒,True,隸人給事者衣爲卒。卒，衣有題識者。,臧沒切,窣,4647,聲,从穴中卒出。从穴卒聲。,蘇骨切,swot,心合一魂入,identical_fanqie,tswot,,not_in_bs,*[ts]ˤut,mc_match,NA,,说文: shuowenjiezi/shuowen; 广韵: tshet-uinh 0.15.1; BS2014: digling/cddb Baxter2014/raw/D_ocbs.tsv
卒,True,隸人給事者衣爲卒。卒，衣有題識者。,臧沒切,倅,5173,聲,副也。从人卒聲。,七內切,tshwojH,清合一灰去,identical_fanqie,tswot,*[tsʰ]ˤu[t]-s,mc_match,*[ts]ˤut,mc_match,O,"ini,suf;uncertain",说文: shuowenjiezi/shuowen; 广韵: tshet-uinh 0.15.1; BS2014: digling/cddb Baxter2014/raw/D_ocbs.tsv
卒,True,隸人給事者衣爲卒。卒，衣有題識者。,臧沒切,顇,5657,聲,顦顇也。从頁卒聲。,秦醉切,dzwijH,從合三脂去,identical_fanqie,tswot,,not_in_bs,*[ts]ˤut,mc_match,NA,,说文: shuowenjiezi/shuowen; 广韵: tshet-uinh 0.15.1; BS2014: digling/cddb Baxter2014/raw/D_ocbs.tsv
卒,True,隸人給事者衣爲卒。卒，衣有題識者。,臧沒切,崒,5842,聲,崒，危高也。从山卒聲。,醉綏切,dzwit,從合三真入,no_match_first_reading,tswot,,not_in_bs,*[ts]ˤut,mc_match,NA,,说文: shuowenjiezi/shuowen; 广韵: tshet-uinh 0.15.1; BS2014: digling/cddb Baxter2014/raw/D_ocbs.tsv
卒,True,隸人給事者衣爲卒。卒，衣有題識者。,臧沒切,碎,6014,聲,䃺也。从石卒聲。,蘇對切,swojH,心合一灰去,initial+rhyme+tone,tswot,*[s-tsʰ]ˤu[t]-s,mc_match,*[ts]ˤut,mc_match,O,"pre,ini,suf;uncertain",说文: shuowenjiezi/shuowen; 广韵: tshet-uinh 0.15.1; BS2014: digling/cddb Baxter2014/raw/D_ocbs.tsv
卒,True,隸人給事者衣爲卒。卒，衣有題識者。,臧沒切,猝,6285,聲,犬从艸暴出逐人也。从犬卒聲。,麤没切,tshwot,清合一魂入,initial_only,tswot,,not_in_bs,*[ts]ˤut,mc_match,NA,,说文: shuowenjiezi/shuowen; 广韵: tshet-uinh 0.15.1; BS2014: digling/cddb Baxter2014/raw/D_ocbs.tsv
卒,True,隸人給事者衣爲卒。卒，衣有題識者。,臧沒切,焠,6447,聲,堅刀刃也。从火卒聲。,七內切,tshwojH,清合一灰去,identical_fanqie,tswot,*[tsʰ]ˤu[t]-s,mc_match,*[ts]ˤut,mc_match,O,"ini,suf;uncertain",说文: shuowenjiezi/shuowen; 广韵: tshet-uinh 0.15.1; BS2014: digling/cddb Baxter2014/raw/D_ocbs.tsv
卒,True,隸人給事者衣爲卒。卒，衣有題識者。,臧沒切,悴,6894,聲,憂也。从心卒聲。讀與《易》萃卦同。,秦醉切,dzwijH,從合三脂去,identical_fanqie,tswot,,not_in_bs,*[ts]ˤut,mc_match,NA,,说文: shuowenjiezi/shuowen; 广韵: tshet-uinh 0.15.1; BS2014: digling/cddb Baxter2014/raw/D_ocbs.tsv
卒,True,隸人給事者衣爲卒。卒，衣有題識者。,臧沒切,淬,7372,聲,滅火器也。从水卒聲。,七內切,tshwojH,清合一灰去,identical_fanqie,tswot,*[tsʰ]ˤu[t]-s,mc_match,*[ts]ˤut,mc_match,O,"ini,suf;uncertain",说文: shuowenjiezi/shuowen; 广韵: tshet-uinh 0.15.1; BS2014: digling/cddb Baxter2014/raw/D_ocbs.tsv
卒,True,隸人給事者衣爲卒。卒，衣有題識者。,臧沒切,捽,7867,聲,持頭髮也。从手卒聲。,昨没切,dzwit,從合三真入,initial_only,tswot,,not_in_bs,*[ts]ˤut,mc_match,NA,,说文: shuowenjiezi/shuowen; 广韵: tshet-uinh 0.15.1; BS2014: digling/cddb Baxter2014/raw/D_ocbs.tsv
卒,True,隸人給事者衣爲卒。卒，衣有題識者。,臧沒切,𤭢,8432,聲,破也。从瓦卒聲。,穌對切,swojH,心合一灰去,initial+rhyme+tone,tswot,,not_in_bs,*[ts]ˤut,mc_match,NA,,说文: shuowenjiezi/shuowen; 广韵: tshet-uinh 0.15.1; BS2014: digling/cddb Baxter2014/raw/D_ocbs.tsv
厂,True,山石之厓巖，人可居。象形。凡厂之屬皆从厂。,呼旱切,屵,5886,亦聲,岸高也。从山、厂，厂亦聲。凡屵之屬皆从屵。,五葛切,ngat,疑開一寒入,initial+rhyme+tone,xanX,,not_in_bs,*ŋ̊ˤarʔ,mc_match,NA,,说文: shuowenjiezi/shuowen; 广韵: tshet-uinh 0.15.1; BS2014: digling/cddb Baxter2014/raw/D_ocbs.tsv
厂,True,山石之厓巖，人可居。象形。凡厂之屬皆从厂。,呼旱切,雁,2293,聲,鳥也。从隹从人，厂聲。讀若鴈。,五晏切,ngaenH,疑開二刪去,identical_fanqie,xanX,*C.[ŋ]ˤrar-s,mc_match,*ŋ̊ˤarʔ,mc_match,O,"pre,ini,med,suf;uncertain",说文: shuowenjiezi/shuowen; 广韵: tshet-uinh 0.15.1; BS2014: digling/cddb Baxter2014/raw/D_ocbs.tsv
厂,True,山石之厓巖，人可居。象形。凡厂之屬皆从厂。,呼旱切,鴈,2413,聲,䳘也。从鳥、人，厂聲。,五晏切,ngaenH,疑開二刪去,identical_fanqie,xanX,*C.[ŋ]ˤrar-s,mc_match,*ŋ̊ˤarʔ,mc_match,O,"pre,ini,med,suf;uncertain",说文: shuowenjiezi/shuowen; 广韵: tshet-uinh 0.15.1; BS2014: digling/cddb Baxter2014/raw/D_ocbs.tsv
厂,True,山石之厓巖，人可居。象形。凡厂之屬皆从厂。,呼旱切,𠩗,5567,聲,歠也。从㳄厂聲。讀若移。,以支切,ye,以開三支平,initial+rhyme+tone,xanX,,not_in_bs,*ŋ̊ˤarʔ,mc_match,NA,,说文: shuowenjiezi/shuowen; 广韵: tshet-uinh 0.15.1; BS2014: digling/cddb Baxter2014/raw/D_ocbs.tsv
厂,True,山石之厓巖，人可居。象形。凡厂之屬皆从厂。,呼旱切,彥,5694,聲,美士有文，人所言也。从彣厂聲。,魚變切,ngjenH,疑開三B仙去,identical_fanqie,xanX,*ŋrar-s,mc_match,*ŋ̊ˤarʔ,mc_match,O,"ini,phar,med,suf",说文: shuowenjiezi/shuowen; 广韵: tshet-uinh 0.15.1; BS2014: digling/cddb Baxter2014/raw/D_ocbs.tsv
厂,True,山石之厓巖，人可居。象形。凡厂之屬皆从厂。,呼旱切,厄,5754,聲,科厄，木節也。从卪厂聲。賈侍中說，以爲厄，裹也。一曰厄，蓋也。,五果切,'eak,影開二耕入,no_match_first_reading,xanX,*qˤ<r>[i]k,mc_match,*ŋ̊ˤarʔ,mc_match,C,"ini,med,v,coda,suf;uncertain",说文: shuowenjiezi/shuowen; 广韵: tshet-uinh 0.15.1; BS2014: digling/cddb Baxter2014/raw/D_ocbs.tsv
厓,True,山邊也。从厂圭聲。,五佳切,涯,7434,亦聲,水邊也。从水从厓，厓亦聲。,魚羈切,ngje,疑開三B支平,identical_fanqie,ngea,*ŋˤrar,single_reading,*ŋˤrar,mc_match,I,,说文: shuowenjiezi/shuowen; 广韵: tshet-uinh 0.15.1; BS2014: digling/cddb Baxter2014/raw/D_ocbs.tsv
及,True,逮也。从又从人。,巨立切,汲,7378,亦聲,引水於井也。从水从及，及亦聲。,居立切,kip,見開三B侵入,identical_fanqie,gip,,not_in_bs,*[m-k-]rəp,mc_match,NA,,说文: shuowenjiezi/shuowen; 广韵: tshet-uinh 0.15.1; BS2014: digling/cddb Baxter2014/raw/D_ocbs.tsv
及,True,逮也。从又从人。,巨立切,芨,311,聲,堇艸也。从艸及聲。讀若急。,居立切,kip,見開三B侵入,identical_fanqie,gip,,not_in_bs,*[m-k-]rəp,mc_match,NA,,说文: shuowenjiezi/shuowen; 广韵: tshet-uinh 0.15.1; BS2014: digling/cddb Baxter2014/raw/D_ocbs.tsv
及,True,逮也。从又从人。,巨立切,吸,826,聲,内息也。从口及聲。,許及切,xip,曉開三B侵入,identical_fanqie,gip,*qʰ(r)əp,mc_match,*[m-k-]rəp,mc_match,O2,"pre,ini,med;uncertain",说文: shuowenjiezi/shuowen; 广韵: tshet-uinh 0.15.1; BS2014: digling/cddb Baxter2014/raw/D_ocbs.tsv
及,True,逮也。从又从人。,巨立切,彶,1233,聲,急行也。从彳及聲。,居立切,kip,見開三B侵入,identical_fanqie,gip,,not_in_bs,*[m-k-]rəp,mc_match,NA,,说文: shuowenjiezi/shuowen; 广韵: tshet-uinh 0.15.1; BS2014: digling/cddb Baxter2014/raw/D_ocbs.tsv
及,True,逮也。从又从人。,巨立切,趿,1376,聲,進足有所擷取也。从足及聲。《爾雅》曰：“趿謂之擷。”,稣合切,sop,心開一覃入,rhyme+tone_only,gip,,not_in_bs,*[m-k-]rəp,mc_match,NA,,说文: shuowenjiezi/shuowen; 广韵: tshet-uinh 0.15.1; BS2014: digling/cddb Baxter2014/raw/D_ocbs.tsv
及,True,逮也。从又从人。,巨立切,靸,1795,聲,小兒履也。从革及聲。讀若沓。,穌合切,sop,心開一覃入,initial+rhyme+tone,gip,,not_in_bs,*[m-k-]rəp,mc_match,NA,,说文: shuowenjiezi/shuowen; 广韵: tshet-uinh 0.15.1; BS2014: digling/cddb Baxter2014/raw/D_ocbs.tsv
及,True,逮也。从又从人。,巨立切,极,3758,聲,驢上負也。从木及聲。或讀若急。,其輒切,gjep,羣開三B鹽入,identical_fanqie,gip,,not_in_bs,*[m-k-]rəp,mc_match,NA,,说文: shuowenjiezi/shuowen; 广韵: tshet-uinh 0.15.1; BS2014: digling/cddb Baxter2014/raw/D_ocbs.tsv
及,True,逮也。从又从人。,巨立切,㽺,4759,聲,病劣也。从疒及聲。,呼合切,xop,曉開一覃入,identical_fanqie,gip,,not_in_bs,*[m-k-]rəp,mc_match,NA,,说文: shuowenjiezi/shuowen; 广韵: tshet-uinh 0.15.1; BS2014: digling/cddb Baxter2014/raw/D_ocbs.tsv
及,True,逮也。从又从人。,巨立切,㠷,4884,聲,蒲席𤲑也。从巾及聲。讀若蛤。,古沓切,kop,見開一覃入,identical_fanqie,gip,,not_in_bs,*[m-k-]rəp,mc_match,NA,,说文: shuowenjiezi/shuowen; 广韵: tshet-uinh 0.15.1; BS2014: digling/cddb Baxter2014/raw/D_ocbs.tsv
及,True,逮也。从又从人。,巨立切,伋,4941,聲,人名。从人及聲。,居立切,kip,見開三B侵入,identical_fanqie,gip,,not_in_bs,*[m-k-]rəp,mc_match,NA,,说文: shuowenjiezi/shuowen; 广韵: tshet-uinh 0.15.1; BS2014: digling/cddb Baxter2014/raw/D_ocbs.tsv
及,True,逮也。从又从人。,巨立切,岌,5874,聲,山高皃。从山及聲。,魚汲切,ngip,疑開三B侵入,initial+rhyme+tone,gip,,not_in_bs,*[m-k-]rəp,mc_match,NA,,说文: shuowenjiezi/shuowen; 广韵: tshet-uinh 0.15.1; BS2014: digling/cddb Baxter2014/raw/D_ocbs.tsv
及,True,逮也。从又从人。,巨立切,急,6775,聲,褊也。从心及聲。,居立切,kip,見開三B侵入,identical_fanqie,gip,*[k](r)əp,mc_match,*[m-k-]rəp,mc_match,O2,"pre,ini,med;uncertain",说文: shuowenjiezi/shuowen; 广韵: tshet-uinh 0.15.1; BS2014: digling/cddb Baxter2014/raw/D_ocbs.tsv
及,True,逮也。从又从人。,巨立切,扱,8007,聲,收也。从手及聲。,楚洽切,tsrheap,初開二咸入,identical_fanqie,gip,*s-qʰr[ə]p,mc_match,*[m-k-]rəp,mc_match,O2,"pre,ini,med;uncertain",说文: shuowenjiezi/shuowen; 广韵: tshet-uinh 0.15.1; BS2014: digling/cddb Baxter2014/raw/D_ocbs.tsv
及,True,逮也。从又从人。,巨立切,級,8523,聲,絲次弟也。从糸及聲。,居立切,kip,見開三B侵入,identical_fanqie,gip,*k(r)əp,mc_match,*[m-k-]rəp,mc_match,O2,"pre,ini,med;uncertain",说文: shuowenjiezi/shuowen; 广韵: tshet-uinh 0.15.1; BS2014: digling/cddb Baxter2014/raw/D_ocbs.tsv
及,True,逮也。从又从人。,巨立切,鈒,9353,聲,鋋也。从金及聲。,穌合切,sop,心開一覃入,initial+rhyme+tone,gip,,not_in_bs,*[m-k-]rəp,mc_match,NA,,说文: shuowenjiezi/shuowen; 广韵: tshet-uinh 0.15.1; BS2014: digling/cddb Baxter2014/raw/D_ocbs.tsv
反,True,覆也。从又，厂反形。,府遠切,返,1140,亦聲,還也。从辵从反，反亦聲。《商書》曰：“祖甲返。”,扶版切,pjonX,幫三C元上,initial_only,pjonX,*Cə.panʔ,mc_match,*Cə.panʔ,mc_match,I,,说文: shuowenjiezi/shuowen; 广韵: tshet-uinh 0.15.1; BS2014: digling/cddb Baxter2014/raw/D_ocbs.tsv
反,True,覆也。从又，厂反形。,府遠切,䡊,9485,亦聲,車耳反出也。从車从反，反亦聲。,府遠切,pjonX,幫三C元上,identical_fanqie,pjonX,,not_in_bs,*Cə.panʔ,mc_match,NA,,说文: shuowenjiezi/shuowen; 广韵: tshet-uinh 0.15.1; BS2014: digling/cddb Baxter2014/raw/D_ocbs.tsv
反,True,覆也。从又，厂反形。,府遠切,叛,726,聲,半也。从半反聲。,薄半切,banH,並一寒去,identical_fanqie,pjonX,,not_in_bs,*Cə.panʔ,mc_match,NA,,说文: shuowenjiezi/shuowen; 广韵: tshet-uinh 0.15.1; BS2014: digling/cddb Baxter2014/raw/D_ocbs.tsv
反,True,覆也。从又，厂反形。,府遠切,眅,2107,聲,多白眼也。从目反聲。《春秋傳》曰：“鄭游眅，字子明。”,暜班切,phaen,滂二刪平,rhyme+tone_only,pjonX,,not_in_bs,*Cə.panʔ,mc_match,NA,,说文: shuowenjiezi/shuowen; 广韵: tshet-uinh 0.15.1; BS2014: digling/cddb Baxter2014/raw/D_ocbs.tsv
反,True,覆也。从又，厂反形。,府遠切,飯,3205,聲,食也。从食反聲。,符萬切,bjonH,並三C元去,initial+rhyme+tone,pjonX,*bo[n]ʔ-s,mc_match,*Cə.panʔ,mc_match,V,"pre,ini,v,suf;uncertain",说文: shuowenjiezi/shuowen; 广韵: tshet-uinh 0.15.1; BS2014: digling/cddb Baxter2014/raw/D_ocbs.tsv
反,True,覆也。从又，厂反形。,府遠切,販,3961,聲,買賤賣貴者。从貝反聲。,方願切,pjonH,幫三C元去,identical_fanqie,pjonX,,not_in_bs,*Cə.panʔ,mc_match,NA,,说文: shuowenjiezi/shuowen; 广韵: tshet-uinh 0.15.1; BS2014: digling/cddb Baxter2014/raw/D_ocbs.tsv
反,True,覆也。从又，厂反形。,府遠切,昄,4220,聲,大也。从日反聲。,補綰切,paenX,幫二刪上,initial+rhyme+tone,pjonX,,not_in_bs,*Cə.panʔ,mc_match,NA,,说文: shuowenjiezi/shuowen; 广韵: tshet-uinh 0.15.1; BS2014: digling/cddb Baxter2014/raw/D_ocbs.tsv
反,True,覆也。从又，厂反形。,府遠切,版,4340,聲,判也。从片反聲。,布綰切,paenX,幫二刪上,identical_fanqie,pjonX,,not_in_bs,*Cə.panʔ,mc_match,NA,,说文: shuowenjiezi/shuowen; 广韵: tshet-uinh 0.15.1; BS2014: digling/cddb Baxter2014/raw/D_ocbs.tsv
反,True,覆也。从又，厂反形。,府遠切,汳,7030,聲,水。受陳畱浚儀陰溝，至蒙爲雝水，東入于泗。从水反聲。,皮變切,phjonH,滂三C元去,no_match_first_reading,pjonX,,not_in_bs,*Cə.panʔ,mc_match,NA,,说文: shuowenjiezi/shuowen; 广韵: tshet-uinh 0.15.1; BS2014: digling/cddb Baxter2014/raw/D_ocbs.tsv
反,True,覆也。从又，厂反形。,府遠切,瓪,8433,聲,敗也。从瓦反聲。,布綰切,paenX,幫二刪上,identical_fanqie,pjonX,,not_in_bs,*Cə.panʔ,mc_match,NA,,说文: shuowenjiezi/shuowen; 广韵: tshet-uinh 0.15.1; BS2014: digling/cddb Baxter2014/raw/D_ocbs.tsv
反,True,覆也。从又，厂反形。,府遠切,阪,9579,聲,坡者曰阪。一曰澤障。一曰山脅也。从𨸏反聲。,府遠切,pjonX,幫三C元上,identical_fanqie,pjonX,*pa[n]ʔ,mc_match,*Cə.panʔ,mc_match,R,pre;uncertain,说文: shuowenjiezi/shuowen; 广韵: tshet-uinh 0.15.1; BS2014: digling/cddb Baxter2014/raw/D_ocbs.tsv
取,True,捕取也。从又从耳。《周禮》：“獲者取左耳。”《司馬法》曰：“載獻聝。”聝者，耳也。,七庾切,冣,4777,亦聲,積也。从冂从取，取亦聲。,才句切,,,none,tshjuX,,not_in_bs,*tsʰoʔ,mc_match,NA,,说文: shuowenjiezi/shuowen; 广韵: tshet-uinh 0.15.1; BS2014: digling/cddb Baxter2014/raw/D_ocbs.tsv
取,True,捕取也。从又从耳。《周禮》：“獲者取左耳。”《司馬法》曰：“載獻聝。”聝者，耳也。,七庾切,娶,8086,亦聲,取婦也。从女从取，取亦聲。,七句切,tshjuH,清合三虞去,identical_fanqie,tshjuX,*[ts]ʰoʔ-s,mc_match,*tsʰoʔ,mc_match,R,suf;uncertain,说文: shuowenjiezi/shuowen; 广韵: tshet-uinh 0.15.1; BS2014: digling/cddb Baxter2014/raw/D_ocbs.tsv
取,True,捕取也。从又从耳。《周禮》：“獲者取左耳。”《司馬法》曰：“載獻聝。”聝者，耳也。,七庾切,菆,680,聲,麻蒸也。从艸取聲。一曰蓐也。,側鳩切,tsrjuw,莊三尤平,identical_fanqie,tshjuX,,not_in_bs,*tsʰoʔ,mc_match,NA,,说文: shuowenjiezi/shuowen; 广韵: tshet-uinh 0.15.1; BS2014: digling/cddb Baxter2014/raw/D_ocbs.tsv
取,True,捕取也。从又从耳。《周禮》：“獲者取左耳。”《司馬法》曰：“載獻聝。”聝者，耳也。,七庾切,趣,981,聲,疾也。从走取聲。,七句切,tshjuH,清合三虞去,identical_fanqie,tshjuX,*[tsʰ]oʔ-s,mc_match,*tsʰoʔ,mc_match,R,suf;uncertain,说文: shuowenjiezi/shuowen; 广韵: tshet-uinh 0.15.1; BS2014: digling/cddb Baxter2014/raw/D_ocbs.tsv
取,True,捕取也。从又从耳。《周禮》：“獲者取左耳。”《司馬法》曰：“載獻聝。”聝者，耳也。,七庾切,齱,1288,聲,齵也。从齒取聲。,側鳩切,tsrjuw,莊三尤平,identical_fanqie,tshjuX,,not_in_bs,*tsʰoʔ,mc_match,NA,,说文: shuowenjiezi/shuowen; 广韵: tshet-uinh 0.15.1; BS2014: digling/cddb Baxter2014/raw/D_ocbs.tsv
取,True,捕取也。从又从耳。《周禮》：“獲者取左耳。”《司馬法》曰：“載獻聝。”聝者，耳也。,七庾切,諏,1506,聲,聚謀也。从言取聲。,子于切,tsju,精合三虞平,identical_fanqie,tshjuX,*[ts]o,mc_match,*tsʰoʔ,mc_match,O,"ini,suf;uncertain",说文: shuowenjiezi/shuowen; 广韵: tshet-uinh 0.15.1; BS2014: digling/cddb Baxter2014/raw/D_ocbs.tsv
取,True,捕取也。从又从耳。《周禮》：“獲者取左耳。”《司馬法》曰：“載獻聝。”聝者，耳也。,七庾切,叢,1743,聲,聚也。从丵取聲。,徂紅切,dzuwng,從一東平,identical_fanqie,tshjuX,*dzˤoŋ,mc_match,*tsʰoʔ,mc_match,C,"ini,phar,coda,suf",说文: shuowenjiezi/shuowen; 广韵: tshet-uinh 0.15.1; BS2014: digling/cddb Baxter2014/raw/D_ocbs.tsv
取,True,捕取也。从又从耳。《周禮》：“獲者取左耳。”《司馬法》曰：“載獻聝。”聝者，耳也。,七庾切,棷,3792,聲,木薪也。从木取聲。,側鳩切,tsrjuw,莊三尤平,identical_fanqie,tshjuX,,not_in_bs,*tsʰoʔ,mc_match,NA,,说文: shuowenjiezi/shuowen; 广韵: tshet-uinh 0.15.1; BS2014: digling/cddb Baxter2014/raw/D_ocbs.tsv
取,True,捕取也。从又从耳。《周禮》：“獲者取左耳。”《司馬法》曰：“載獻聝。”聝者，耳也。,七庾切,郰,4116,聲,魯下邑。孔子之鄉。从邑取聲。,側鳩切,tsrjuw,莊三尤平,identical_fanqie,tshjuX,,not_in_bs,*tsʰoʔ,mc_match,NA,,说文: shuowenjiezi/shuowen; 广韵: tshet-uinh 0.15.1; BS2014: digling/cddb Baxter2014/raw/D_ocbs.tsv
取,True,捕取也。从又从耳。《周禮》：“獲者取左耳。”《司馬法》曰：“載獻聝。”聝者，耳也。,七庾切,黀,4514,聲,麻䕸也。从麻取聲。,側鳩切,tsrjuw,莊三尤平,identical_fanqie,tshjuX,,not_in_bs,*tsʰoʔ,mc_match,NA,,说文: shuowenjiezi/shuowen; 广韵: tshet-uinh 0.15.1; BS2014: digling/cddb Baxter2014/raw/D_ocbs.tsv
取,True,捕取也。从又从耳。《周禮》：“獲者取左耳。”《司馬法》曰：“載獻聝。”聝者，耳也。,七庾切,聚,5214,聲,會也。从乑取聲。邑落云聚。,才句切,dzjuH,從合三虞去,identical_fanqie,tshjuX,*m-tsʰoʔ-s,mc_match,*tsʰoʔ,mc_match,R,"pre,suf",说文: shuowenjiezi/shuowen; 广韵: tshet-uinh 0.15.1; BS2014: digling/cddb Baxter2014/raw/D_ocbs.tsv
取,True,捕取也。从又从耳。《周禮》：“獲者取左耳。”《司馬法》曰：“載獻聝。”聝者，耳也。,七庾切,鯫,7597,聲,白魚也。从魚取聲。,士垢切,dzuwX,從一侯上,rhyme+tone_only,tshjuX,,not_in_bs,*tsʰoʔ,mc_match,NA,,说文: shuowenjiezi/shuowen; 广韵: tshet-uinh 0.15.1; BS2014: digling/cddb Baxter2014/raw/D_ocbs.tsv
取,True,捕取也。从又从耳。《周禮》：“獲者取左耳。”《司馬法》曰：“載獻聝。”聝者，耳也。,七庾切,掫,8043,聲,夜戒守，有所擊。从手取聲。《春秋傳》曰：“賓將掫。”,子矦切,tsuw,精一侯平,initial+rhyme+tone,tshjuX,,multiple_readings,*tsʰoʔ,mc_match,NA,,说文: shuowenjiezi/shuowen; 广韵: tshet-uinh 0.15.1; BS2014: digling/cddb Baxter2014/raw/D_ocbs.tsv
取,True,捕取也。从又从耳。《周禮》：“獲者取左耳。”《司馬法》曰：“載獻聝。”聝者，耳也。,七庾切,緅,8725,聲,帛青赤色也。从糸取聲。,子矦切,tsuw,精一侯平,initial+rhyme+tone,tshjuX,,not_in_bs,*tsʰoʔ,mc_match,NA,,说文: shuowenjiezi/shuowen; 广韵: tshet-uinh 0.15.1; BS2014: digling/cddb Baxter2014/raw/D_ocbs.tsv
取,True,捕取也。从又从耳。《周禮》：“獲者取左耳。”《司馬法》曰：“載獻聝。”聝者，耳也。,七庾切,陬,9580,聲,阪隅也。从𨸏取聲。,子侯切,tsuw,精一侯平,identical_fanqie,tshjuX,,not_in_bs,*tsʰoʔ,mc_match,NA,,说文: shuowenjiezi/shuowen; 广韵: tshet-uinh 0.15.1; BS2014: digling/cddb Baxter2014/raw/D_ocbs.tsv
受,True,相付也。从𠬪，舟省聲。,殖酉切,授,7873,亦聲,予也。从手从受，受亦聲。,殖酉切,dzyuwH,常三尤去,initial_only,dzyuwX,*[d]uʔ-s,mc_match,*[d]uʔ,mc_match,R,suf;uncertain,说文: shuowenjiezi/shuowen; 广韵: tshet-uinh 0.15.1; BS2014: digling/cddb Baxter2014/raw/D_ocbs.tsv
受,True,相付也。从𠬪，舟省聲。,殖酉切,綬,8604,聲,韍維也。从糸受聲。,植酉切,dzyuwX,常三尤上,initial+rhyme+tone,dzyuwX,,not_in_bs,*[d]uʔ,mc_match,NA,,说文: shuowenjiezi/shuowen; 广韵: tshet-uinh 0.15.1; BS2014: digling/cddb Baxter2014/raw/D_ocbs.tsv
口,True,人所以言食也。象形。凡口之屬皆从口。,苦后切,𧥣,1633,亦聲,扣也。如求婦先𧥣叕之。从言从口，口亦聲。,苦后切,khuwX,溪一侯上,identical_fanqie,khuwX,,not_in_bs,*kʰˤ(r)oʔ,mc_match,NA,,说文: shuowenjiezi/shuowen; 广韵: tshet-uinh 0.15.1; BS2014: digling/cddb Baxter2014/raw/D_ocbs.tsv
口,True,人所以言食也。象形。凡口之屬皆从口。,苦后切,釦,9280,亦聲,金飾器口。从金从口，口亦聲。,苦厚切,khuwX,溪一侯上,initial+rhyme+tone,khuwX,,not_in_bs,*kʰˤ(r)oʔ,mc_match,NA,,说文: shuowenjiezi/shuowen; 广韵: tshet-uinh 0.15.1; BS2014: digling/cddb Baxter2014/raw/D_ocbs.tsv
口,True,人所以言食也。象形。凡口之屬皆从口。,苦后切,𨙫,4014,聲,京兆藍田鄉。从邑口聲。,苦后切,khuwX,溪一侯上,identical_fanqie,khuwX,,not_in_bs,*kʰˤ(r)oʔ,mc_match,NA,,说文: shuowenjiezi/shuowen; 广韵: tshet-uinh 0.15.1; BS2014: digling/cddb Baxter2014/raw/D_ocbs.tsv
口,True,人所以言食也。象形。凡口之屬皆从口。,苦后切,扣,8049,聲,牽馬也。从手口聲。,丘后切,khuwX,溪一侯上,initial+rhyme+tone,khuwX,,not_in_bs,*kʰˤ(r)oʔ,mc_match,NA,,说文: shuowenjiezi/shuowen; 广韵: tshet-uinh 0.15.1; BS2014: digling/cddb Baxter2014/raw/D_ocbs.tsv
句,True,曲也。从口丩聲。凡句之屬皆从句。,古矦切,拘,1451,亦聲,止也。从句从手，句亦聲。,舉朱切,kju,見合三C虞平,identical_fanqie,kuw,,not_in_bs,*[k]ˤ(r)o,mc_match,NA,,说文: shuowenjiezi/shuowen; 广韵: tshet-uinh 0.15.1; BS2014: digling/cddb Baxter2014/raw/D_ocbs.tsv
句,True,曲也。从口丩聲。凡句之屬皆从句。,古矦切,笱,1452,亦聲,曲竹捕魚笱也。从竹从句，句亦聲。,古厚切,kuwX,見一侯上,identical_fanqie,kuw,,not_in_bs,*[k]ˤ(r)o,mc_match,NA,,说文: shuowenjiezi/shuowen; 广韵: tshet-uinh 0.15.1; BS2014: digling/cddb Baxter2014/raw/D_ocbs.tsv
句,True,曲也。从口丩聲。凡句之屬皆从句。,古矦切,鉤,1453,亦聲,曲也。从金从句，句亦聲。,古矦切,kuw,見一侯平,initial+rhyme+tone,kuw,*[kˤ](r)o,mc_match,*[k]ˤ(r)o,mc_match,I,;uncertain,说文: shuowenjiezi/shuowen; 广韵: tshet-uinh 0.15.1; BS2014: digling/cddb Baxter2014/raw/D_ocbs.tsv
句,True,曲也。从口丩聲。凡句之屬皆从句。,古矦切,雊,2281,亦聲,雄雌鳴也。雷始動，雉鳴而雊其頸。从隹从句，句亦聲。,古候切,kuwH,見一侯去,identical_fanqie,kuw,,not_in_bs,*[k]ˤ(r)o,mc_match,NA,,说文: shuowenjiezi/shuowen; 广韵: tshet-uinh 0.15.1; BS2014: digling/cddb Baxter2014/raw/D_ocbs.tsv
句,True,曲也。从口丩聲。凡句之屬皆从句。,古矦切,玽,174,聲,石之次玉者。从玉句聲。讀若苟。,古厚切,kuwX,見一侯上,identical_fanqie,kuw,,not_in_bs,*[k]ˤ(r)o,mc_match,NA,,说文: shuowenjiezi/shuowen; 广韵: tshet-uinh 0.15.1; BS2014: digling/cddb Baxter2014/raw/D_ocbs.tsv
句,True,曲也。从口丩聲。凡句之屬皆从句。,古矦切,苟,636,聲,艸也。从艸句聲。,古厚切,kuwX,見一侯上,identical_fanqie,kuw,*[k]ˤ(r)oʔ,mc_match,*[k]ˤ(r)o,mc_match,R,suf;uncertain,说文: shuowenjiezi/shuowen; 广韵: tshet-uinh 0.15.1; BS2014: digling/cddb Baxter2014/raw/D_ocbs.tsv
句,True,曲也。从口丩聲。凡句之屬皆从句。,古矦切,跔,1397,聲,天寒足跔也。从足句聲。,其俱切,kju,見合三C虞平,initial+rhyme+tone,kuw,,not_in_bs,*[k]ˤ(r)o,mc_match,NA,,说文: shuowenjiezi/shuowen; 广韵: tshet-uinh 0.15.1; BS2014: digling/cddb Baxter2014/raw/D_ocbs.tsv
句,True,曲也。从口丩聲。凡句之屬皆从句。,古矦切,敂,2043,聲,擊也。从攴句聲。讀若扣。,苦候切,kuwX,見一侯上,no_match_first_reading,kuw,,not_in_bs,*[k]ˤ(r)o,mc_match,NA,,说文: shuowenjiezi/shuowen; 广韵: tshet-uinh 0.15.1; BS2014: digling/cddb Baxter2014/raw/D_ocbs.tsv
句,True,曲也。从口丩聲。凡句之屬皆从句。,古矦切,𦐛,2246,聲,羽曲也。从羽句聲。,其俱切,gju,羣合三C虞平,identical_fanqie,kuw,,not_in_bs,*[k]ˤ(r)o,mc_match,NA,,说文: shuowenjiezi/shuowen; 广韵: tshet-uinh 0.15.1; BS2014: digling/cddb Baxter2014/raw/D_ocbs.tsv
句,True,曲也。从口丩聲。凡句之屬皆从句。,古矦切,鴝,2454,聲,鴝鵒也。从鳥句聲。,其俱切,gju,羣合三C虞平,identical_fanqie,kuw,,not_in_bs,*[k]ˤ(r)o,mc_match,NA,,说文: shuowenjiezi/shuowen; 广韵: tshet-uinh 0.15.1; BS2014: digling/cddb Baxter2014/raw/D_ocbs.tsv
句,True,曲也。从口丩聲。凡句之屬皆从句。,古矦切,朐,2680,聲,脯挺也。从肉句聲。,其俱切,,,none,kuw,,not_in_bs,*[k]ˤ(r)o,mc_match,NA,,说文: shuowenjiezi/shuowen; 广韵: tshet-uinh 0.15.1; BS2014: digling/cddb Baxter2014/raw/D_ocbs.tsv
句,True,曲也。从口丩聲。凡句之屬皆从句。,古矦切,𠛎,2736,聲,鎌也。从刀句聲。,古矦切,kuw,見一侯平,initial+rhyme+tone,kuw,,not_in_bs,*[k]ˤ(r)o,mc_match,NA,,说文: shuowenjiezi/shuowen; 广韵: tshet-uinh 0.15.1; BS2014: digling/cddb Baxter2014/raw/D_ocbs.tsv
句,True,曲也。从口丩聲。凡句之屬皆从句。,古矦切,枸,3486,聲,木也。可爲醬。出蜀。从木句聲。,俱羽切,kjuX,見合三C虞上,initial+rhyme+tone,kuw,*[k](r)oʔ,mc_match,*[k]ˤ(r)o,mc_match,R,"phar,suf;uncertain",说文: shuowenjiezi/shuowen; 广韵: tshet-uinh 0.15.1; BS2014: digling/cddb Baxter2014/raw/D_ocbs.tsv
句,True,曲也。从口丩聲。凡句之屬皆从句。,古矦切,䅓,3872,聲,䅩䅓也。从𥝌从又，句聲。又者，从丑省。一曰木名。,俱羽切,kjuX,見合三C虞上,initial+rhyme+tone,kuw,,not_in_bs,*[k]ˤ(r)o,mc_match,NA,,说文: shuowenjiezi/shuowen; 广韵: tshet-uinh 0.15.1; BS2014: digling/cddb Baxter2014/raw/D_ocbs.tsv
句,True,曲也。从口丩聲。凡句之屬皆从句。,古矦切,邭,4137,聲,地名。从邑句聲。,其俱切,kjuH,見合三C虞去,initial_only,kuw,,not_in_bs,*[k]ˤ(r)o,mc_match,NA,,说文: shuowenjiezi/shuowen; 广韵: tshet-uinh 0.15.1; BS2014: digling/cddb Baxter2014/raw/D_ocbs.tsv
句,True,曲也。从口丩聲。凡句之屬皆从句。,古矦切,昫,4188,聲,日出溫也。从日句聲。北地有昫衍縣。,火于切,xjuH,曉合三C虞去,initial_only,kuw,,not_in_bs,*[k]ˤ(r)o,mc_match,NA,,说文: shuowenjiezi/shuowen; 广韵: tshet-uinh 0.15.1; BS2014: digling/cddb Baxter2014/raw/D_ocbs.tsv
句,True,曲也。从口丩聲。凡句之屬皆从句。,古矦切,痀,4711,聲,曲𦟝也。从疒句聲。,其俱切,kju,見合三C虞平,initial+rhyme+tone,kuw,,not_in_bs,*[k]ˤ(r)o,mc_match,NA,,说文: shuowenjiezi/shuowen; 广韵: tshet-uinh 0.15.1; BS2014: digling/cddb Baxter2014/raw/D_ocbs.tsv
句,True,曲也。从口丩聲。凡句之屬皆从句。,古矦切,佝,5113,聲,務也。从人句聲。,苦候切,xuwH,曉一侯去,rhyme+tone_only,kuw,,not_in_bs,*[k]ˤ(r)o,mc_match,NA,,说文: shuowenjiezi/shuowen; 广韵: tshet-uinh 0.15.1; BS2014: digling/cddb Baxter2014/raw/D_ocbs.tsv
句,True,曲也。从口丩聲。凡句之屬皆从句。,古矦切,耇,5355,聲,老人面凍黎若垢。从老省，句聲。,古厚切,kuwX,見一侯上,identical_fanqie,kuw,,not_in_bs,*[k]ˤ(r)o,mc_match,NA,,说文: shuowenjiezi/shuowen; 广韵: tshet-uinh 0.15.1; BS2014: digling/cddb Baxter2014/raw/D_ocbs.tsv
句,True,曲也。从口丩聲。凡句之屬皆从句。,古矦切,欨,5502,聲,吹也。一曰笑意。从欠句聲。,況于切,xju,曉合三C虞平,identical_fanqie,kuw,,not_in_bs,*[k]ˤ(r)o,mc_match,NA,,说文: shuowenjiezi/shuowen; 广韵: tshet-uinh 0.15.1; BS2014: digling/cddb Baxter2014/raw/D_ocbs.tsv
句,True,曲也。从口丩聲。凡句之屬皆从句。,古矦切,駒,6109,聲,馬二歲曰駒，三歲曰駣。从馬句聲。,舉朱切,kju,見合三C虞平,identical_fanqie,kuw,,not_in_bs,*[k]ˤ(r)o,mc_match,NA,,说文: shuowenjiezi/shuowen; 广韵: tshet-uinh 0.15.1; BS2014: digling/cddb Baxter2014/raw/D_ocbs.tsv
句,True,曲也。从口丩聲。凡句之屬皆从句。,古矦切,狗,6270,聲,孔子曰：“狗，叩也。叩气吠以守。”从犬句聲。,古厚切,kuwX,見一侯上,identical_fanqie,kuw,*Cə.kˤroʔ,mc_match,*[k]ˤ(r)o,mc_match,R,"pre,suf;uncertain",说文: shuowenjiezi/shuowen; 广韵: tshet-uinh 0.15.1; BS2014: digling/cddb Baxter2014/raw/D_ocbs.tsv
句,True,曲也。从口丩聲。凡句之屬皆从句。,古矦切,鼩,6370,聲,精鼩鼠也。从鼠句聲。,其俱切,gju,羣合三C虞平,identical_fanqie,kuw,,not_in_bs,*[k]ˤ(r)o,mc_match,NA,,说文: shuowenjiezi/shuowen; 广韵: tshet-uinh 0.15.1; BS2014: digling/cddb Baxter2014/raw/D_ocbs.tsv
句,True,曲也。从口丩聲。凡句之屬皆从句。,古矦切,竘,6653,聲,健也。一曰匠也。从立句聲。讀若齲。《逸周書》有竘匠。,丘羽切,khjuX,溪合三C虞上,initial+rhyme+tone,kuw,,not_in_bs,*[k]ˤ(r)o,mc_match,NA,,说文: shuowenjiezi/shuowen; 广韵: tshet-uinh 0.15.1; BS2014: digling/cddb Baxter2014/raw/D_ocbs.tsv
句,True,曲也。从口丩聲。凡句之屬皆从句。,古矦切,姁,8102,聲,嫗也。从女句聲。,況羽切,xjuX,曉合三C虞上,identical_fanqie,kuw,,not_in_bs,*[k]ˤ(r)o,mc_match,NA,,说文: shuowenjiezi/shuowen; 广韵: tshet-uinh 0.15.1; BS2014: digling/cddb Baxter2014/raw/D_ocbs.tsv
句,True,曲也。从口丩聲。凡句之屬皆从句。,古矦切,絇,8654,聲,纑繩絇也。从糸句聲。讀若鳩。,其俱切,gju,羣合三C虞平,identical_fanqie,kuw,*[g](r)o,mc_match,*[k]ˤ(r)o,mc_match,O,"ini,phar;uncertain",说文: shuowenjiezi/shuowen; 广韵: tshet-uinh 0.15.1; BS2014: digling/cddb Baxter2014/raw/D_ocbs.tsv
句,True,曲也。从口丩聲。凡句之屬皆从句。,古矦切,蚼,8883,聲,北方肓蚼犬，食人。从虫句聲。,古厚切,xuwX,曉一侯上,rhyme+tone_only,kuw,,not_in_bs,*[k]ˤ(r)o,mc_match,NA,,说文: shuowenjiezi/shuowen; 广韵: tshet-uinh 0.15.1; BS2014: digling/cddb Baxter2014/raw/D_ocbs.tsv
句,True,曲也。从口丩聲。凡句之屬皆从句。,古矦切,䵶,8960,聲,𪓷屬，頭有兩角，出遼東。从黽句聲。,其俱切,,,none,kuw,,not_in_bs,*[k]ˤ(r)o,mc_match,NA,,说文: shuowenjiezi/shuowen; 广韵: tshet-uinh 0.15.1; BS2014: digling/cddb Baxter2014/raw/D_ocbs.tsv
句,True,曲也。从口丩聲。凡句之屬皆从句。,古矦切,劬,9205,聲,勞也。从力句聲。,其俱切,gju,羣合三C虞平,identical_fanqie,kuw,*[g](r)o,mc_match,*[k]ˤ(r)o,mc_match,O,"ini,phar;uncertain",说文: shuowenjiezi/shuowen; 广韵: tshet-uinh 0.15.1; BS2014: digling/cddb Baxter2014/raw/D_ocbs.tsv
句,True,曲也。从口丩聲。凡句之屬皆从句。,古矦切,斪,9431,聲,斫也。从斤句聲。,其俱切,gju,羣合三C虞平,identical_fanqie,kuw,,not_in_bs,*[k]ˤ(r)o,mc_match,NA,,说文: shuowenjiezi/shuowen; 广韵: tshet-uinh 0.15.1; BS2014: digling/cddb Baxter2014/raw/D_ocbs.tsv
句,True,曲也。从口丩聲。凡句之屬皆从句。,古矦切,軥,9516,聲,軶下曲者。从車句聲。,古候切,kuwH,見一侯去,identical_fanqie,kuw,,not_in_bs,*[k]ˤ(r)o,mc_match,NA,,说文: shuowenjiezi/shuowen; 广韵: tshet-uinh 0.15.1; BS2014: digling/cddb Baxter2014/raw/D_ocbs.tsv
句,True,曲也。从口丩聲。凡句之屬皆从句。,古矦切,䣱,9803,聲,醉醟也。从酉句聲。,香遇切,,,none,kuw,,not_in_bs,*[k]ˤ(r)o,mc_match,NA,,说文: shuowenjiezi/shuowen; 广韵: tshet-uinh 0.15.1; BS2014: digling/cddb Baxter2014/raw/D_ocbs.tsv
召,True,𧦝也。从口刀聲。,直少切,詔,1526,亦聲,告也。从言从召，召亦聲。,之紹切,tsyewH,章開三宵去,initial_only,drjewH,*taw-s,mc_match,*[d]raw-s,mc_match,O,"ini,med;uncertain",说文: shuowenjiezi/shuowen; 广韵: tshet-uinh 0.15.1; BS2014: digling/cddb Baxter2014/raw/D_ocbs.tsv
召,True,𧦝也。从口刀聲。,直少切,苕,664,聲,艸也。从艸召聲。,徒聊切,dew,定開四蕭平,identical_fanqie,drjewH,,not_in_bs,*[d]raw-s,mc_match,NA,,说文: shuowenjiezi/shuowen; 广韵: tshet-uinh 0.15.1; BS2014: digling/cddb Baxter2014/raw/D_ocbs.tsv
召,True,𧦝也。从口刀聲。,直少切,超,982,聲,跳也。从走召聲。,敕宵切,trhjew,徹開三宵平,identical_fanqie,drjewH,*tʰr[a]w,mc_match,*[d]raw-s,mc_match,O,"ini,suf;uncertain",说文: shuowenjiezi/shuowen; 广韵: tshet-uinh 0.15.1; BS2014: digling/cddb Baxter2014/raw/D_ocbs.tsv
召,True,𧦝也。从口刀聲。,直少切,迢,1219,聲,迢，遰也。从辵召聲。,徒聊切,dew,定開四蕭平,identical_fanqie,drjewH,,not_in_bs,*[d]raw-s,mc_match,NA,,说文: shuowenjiezi/shuowen; 广韵: tshet-uinh 0.15.1; BS2014: digling/cddb Baxter2014/raw/D_ocbs.tsv
召,True,𧦝也。从口刀聲。,直少切,韶,1734,聲,虞舜樂也。《書》曰：“《簫韶》九成，鳳皇來儀。”从音召聲。,市招切,dzyew,常開三宵平,initial+rhyme+tone,drjewH,,not_in_bs,*[d]raw-s,mc_match,NA,,说文: shuowenjiezi/shuowen; 广韵: tshet-uinh 0.15.1; BS2014: digling/cddb Baxter2014/raw/D_ocbs.tsv
召,True,𧦝也。从口刀聲。,直少切,鞀,1803,聲,鞀遼也。从革召聲。,徒刀切,daw,定開一豪平,identical_fanqie,drjewH,*[d]ˤaw,mc_match,*[d]raw-s,mc_match,R,"phar,med,suf;uncertain",说文: shuowenjiezi/shuowen; 广韵: tshet-uinh 0.15.1; BS2014: digling/cddb Baxter2014/raw/D_ocbs.tsv
召,True,𧦝也。从口刀聲。,直少切,𠧙,2072,聲,卜問也。从卜召聲。,市沼切,dzyew,常開三宵平,initial_only,drjewH,,not_in_bs,*[d]raw-s,mc_match,NA,,说文: shuowenjiezi/shuowen; 广韵: tshet-uinh 0.15.1; BS2014: digling/cddb Baxter2014/raw/D_ocbs.tsv
召,True,𧦝也。从口刀聲。,直少切,柖,3571,聲,樹搖皃。从木召聲。,止搖切,dzyew,常開三宵平,rhyme+tone_only,drjewH,,not_in_bs,*[d]raw-s,mc_match,NA,,说文: shuowenjiezi/shuowen; 广韵: tshet-uinh 0.15.1; BS2014: digling/cddb Baxter2014/raw/D_ocbs.tsv
召,True,𧦝也。从口刀聲。,直少切,邵,4033,聲,晉邑也。从邑召聲。,寔照切,dzyewH,常開三宵去,identical_fanqie,drjewH,*[d]aw-s,mc_match,*[d]raw-s,mc_match,R,med;uncertain,说文: shuowenjiezi/shuowen; 广韵: tshet-uinh 0.15.1; BS2014: digling/cddb Baxter2014/raw/D_ocbs.tsv
召,True,𧦝也。从口刀聲。,直少切,昭,4178,聲,日明也。从日召聲。,止遙切,tsyew,章開三宵平,identical_fanqie,drjewH,*taw,mc_match,*[d]raw-s,mc_match,O,"ini,med,suf;uncertain",说文: shuowenjiezi/shuowen; 广韵: tshet-uinh 0.15.1; BS2014: digling/cddb Baxter2014/raw/D_ocbs.tsv
召,True,𧦝也。从口刀聲。,直少切,佋,5162,聲,廟佋穆。父爲佋，南面。子爲穆，北面。从人召聲。,市招切,dzyew,常開三宵平,initial+rhyme+tone,drjewH,,not_in_bs,*[d]raw-s,mc_match,NA,,说文: shuowenjiezi/shuowen; 广韵: tshet-uinh 0.15.1; BS2014: digling/cddb Baxter2014/raw/D_ocbs.tsv
召,True,𧦝也。从口刀聲。,直少切,袑,5275,聲,絝上也。从衣召聲。,市沼切,dzyewX,常開三宵上,identical_fanqie,drjewH,,not_in_bs,*[d]raw-s,mc_match,NA,,说文: shuowenjiezi/shuowen; 广韵: tshet-uinh 0.15.1; BS2014: digling/cddb Baxter2014/raw/D_ocbs.tsv
召,True,𧦝也。从口刀聲。,直少切,髫,5738,聲,小兒垂結也。从髟召聲。,徒聊切,dew,定開四蕭平,identical_fanqie,drjewH,,not_in_bs,*[d]raw-s,mc_match,NA,,说文: shuowenjiezi/shuowen; 广韵: tshet-uinh 0.15.1; BS2014: digling/cddb Baxter2014/raw/D_ocbs.tsv
召,True,𧦝也。从口刀聲。,直少切,卲,5753,聲,高也。从卪召聲。,寔照切,dzyewH,常開三宵去,identical_fanqie,drjewH,,not_in_bs,*[d]raw-s,mc_match,NA,,说文: shuowenjiezi/shuowen; 广韵: tshet-uinh 0.15.1; BS2014: digling/cddb Baxter2014/raw/D_ocbs.tsv
召,True,𧦝也。从口刀聲。,直少切,貂,6094,聲,鼠屬。大而黃黑，出胡丁零國。从豸召聲。,都僚切,tew,端開四蕭平,initial+rhyme+tone,drjewH,,not_in_bs,*[d]raw-s,mc_match,NA,,说文: shuowenjiezi/shuowen; 广韵: tshet-uinh 0.15.1; BS2014: digling/cddb Baxter2014/raw/D_ocbs.tsv
召,True,𧦝也。从口刀聲。,直少切,怊,6940,聲,悲也。从心召聲。,敕宵切,trhjew,徹開三宵平,identical_fanqie,drjewH,,not_in_bs,*[d]raw-s,mc_match,NA,,说文: shuowenjiezi/shuowen; 广韵: tshet-uinh 0.15.1; BS2014: digling/cddb Baxter2014/raw/D_ocbs.tsv
召,True,𧦝也。从口刀聲。,直少切,沼,7220,聲,池水。从水召聲。,之少切,tsyewX,章開三宵上,identical_fanqie,drjewH,*tawʔ,mc_match,*[d]raw-s,mc_match,O,"ini,med,suf;uncertain",说文: shuowenjiezi/shuowen; 广韵: tshet-uinh 0.15.1; BS2014: digling/cddb Baxter2014/raw/D_ocbs.tsv
召,True,𧦝也。从口刀聲。,直少切,弨,8441,聲,弓反也。从弓召聲。《詩》曰：“彤弓弨兮。”,尺招切,tsyhew,昌開三宵平,identical_fanqie,drjewH,,not_in_bs,*[d]raw-s,mc_match,NA,,说文: shuowenjiezi/shuowen; 广韵: tshet-uinh 0.15.1; BS2014: digling/cddb Baxter2014/raw/D_ocbs.tsv
召,True,𧦝也。从口刀聲。,直少切,紹,8508,聲,繼也。从糸召聲。一曰紹，緊糾也。,市沼切,dzyewX,常開三宵上,identical_fanqie,drjewH,,not_in_bs,*[d]raw-s,mc_match,NA,,说文: shuowenjiezi/shuowen; 广韵: tshet-uinh 0.15.1; BS2014: digling/cddb Baxter2014/raw/D_ocbs.tsv
召,True,𧦝也。从口刀聲。,直少切,蛁,8750,聲,蟲也。从虫召聲。,都僚切,tew,端開四蕭平,initial+rhyme+tone,drjewH,,not_in_bs,*[d]raw-s,mc_match,NA,,说文: shuowenjiezi/shuowen; 广韵: tshet-uinh 0.15.1; BS2014: digling/cddb Baxter2014/raw/D_ocbs.tsv
召,True,𧦝也。从口刀聲。,直少切,劭,9179,聲,勉也。从力召聲。讀若舜樂《韶》。,寔照切,dzyewH,常開三宵去,identical_fanqie,drjewH,,not_in_bs,*[d]raw-s,mc_match,NA,,说文: shuowenjiezi/shuowen; 广韵: tshet-uinh 0.15.1; BS2014: digling/cddb Baxter2014/raw/D_ocbs.tsv
召,True,𧦝也。从口刀聲。,直少切,鉊,9310,聲,大𨮯也。从金召聲。鎌謂之鉊，張徹說。,止搖切,tsyew,章開三宵平,initial+rhyme+tone,drjewH,,not_in_bs,*[d]raw-s,mc_match,NA,,说文: shuowenjiezi/shuowen; 广韵: tshet-uinh 0.15.1; BS2014: digling/cddb Baxter2014/raw/D_ocbs.tsv
召,True,𧦝也。从口刀聲。,直少切,軺,9471,聲,小車也。从車召聲。,以招切,yew,以開三宵平,initial+rhyme+tone,drjewH,,not_in_bs,*[d]raw-s,mc_match,NA,,说文: shuowenjiezi/shuowen; 广韵: tshet-uinh 0.15.1; BS2014: digling/cddb Baxter2014/raw/D_ocbs.tsv
召,True,𧦝也。从口刀聲。,直少切,𨹸,9641,聲,耕以臿浚出下壚土也。一曰耕休田也。从𨸏从土，召聲。,之少切,tsyewH,章開三宵去,identical_fanqie,drjewH,,not_in_bs,*[d]raw-s,mc_match,NA,,说文: shuowenjiezi/shuowen; 广韵: tshet-uinh 0.15.1; BS2014: digling/cddb Baxter2014/raw/D_ocbs.tsv
史,True,記事者也。从又持中。中，正也。凡史之屬皆从史。,疏士切,吏,5,亦聲,治人者也。从一从史，史亦聲。,力置切,liH,來開三之去,identical_fanqie,sriX,*[r]əʔ-s,mc_match,*s-rəʔ,mc_match,R,"pre,suf;uncertain",说文: shuowenjiezi/shuowen; 广韵: tshet-uinh 0.15.1; BS2014: digling/cddb Baxter2014/raw/D_ocbs.tsv
吅,True,驚嘑也。从二口。凡吅之屬皆从吅。讀若讙。,況袁切,單,974,亦聲,大也。从吅、红，吅亦聲。闕。,都寒切,tan,端開一寒平,identical_fanqie,xjwon,*Cə.tˤar,mc_match,*qʷʰar,mc_match,O2,"pre,ini,phar",说文: shuowenjiezi/shuowen; 广韵: tshet-uinh 0.15.1; BS2014: digling/cddb Baxter2014/raw/D_ocbs.tsv
吅,True,驚嘑也。从二口。凡吅之屬皆从吅。讀若讙。,況袁切,患,6902,亦聲,憂也。从心上貫吅，吅亦聲。,胡丱切,hwaenH,匣合二刪去,initial+rhyme+tone,xjwon,*[g]ˤro[n]-s,mc_match,*qʷʰar,mc_match,C,"ini,phar,med,v,coda,suf;uncertain",说文: shuowenjiezi/shuowen; 广韵: tshet-uinh 0.15.1; BS2014: digling/cddb Baxter2014/raw/D_ocbs.tsv
吅,True,驚嘑也。从二口。凡吅之屬皆从吅。讀若讙。,況袁切,雚,2314,聲,小爵也。从雈吅聲。《詩》曰：“雚鳴于垤。”,工奐切,kwanH,見合一寒去,initial+rhyme+tone,xjwon,*C.qʷˤar-s,mc_match,*qʷʰar,mc_match,O,"pre,ini,phar,suf",说文: shuowenjiezi/shuowen; 广韵: tshet-uinh 0.15.1; BS2014: digling/cddb Baxter2014/raw/D_ocbs.tsv
合,True,合口也。从亼从口。,候閤切,㪉,2019,亦聲,合會也。从攴从合，合亦聲。,古沓切,,,none,hop,,not_in_bs,*m-kˤop,mc_match,NA,,说文: shuowenjiezi/shuowen; 广韵: tshet-uinh 0.15.1; BS2014: digling/cddb Baxter2014/raw/D_ocbs.tsv
合,True,合口也。从亼从口。,候閤切,匌,5782,亦聲,帀也。从勹从合，合亦聲。,矦閣切,kop,見開一覃入,no_match_first_reading,hop,,not_in_bs,*m-kˤop,mc_match,NA,,说文: shuowenjiezi/shuowen; 广韵: tshet-uinh 0.15.1; BS2014: digling/cddb Baxter2014/raw/D_ocbs.tsv
合,True,合口也。从亼从口。,候閤切,荅,247,聲,小尗也。从艸合聲。,都合切,top,端開一覃入,identical_fanqie,hop,*[t]ˤ[ə]p,mc_match,*m-kˤop,mc_match,V,"pre,ini,v;uncertain",说文: shuowenjiezi/shuowen; 广韵: tshet-uinh 0.15.1; BS2014: digling/cddb Baxter2014/raw/D_ocbs.tsv
合,True,合口也。从亼从口。,候閤切,䢔,1116,聲,遝也。从辵合聲。,侯閤切,hop,匣開一覃入,identical_fanqie,hop,,not_in_bs,*m-kˤop,mc_match,NA,,说文: shuowenjiezi/shuowen; 广韵: tshet-uinh 0.15.1; BS2014: digling/cddb Baxter2014/raw/D_ocbs.tsv
合,True,合口也。从亼从口。,候閤切,跲,1379,聲,躓也。从足合聲。,居怯切,kjaep,見開三C嚴入,identical_fanqie,hop,*[k](r)op,mc_match,*m-kˤop,mc_match,R,"pre,phar,med;uncertain",说文: shuowenjiezi/shuowen; 广韵: tshet-uinh 0.15.1; BS2014: digling/cddb Baxter2014/raw/D_ocbs.tsv
合,True,合口也。从亼从口。,候閤切,詥,1545,聲,諧也。从言合聲。,候閤切,hop,匣開一覃入,initial+rhyme+tone,hop,,not_in_bs,*m-kˤop,mc_match,NA,,说文: shuowenjiezi/shuowen; 广韵: tshet-uinh 0.15.1; BS2014: digling/cddb Baxter2014/raw/D_ocbs.tsv
合,True,合口也。从亼从口。,候閤切,鞈,1828,聲,防汗也。从革合聲。,古洽切,keap,見開二咸入,identical_fanqie,hop,,not_in_bs,*m-kˤop,mc_match,NA,,说文: shuowenjiezi/shuowen; 广韵: tshet-uinh 0.15.1; BS2014: digling/cddb Baxter2014/raw/D_ocbs.tsv
合,True,合口也。从亼从口。,候閤切,翕,2249,聲,起也。从羽合聲。,許及切,xip,曉開三B侵入,identical_fanqie,hop,*qʰ(r)[ə]p,mc_match,*m-kˤop,mc_match,V,"pre,ini,phar,med,v;uncertain",说文: shuowenjiezi/shuowen; 广韵: tshet-uinh 0.15.1; BS2014: digling/cddb Baxter2014/raw/D_ocbs.tsv
合,True,合口也。从亼从口。,候閤切,鴿,2372,聲,鳩屬。从鳥合聲。,古沓切,kop,見開一覃入,identical_fanqie,hop,*[k]ˤ[ə]p,mc_match,*m-kˤop,mc_match,V,"pre,v;uncertain",说文: shuowenjiezi/shuowen; 广韵: tshet-uinh 0.15.1; BS2014: digling/cddb Baxter2014/raw/D_ocbs.tsv
合,True,合口也。从亼从口。,候閤切,䶀,3074,聲,鼓聲也。从鼓合聲。,徒合切,thop,透開一覃入,rhyme+tone_only,hop,,not_in_bs,*m-kˤop,mc_match,NA,,说文: shuowenjiezi/shuowen; 广韵: tshet-uinh 0.15.1; BS2014: digling/cddb Baxter2014/raw/D_ocbs.tsv
合,True,合口也。从亼从口。,候閤切,㭘,3667,聲,劒柙也。从木合聲。,胡甲切,hop,匣開一覃入,initial_only,hop,,not_in_bs,*m-kˤop,mc_match,NA,,说文: shuowenjiezi/shuowen; 广韵: tshet-uinh 0.15.1; BS2014: digling/cddb Baxter2014/raw/D_ocbs.tsv
合,True,合口也。从亼从口。,候閤切,郃,4013,聲,左馮翊郃陽縣。从邑合聲。《詩》曰：“在郃之陽。”,𠊱閤切,hop,匣開一覃入,rhyme+tone_only,hop,,not_in_bs,*m-kˤop,mc_match,NA,,说文: shuowenjiezi/shuowen; 广韵: tshet-uinh 0.15.1; BS2014: digling/cddb Baxter2014/raw/D_ocbs.tsv
合,True,合口也。从亼从口。,候閤切,𢂷,4904,聲,士無巿有𢂷。制如榼，缺四角。爵弁服，其色韎。賤不得與裳同。司農曰：“裳，纁色。”从巿合聲。,古洽切,keap,見開二咸入,identical_fanqie,hop,,not_in_bs,*m-kˤop,mc_match,NA,,说文: shuowenjiezi/shuowen; 广韵: tshet-uinh 0.15.1; BS2014: digling/cddb Baxter2014/raw/D_ocbs.tsv
合,True,合口也。从亼从口。,候閤切,佮,5048,聲,合也。从人合聲。,古沓切,kop,見開一覃入,identical_fanqie,hop,,not_in_bs,*m-kˤop,mc_match,NA,,说文: shuowenjiezi/shuowen; 广韵: tshet-uinh 0.15.1; BS2014: digling/cddb Baxter2014/raw/D_ocbs.tsv
合,True,合口也。从亼从口。,候閤切,袷,5296,聲,衣無絮。从衣合聲。,古洽切,keap,見開二咸入,identical_fanqie,hop,,not_in_bs,*m-kˤop,mc_match,NA,,说文: shuowenjiezi/shuowen; 广韵: tshet-uinh 0.15.1; BS2014: digling/cddb Baxter2014/raw/D_ocbs.tsv
合,True,合口也。从亼从口。,候閤切,欱,5547,聲,歠也。从欠合聲。,呼合切,xop,曉開一覃入,identical_fanqie,hop,*qʰˤ[ə]p,mc_match,*m-kˤop,mc_match,V,"pre,ini,v;uncertain",说文: shuowenjiezi/shuowen; 广韵: tshet-uinh 0.15.1; BS2014: digling/cddb Baxter2014/raw/D_ocbs.tsv
合,True,合口也。从亼从口。,候閤切,頜,5588,聲,𩔞也。从頁合聲。,胡感切,homX,匣開一覃上,identical_fanqie,hop,,not_in_bs,*m-kˤop,mc_match,NA,,说文: shuowenjiezi/shuowen; 广韵: tshet-uinh 0.15.1; BS2014: digling/cddb Baxter2014/raw/D_ocbs.tsv
合,True,合口也。从亼从口。,候閤切,恰,6943,聲,用心也。从心合聲。,苦狹切,kheap,溪開二咸入,initial+rhyme+tone,hop,,not_in_bs,*m-kˤop,mc_match,NA,,说文: shuowenjiezi/shuowen; 广韵: tshet-uinh 0.15.1; BS2014: digling/cddb Baxter2014/raw/D_ocbs.tsv
合,True,合口也。从亼从口。,候閤切,洽,7293,聲,霑也。从水合聲。,矦夾切,heap,匣開二咸入,initial+rhyme+tone,hop,*N-kˤ<r>[o]p,mc_match,*m-kˤop,mc_match,R,"pre,med;uncertain",说文: shuowenjiezi/shuowen; 广韵: tshet-uinh 0.15.1; BS2014: digling/cddb Baxter2014/raw/D_ocbs.tsv
合,True,合口也。从亼从口。,候閤切,龕,7651,聲,龍皃。从龍合聲。,口含切,khom,溪開一覃平,identical_fanqie,hop,,not_in_bs,*m-kˤop,mc_match,NA,,说文: shuowenjiezi/shuowen; 广韵: tshet-uinh 0.15.1; BS2014: digling/cddb Baxter2014/raw/D_ocbs.tsv
合,True,合口也。从亼从口。,候閤切,閤,7698,聲,門㫄戶也。从門合聲。,古沓切,kop,見開一覃入,identical_fanqie,hop,*[k]ˤ[o]p,mc_match,*m-kˤop,mc_match,R,pre;uncertain,说文: shuowenjiezi/shuowen; 广韵: tshet-uinh 0.15.1; BS2014: digling/cddb Baxter2014/raw/D_ocbs.tsv
合,True,合口也。从亼从口。,候閤切,拾,7948,聲,掇也。从手合聲。,是執切,dzyip,常開三侵入,identical_fanqie,hop,*[d][ə]p,mc_match,*m-kˤop,mc_match,V,"pre,ini,phar,v;uncertain",说文: shuowenjiezi/shuowen; 广韵: tshet-uinh 0.15.1; BS2014: digling/cddb Baxter2014/raw/D_ocbs.tsv
合,True,合口也。从亼从口。,候閤切,姶,8137,聲,女字也。从女合聲。《春秋傳》曰：“嬖人婤姶。”一曰無聲。,烏合切,'op,影開一覃入,identical_fanqie,hop,,not_in_bs,*m-kˤop,mc_match,NA,,说文: shuowenjiezi/shuowen; 广韵: tshet-uinh 0.15.1; BS2014: digling/cddb Baxter2014/raw/D_ocbs.tsv
合,True,合口也。从亼从口。,候閤切,給,8542,聲,相足也。从糸合聲。,居立切,kip,見開三B侵入,identical_fanqie,hop,*[k](r)[ə]p,mc_match,*m-kˤop,mc_match,V,"pre,phar,med,v;uncertain",说文: shuowenjiezi/shuowen; 广韵: tshet-uinh 0.15.1; BS2014: digling/cddb Baxter2014/raw/D_ocbs.tsv
合,True,合口也。从亼从口。,候閤切,𧊧,8857,聲,蜃屬。有三，皆生於海。千歲化爲𧊧，秦謂之牡厲。又云百歲燕所化。魁𧊧，一名復累，老服翼所化。从虫合聲。,古沓切,,,none,hop,,not_in_bs,*m-kˤop,mc_match,NA,,说文: shuowenjiezi/shuowen; 广韵: tshet-uinh 0.15.1; BS2014: digling/cddb Baxter2014/raw/D_ocbs.tsv
后,True,遲也。从彳、幺、夊者，後也。,胡口切,㖃,5742,亦聲,厚怒聲。从口、后，后亦聲。,呼后切,xuwX,曉一侯上,identical_fanqie,huwX,,not_in_bs,*ɢˤ(r)oʔ,mc_match,NA,,说文: shuowenjiezi/shuowen; 广韵: tshet-uinh 0.15.1; BS2014: digling/cddb Baxter2014/raw/D_ocbs.tsv
后,True,遲也。从彳、幺、夊者，後也。,胡口切,茩,414,聲,薢茩也。从艸后聲。,胡口切,kuwX,見一侯上,rhyme+tone_only,huwX,,not_in_bs,*ɢˤ(r)oʔ,mc_match,NA,,说文: shuowenjiezi/shuowen; 广韵: tshet-uinh 0.15.1; BS2014: digling/cddb Baxter2014/raw/D_ocbs.tsv
后,True,遲也。从彳、幺、夊者，後也。,胡口切,逅,1210,聲,邂逅也。从辵后聲。,胡遘切,huwH,匣一侯去,identical_fanqie,huwX,*[g]ˤro-s,mc_match,*ɢˤ(r)oʔ,mc_match,O,"ini,suf;uncertain",说文: shuowenjiezi/shuowen; 广韵: tshet-uinh 0.15.1; BS2014: digling/cddb Baxter2014/raw/D_ocbs.tsv
后,True,遲也。从彳、幺、夊者，後也。,胡口切,詬,1712,聲,謑詬，恥也。从言后聲。,呼寇切,xuwH,曉一侯去,initial+rhyme+tone,huwX,,not_in_bs,*ɢˤ(r)oʔ,mc_match,NA,,说文: shuowenjiezi/shuowen; 广韵: tshet-uinh 0.15.1; BS2014: digling/cddb Baxter2014/raw/D_ocbs.tsv
后,True,遲也。从彳、幺、夊者，後也。,胡口切,缿,3290,聲,受錢器也。从缶后聲。古以瓦，今以竹。,大口切,haewngX,匣二江上,no_match_first_reading,huwX,,not_in_bs,*ɢˤ(r)oʔ,mc_match,NA,,说文: shuowenjiezi/shuowen; 广韵: tshet-uinh 0.15.1; BS2014: digling/cddb Baxter2014/raw/D_ocbs.tsv
后,True,遲也。从彳、幺、夊者，後也。,胡口切,郈,4125,聲,東平無鹽鄉。从邑后聲。,胡口切,huwX,匣一侯上,identical_fanqie,huwX,,not_in_bs,*ɢˤ(r)oʔ,mc_match,NA,,说文: shuowenjiezi/shuowen; 广韵: tshet-uinh 0.15.1; BS2014: digling/cddb Baxter2014/raw/D_ocbs.tsv
后,True,遲也。从彳、幺、夊者，後也。,胡口切,姤,8313,聲,偶也。从女后聲。,古候切,kuwH,見一侯去,identical_fanqie,huwX,,not_in_bs,*ɢˤ(r)oʔ,mc_match,NA,,说文: shuowenjiezi/shuowen; 广韵: tshet-uinh 0.15.1; BS2014: digling/cddb Baxter2014/raw/D_ocbs.tsv
后,True,遲也。从彳、幺、夊者，後也。,胡口切,垢,9085,聲,濁也。从土后聲。,古厚切,kuwX,見一侯上,identical_fanqie,huwX,,not_in_bs,*ɢˤ(r)oʔ,mc_match,NA,,说文: shuowenjiezi/shuowen; 广韵: tshet-uinh 0.15.1; BS2014: digling/cddb Baxter2014/raw/D_ocbs.tsv
否,True,不也。从口从不，不亦聲。,方久切,咅,3169,亦聲,相與語，唾而不受也。从丶从否，否亦聲。,天口切,thuwH,透一侯去,initial_only,pjuwX,,not_in_bs,*pəʔ,mc_match,NA,,说文: shuowenjiezi/shuowen; 广韵: tshet-uinh 0.15.1; BS2014: digling/cddb Baxter2014/raw/D_ocbs.tsv
否,True,不也。从口从不，不亦聲。,方久切,𦜟,2688,聲,豕肉醬也。从肉否聲。,薄口切,,,none,pjuwX,,not_in_bs,*pəʔ,mc_match,NA,,说文: shuowenjiezi/shuowen; 广韵: tshet-uinh 0.15.1; BS2014: digling/cddb Baxter2014/raw/D_ocbs.tsv
否,True,不也。从口从不，不亦聲。,方久切,嚭,3061,聲,大也。从喜否聲。《春秋傳》：“吳有太宰嚭。”,匹鄙切,phijX,滂三B脂上,identical_fanqie,pjuwX,,not_in_bs,*pəʔ,mc_match,NA,,说文: shuowenjiezi/shuowen; 广韵: tshet-uinh 0.15.1; BS2014: digling/cddb Baxter2014/raw/D_ocbs.tsv
否,True,不也。从口从不，不亦聲。,方久切,桮,3687,聲,㔶也。从木否聲。,布回切,pwoj,幫一灰平,identical_fanqie,pjuwX,,not_in_bs,*pəʔ,mc_match,NA,,说文: shuowenjiezi/shuowen; 广韵: tshet-uinh 0.15.1; BS2014: digling/cddb Baxter2014/raw/D_ocbs.tsv
否,True,不也。从口从不，不亦聲。,方久切,㫘,4234,省聲,不見也。从日，否省聲。,美畢切,mit,明三B真入,initial+rhyme+tone,pjuwX,,not_in_bs,*pəʔ,mc_match,NA,,说文: shuowenjiezi/shuowen; 广韵: tshet-uinh 0.15.1; BS2014: digling/cddb Baxter2014/raw/D_ocbs.tsv
否,True,不也。从口从不，不亦聲。,方久切,痞,4753,聲,痛也。从疒否聲。,符鄙切,bijX,並三B脂上,identical_fanqie,pjuwX,,not_in_bs,*pəʔ,mc_match,NA,,说文: shuowenjiezi/shuowen; 广韵: tshet-uinh 0.15.1; BS2014: digling/cddb Baxter2014/raw/D_ocbs.tsv
否,True,不也。从口从不，不亦聲。,方久切,𦊾,4814,聲,兔罟也。从网否聲。,縛牟切,,,none,pjuwX,,not_in_bs,*pəʔ,mc_match,NA,,说文: shuowenjiezi/shuowen; 广韵: tshet-uinh 0.15.1; BS2014: digling/cddb Baxter2014/raw/D_ocbs.tsv
否,True,不也。从口从不，不亦聲。,方久切,䫠,5682,聲,短須髮皃。从須否聲。,敷悲切,phij,滂三B脂平,identical_fanqie,pjuwX,,not_in_bs,*pəʔ,mc_match,NA,,说文: shuowenjiezi/shuowen; 广韵: tshet-uinh 0.15.1; BS2014: digling/cddb Baxter2014/raw/D_ocbs.tsv
否,True,不也。从口从不，不亦聲。,方久切,娝,8275,聲,不肖也。从女否聲。讀若竹皮箁。,匹才切,pijX,幫三B脂上,no_match_first_reading,pjuwX,,not_in_bs,*pəʔ,mc_match,NA,,说文: shuowenjiezi/shuowen; 广韵: tshet-uinh 0.15.1; BS2014: digling/cddb Baxter2014/raw/D_ocbs.tsv
含,True,嗛也。从口今聲。,胡男切,琀,203,亦聲,送死口中玉也。从玉从含，含亦聲。,胡紺切,homH,匣開一覃去,identical_fanqie,hom,,not_in_bs,*Cə-m-kˤ[ə]m,mc_match,NA,,说文: shuowenjiezi/shuowen; 广韵: tshet-uinh 0.15.1; BS2014: digling/cddb Baxter2014/raw/D_ocbs.tsv
含,True,嗛也。从口今聲。,胡男切,頷,5619,聲,面黃也。从頁含聲。,胡感切,homX,匣開一覃上,identical_fanqie,hom,*[ɢ]ˤ[ə]mʔ,mc_match,*Cə-m-kˤ[ə]m,mc_match,O,"pre,ini,suf;uncertain",说文: shuowenjiezi/shuowen; 广韵: tshet-uinh 0.15.1; BS2014: digling/cddb Baxter2014/raw/D_ocbs.tsv
善,True,吉也。从誩从羊。此與義美同意。,常衍切,鄯,3998,亦聲,鄯善，西胡國也。从邑从善，善亦聲。,時戰切,dzyenH,常開三仙去,identical_fanqie,dzyenX,,not_in_bs,*[g]e[n]ʔ,mc_match,NA,,说文: shuowenjiezi/shuowen; 广韵: tshet-uinh 0.15.1; BS2014: digling/cddb Baxter2014/raw/D_ocbs.tsv
善,True,吉也。从誩从羊。此與義美同意。,常衍切,膳,2661,聲,具食也。从肉善聲。,常衍切,dzyenH,常開三仙去,initial+rhyme+tone,dzyenX,,not_in_bs,*[g]e[n]ʔ,mc_match,NA,,说文: shuowenjiezi/shuowen; 广韵: tshet-uinh 0.15.1; BS2014: digling/cddb Baxter2014/raw/D_ocbs.tsv
善,True,吉也。从誩从羊。此與義美同意。,常衍切,僐,5117,聲,作姿也。从人善聲。,堂演切,dzyenX,常開三仙上,rhyme+tone_only,dzyenX,,not_in_bs,*[g]e[n]ʔ,mc_match,NA,,说文: shuowenjiezi/shuowen; 广韵: tshet-uinh 0.15.1; BS2014: digling/cddb Baxter2014/raw/D_ocbs.tsv
善,True,吉也。从誩从羊。此與義美同意。,常衍切,𩕊,5633,聲,倨視人也。从頁善聲。,旨善切,tsyenX,章開三仙上,identical_fanqie,dzyenX,,not_in_bs,*[g]e[n]ʔ,mc_match,NA,,说文: shuowenjiezi/shuowen; 广韵: tshet-uinh 0.15.1; BS2014: digling/cddb Baxter2014/raw/D_ocbs.tsv
善,True,吉也。从誩从羊。此與義美同意。,常衍切,嫸,8253,聲,好枝格人語也。一曰靳也。从女善聲。,旨善切,tsyenX,章開三仙上,identical_fanqie,dzyenX,,not_in_bs,*[g]e[n]ʔ,mc_match,NA,,说文: shuowenjiezi/shuowen; 广韵: tshet-uinh 0.15.1; BS2014: digling/cddb Baxter2014/raw/D_ocbs.tsv
善,True,吉也。从誩从羊。此與義美同意。,常衍切,繕,8641,聲,補也。从糸善聲。,時戰切,dzyenH,常開三仙去,identical_fanqie,dzyenX,*[g]e[n]ʔ-s,mc_match,*[g]e[n]ʔ,mc_match,R,suf;uncertain,说文: shuowenjiezi/shuowen; 广韵: tshet-uinh 0.15.1; BS2014: digling/cddb Baxter2014/raw/D_ocbs.tsv
喜,True,樂也。从壴从口。凡喜之屬皆从喜。,虚里切,憙,3060,亦聲,說也。从心从喜，喜亦聲。,許記切,xiH,曉開三C之去,identical_fanqie,xiX,,not_in_bs,*qʰ(r)əʔ,mc_match,NA,,说文: shuowenjiezi/shuowen; 广韵: tshet-uinh 0.15.1; BS2014: digling/cddb Baxter2014/raw/D_ocbs.tsv
喜,True,樂也。从壴从口。凡喜之屬皆从喜。,虚里切,禧,13,聲,禮吉也。从示喜聲。,許其切,xi,曉開三C之平,identical_fanqie,xiX,,not_in_bs,*qʰ(r)əʔ,mc_match,NA,,说文: shuowenjiezi/shuowen; 广韵: tshet-uinh 0.15.1; BS2014: digling/cddb Baxter2014/raw/D_ocbs.tsv
喜,True,樂也。从壴从口。凡喜之屬皆从喜。,虚里切,譆,1619,聲,痛也。从言喜聲。,火衣切,xi,曉開三C之平,initial_only,xiX,,not_in_bs,*qʰ(r)əʔ,mc_match,NA,,说文: shuowenjiezi/shuowen; 广韵: tshet-uinh 0.15.1; BS2014: digling/cddb Baxter2014/raw/D_ocbs.tsv
喜,True,樂也。从壴从口。凡喜之屬皆从喜。,虚里切,瞦,2095,聲,目童子精也。从目喜聲。讀若禧。,許其切,xi,曉開三C之平,identical_fanqie,xiX,,not_in_bs,*qʰ(r)əʔ,mc_match,NA,,说文: shuowenjiezi/shuowen; 广韵: tshet-uinh 0.15.1; BS2014: digling/cddb Baxter2014/raw/D_ocbs.tsv
喜,True,樂也。从壴从口。凡喜之屬皆从喜。,虚里切,饎,3202,聲,酒食也。从食喜聲。《詩》曰：“可以饙饎。”,昌志切,tsyhiH,昌開三之去,identical_fanqie,xiX,,not_in_bs,*qʰ(r)əʔ,mc_match,NA,,说文: shuowenjiezi/shuowen; 广韵: tshet-uinh 0.15.1; BS2014: digling/cddb Baxter2014/raw/D_ocbs.tsv
喜,True,樂也。从壴从口。凡喜之屬皆从喜。,虚里切,僖,5067,聲,樂也。从人喜聲。,許其切,xi,曉開三C之平,identical_fanqie,xiX,,not_in_bs,*qʰ(r)əʔ,mc_match,NA,,说文: shuowenjiezi/shuowen; 广韵: tshet-uinh 0.15.1; BS2014: digling/cddb Baxter2014/raw/D_ocbs.tsv
喜,True,樂也。从壴从口。凡喜之屬皆从喜。,虚里切,熹,6426,聲,炙也。从火喜聲。,許其切,xi,曉開三C之平,identical_fanqie,xiX,*qʰ(r)ə,mc_match,*qʰ(r)əʔ,mc_match,R,suf;uncertain,说文: shuowenjiezi/shuowen; 广韵: tshet-uinh 0.15.1; BS2014: digling/cddb Baxter2014/raw/D_ocbs.tsv
喜,True,樂也。从壴从口。凡喜之屬皆从喜。,虚里切,𢜳,6854,聲,小怒也。从心喜聲。,充世切,tsyhejH,昌開三祭去,initial+rhyme+tone,xiX,,not_in_bs,*qʰ(r)əʔ,mc_match,NA,,说文: shuowenjiezi/shuowen; 广韵: tshet-uinh 0.15.1; BS2014: digling/cddb Baxter2014/raw/D_ocbs.tsv
四,True,陰𢿙也。象四分之形。凡四之屬皆从四。,息利切,牭,735,亦聲,四歲牛。从牛从四，四亦聲。,息利切,sijH,心開三脂去,identical_fanqie,sijH,,not_in_bs,*s.li[j]-s,mc_match,NA,,说文: shuowenjiezi/shuowen; 广韵: tshet-uinh 0.15.1; BS2014: digling/cddb Baxter2014/raw/D_ocbs.tsv
四,True,陰𢿙也。象四分之形。凡四之屬皆从四。,息利切,呬,823,聲,東夷謂息爲呬。从口四聲。《詩》曰：“犬夷呬矣。”,虚器切,xijH,曉開三B脂去,rhyme+tone_only,sijH,,not_in_bs,*s.li[j]-s,mc_match,NA,,说文: shuowenjiezi/shuowen; 广韵: tshet-uinh 0.15.1; BS2014: digling/cddb Baxter2014/raw/D_ocbs.tsv
四,True,陰𢿙也。象四分之形。凡四之屬皆从四。,息利切,柶,3686,聲,《禮》有柶。柶，匕也。从木四聲。,息利切,sijH,心開三脂去,identical_fanqie,sijH,,not_in_bs,*s.li[j]-s,mc_match,NA,,说文: shuowenjiezi/shuowen; 广韵: tshet-uinh 0.15.1; BS2014: digling/cddb Baxter2014/raw/D_ocbs.tsv
四,True,陰𢿙也。象四分之形。凡四之屬皆从四。,息利切,駟,6161,聲,一乘也。从馬四聲。,息利切,sijH,心開三脂去,identical_fanqie,sijH,*s.li[j]-s,mc_match,*s.li[j]-s,mc_match,I,;uncertain,说文: shuowenjiezi/shuowen; 广韵: tshet-uinh 0.15.1; BS2014: digling/cddb Baxter2014/raw/D_ocbs.tsv
四,True,陰𢿙也。象四分之形。凡四之屬皆从四。,息利切,泗,7040,聲,受泲水，東入淮。从水四聲。,息利切,sijH,心開三脂去,identical_fanqie,sijH,,not_in_bs,*s.li[j]-s,mc_match,NA,,说文: shuowenjiezi/shuowen; 广韵: tshet-uinh 0.15.1; BS2014: digling/cddb Baxter2014/raw/D_ocbs.tsv
因,True,就也。从囗、大。,於眞切,姻,8088,亦聲,壻家也。女之所因，故曰姻。从女从因，因亦聲。,於眞切,'jin,影開三A真平,initial_only,'jin,,not_in_bs,*ʔi[n],mc_match,NA,,说文: shuowenjiezi/shuowen; 广韵: tshet-uinh 0.15.1; BS2014: digling/cddb Baxter2014/raw/D_ocbs.tsv
因,True,就也。从囗、大。,於眞切,茵,610,聲,車重席。从艸因聲。,於眞切,'jin,影開三A真平,initial_only,'jin,,not_in_bs,*ʔi[n],mc_match,NA,,说文: shuowenjiezi/shuowen; 广韵: tshet-uinh 0.15.1; BS2014: digling/cddb Baxter2014/raw/D_ocbs.tsv
因,True,就也。从囗、大。,於眞切,咽,788,聲,嗌也。从口因聲。,烏前切,'en,影開四先平,identical_fanqie,'jin,*ʔˤi[n],mc_match,*ʔi[n],mc_match,R,phar;uncertain,说文: shuowenjiezi/shuowen; 广韵: tshet-uinh 0.15.1; BS2014: digling/cddb Baxter2014/raw/D_ocbs.tsv
因,True,就也。从囗、大。,於眞切,欭,5550,聲,嚘也。从欠因聲。,乙冀切,'ijH,影開三B脂去,identical_fanqie,'jin,,not_in_bs,*ʔi[n],mc_match,NA,,说文: shuowenjiezi/shuowen; 广韵: tshet-uinh 0.15.1; BS2014: digling/cddb Baxter2014/raw/D_ocbs.tsv
因,True,就也。从囗、大。,於眞切,駰,6120,聲,馬陰白雜毛。黑。从馬因聲。《詩》曰：“有駰有騢。”,於眞切,'jin,影開三A真平,initial_only,'jin,*ʔ<r>i[n],single_reading,*ʔi[n],mc_match,R,med;uncertain,说文: shuowenjiezi/shuowen; 广韵: tshet-uinh 0.15.1; BS2014: digling/cddb Baxter2014/raw/D_ocbs.tsv
因,True,就也。从囗、大。,於眞切,恩,6716,聲,惠也。从心因聲。,烏痕切,'on,影開一痕平,identical_fanqie,'jin,*ʔˤə[n],mc_match,*ʔi[n],mc_match,V,"phar,v;uncertain",说文: shuowenjiezi/shuowen; 广韵: tshet-uinh 0.15.1; BS2014: digling/cddb Baxter2014/raw/D_ocbs.tsv
因,True,就也。从囗、大。,於眞切,洇,7085,聲,水也。从水因聲。,於眞切,'jin,影開三A真平,initial_only,'jin,,not_in_bs,*ʔi[n],mc_match,NA,,说文: shuowenjiezi/shuowen; 广韵: tshet-uinh 0.15.1; BS2014: digling/cddb Baxter2014/raw/D_ocbs.tsv
因,True,就也。从囗、大。,於眞切,㧢,7976,聲,就也。从手因聲。,於眞切,'jin,影開三A真平,initial_only,'jin,,not_in_bs,*ʔi[n],mc_match,NA,,说文: shuowenjiezi/shuowen; 广韵: tshet-uinh 0.15.1; BS2014: digling/cddb Baxter2014/raw/D_ocbs.tsv
囪,True,在牆曰牖，在屋曰囪。象形。凡囪之屬皆从囪。,楚江切,悤,6546,亦聲,多遽悤悤也。从心、囪，囪亦聲。,倉紅切,tshuwng,清一東平,identical_fanqie,tsrhaewng,,not_in_bs,,not_in_bs,NA,,说文: shuowenjiezi/shuowen; 广韵: tshet-uinh 0.15.1; BS2014: digling/cddb Baxter2014/raw/D_ocbs.tsv
圥,False,,,鼀,8956,亦聲,圥鼀，詹諸也。其鳴詹諸，其皮鼀鼀，其行圥圥。从黽从圥，圥亦聲。,七宿切,tshjuwk,清三東入,identical_fanqie,,,not_in_bs,,not_in_bs,NA,,说文: shuowenjiezi/shuowen; 广韵: tshet-uinh 0.15.1; BS2014: digling/cddb Baxter2014/raw/D_ocbs.tsv
圥,False,,,坴,8990,聲,土塊坴坴也。从土圥聲。讀若逐。一曰坴梁。,力竹切,ljuwk,來三東入,identical_fanqie,,,not_in_bs,,not_in_bs,NA,,说文: shuowenjiezi/shuowen; 广韵: tshet-uinh 0.15.1; BS2014: digling/cddb Baxter2014/raw/D_ocbs.tsv
坴,True,土塊坴坴也。从土圥聲。讀若逐。一曰坴梁。,力竹切,陸,9576,亦聲,高平地。从𨸏从坴，坴亦聲。,力竹切,ljuwk,來三東入,identical_fanqie,ljuwk,*[r]uk,mc_match,,not_in_bs,NA,,说文: shuowenjiezi/shuowen; 广韵: tshet-uinh 0.15.1; BS2014: digling/cddb Baxter2014/raw/D_ocbs.tsv
坴,True,土塊坴坴也。从土圥聲。讀若逐。一曰坴梁。,力竹切,睦,2148,聲,目順也。从目坴聲。一曰敬和也。,莫卜切,mjuwk,明三C東入,initial+rhyme+tone,ljuwk,*mr[uk],mc_match,,not_in_bs,NA,,说文: shuowenjiezi/shuowen; 广韵: tshet-uinh 0.15.1; BS2014: digling/cddb Baxter2014/raw/D_ocbs.tsv
坴,True,土塊坴坴也。从土圥聲。讀若逐。一曰坴梁。,力竹切,𪂚,2410,聲,蔞鵝也。从鳥坴聲。,力竹切,,,none,ljuwk,,not_in_bs,,not_in_bs,NA,,说文: shuowenjiezi/shuowen; 广韵: tshet-uinh 0.15.1; BS2014: digling/cddb Baxter2014/raw/D_ocbs.tsv
坴,True,土塊坴坴也。从土圥聲。讀若逐。一曰坴梁。,力竹切,稑,4360,聲,疾孰也。从禾坴聲。《詩》曰：“黍稷種稑。”,力竹切,ljuwk,來三東入,identical_fanqie,ljuwk,,not_in_bs,,not_in_bs,NA,,说文: shuowenjiezi/shuowen; 广韵: tshet-uinh 0.15.1; BS2014: digling/cddb Baxter2014/raw/D_ocbs.tsv
塞,True,隔也。从土从𡨄。,先代切,簺,2989,亦聲,行棊相塞謂之簺。从竹从塞，塞亦聲。,先代切,sojH,心開一咍去,identical_fanqie,sojH,,not_in_bs,*[s]ˤək-s,mc_match,NA,,说文: shuowenjiezi/shuowen; 广韵: tshet-uinh 0.15.1; BS2014: digling/cddb Baxter2014/raw/D_ocbs.tsv
塞,True,隔也。从土从𡨄。,先代切,賽,3983,省聲,報也。从貝，塞省聲。,先代切,sojH,心開一咍去,identical_fanqie,sojH,,not_in_bs,*[s]ˤək-s,mc_match,NA,,说文: shuowenjiezi/shuowen; 广韵: tshet-uinh 0.15.1; BS2014: digling/cddb Baxter2014/raw/D_ocbs.tsv
塞,True,隔也。从土从𡨄。,先代切,𢥛,6725,省聲,實也。从心，塞省聲。《虞書》曰：“剛而𢥛。”,先則切,sok,心開一登入,initial+rhyme+tone,sojH,,not_in_bs,*[s]ˤək-s,mc_match,NA,,说文: shuowenjiezi/shuowen; 广韵: tshet-uinh 0.15.1; BS2014: digling/cddb Baxter2014/raw/D_ocbs.tsv
壬,True,位北方也。陰極陽生，故《易》曰：“龍戰于野。”戰者，接也。象人褢妊之形。承亥壬以子，生之敘也。與巫同意。壬承辛，象人脛。脛，任體也。凡壬之屬皆从壬。,如林切,妊,8093,亦聲,孕也。从女从壬，壬亦聲。,如甚切,nyimH,日開三侵去,initial+rhyme+tone,nyim,,not_in_bs,*n[ə]m,mc_match,NA,,说文: shuowenjiezi/shuowen; 广韵: tshet-uinh 0.15.1; BS2014: digling/cddb Baxter2014/raw/D_ocbs.tsv
壬,True,位北方也。陰極陽生，故《易》曰：“龍戰于野。”戰者，接也。象人褢妊之形。承亥壬以子，生之敘也。與巫同意。壬承辛，象人脛。脛，任體也。凡壬之屬皆从壬。,如林切,呈,872,聲,平也。从口壬聲。,直貞切,drjeng,澄開三清平,identical_fanqie,nyim,*lreŋ,mc_match,*n[ə]m,mc_match,C,"ini,med,v,coda;uncertain",说文: shuowenjiezi/shuowen; 广韵: tshet-uinh 0.15.1; BS2014: digling/cddb Baxter2014/raw/D_ocbs.tsv
壬,True,位北方也。陰極陽生，故《易》曰：“龍戰于野。”戰者，接也。象人褢妊之形。承亥壬以子，生之敘也。與巫同意。壬承辛，象人脛。脛，任體也。凡壬之屬皆从壬。,如林切,廷,1260,聲,朝中也。从廴壬聲。,特丁切,deng,定開四青平,identical_fanqie,nyim,*lˤeŋ,mc_match,*n[ə]m,mc_match,C,"ini,phar,v,coda;uncertain",说文: shuowenjiezi/shuowen; 广韵: tshet-uinh 0.15.1; BS2014: digling/cddb Baxter2014/raw/D_ocbs.tsv
壬,True,位北方也。陰極陽生，故《易》曰：“龍戰于野。”戰者，接也。象人褢妊之形。承亥壬以子，生之敘也。與巫同意。壬承辛，象人脛。脛，任體也。凡壬之屬皆从壬。,如林切,飪,3192,聲,大孰也。从食壬聲。,如甚切,nyimX,日開三侵上,identical_fanqie,nyim,*n[ə]mʔ,mc_match,*n[ə]m,mc_match,R,suf;uncertain,说文: shuowenjiezi/shuowen; 广韵: tshet-uinh 0.15.1; BS2014: digling/cddb Baxter2014/raw/D_ocbs.tsv
壬,True,位北方也。陰極陽生，故《易》曰：“龍戰于野。”戰者，接也。象人褢妊之形。承亥壬以子，生之敘也。與巫同意。壬承辛，象人脛。脛，任體也。凡壬之屬皆从壬。,如林切,任,5064,聲,符也。从人壬聲。,如林切,nyim,日開三侵平,identical_fanqie,nyim,*n[ə]m-s,single_reading,*n[ə]m,mc_match,R,suf;uncertain,说文: shuowenjiezi/shuowen; 广韵: tshet-uinh 0.15.1; BS2014: digling/cddb Baxter2014/raw/D_ocbs.tsv
壬,True,位北方也。陰極陽生，故《易》曰：“龍戰于野。”戰者，接也。象人褢妊之形。承亥壬以子，生之敘也。與巫同意。壬承辛，象人脛。脛，任體也。凡壬之屬皆从壬。,如林切,衽,5241,聲,衣䘳也。从衣壬聲。,如甚切,nyimH,日開三侵去,initial+rhyme+tone,nyim,*n[ə]mʔ-s,mc_match,*n[ə]m,mc_match,R,suf;uncertain,说文: shuowenjiezi/shuowen; 广韵: tshet-uinh 0.15.1; BS2014: digling/cddb Baxter2014/raw/D_ocbs.tsv
壬,True,位北方也。陰極陽生，故《易》曰：“龍戰于野。”戰者，接也。象人褢妊之形。承亥壬以子，生之敘也。與巫同意。壬承辛，象人脛。脛，任體也。凡壬之屬皆从壬。,如林切,聽,7765,聲,聆也。从耳、㥁，壬聲。,他定切,thengH,透開四青去,identical_fanqie,nyim,*l̥ˤeŋ-s,mc_match,*n[ə]m,mc_match,C,"ini,phar,v,coda,suf;uncertain",说文: shuowenjiezi/shuowen; 广韵: tshet-uinh 0.15.1; BS2014: digling/cddb Baxter2014/raw/D_ocbs.tsv
壬,True,位北方也。陰極陽生，故《易》曰：“龍戰于野。”戰者，接也。象人褢妊之形。承亥壬以子，生之敘也。與巫同意。壬承辛，象人脛。脛，任體也。凡壬之屬皆从壬。,如林切,紝,8491,聲,機縷也。从糸壬聲。,如甚切,nyim,日開三侵平,initial_only,nyim,*n[ə]m,mc_match,*n[ə]m,mc_match,I,;uncertain,说文: shuowenjiezi/shuowen; 广韵: tshet-uinh 0.15.1; BS2014: digling/cddb Baxter2014/raw/D_ocbs.tsv
壯,True,大也。从士爿聲。,側亮切,𤞛,6303,亦聲,妄彊犬也。从犬从壯，壯亦聲。,徂朗切,dzjang,從開三陽平,initial_only,tsrjangH,,not_in_bs,*[ts]<r>aŋ-s,mc_match,NA,,说文: shuowenjiezi/shuowen; 广韵: tshet-uinh 0.15.1; BS2014: digling/cddb Baxter2014/raw/D_ocbs.tsv
壯,True,大也。从士爿聲。,側亮切,奘,6635,亦聲,駔大也。从亣从壯，壯亦聲。,徂朗切,dzangX,從開一唐上,identical_fanqie,tsrjangH,,not_in_bs,*[ts]<r>aŋ-s,mc_match,NA,,说文: shuowenjiezi/shuowen; 广韵: tshet-uinh 0.15.1; BS2014: digling/cddb Baxter2014/raw/D_ocbs.tsv
壯,True,大也。从士爿聲。,側亮切,裝,5326,聲,裹也。从衣壯聲。,側羊切,tsrjang,莊開三陽平,identical_fanqie,tsrjangH,,not_in_bs,*[ts]<r>aŋ-s,mc_match,NA,,说文: shuowenjiezi/shuowen; 广韵: tshet-uinh 0.15.1; BS2014: digling/cddb Baxter2014/raw/D_ocbs.tsv
壴,True,陳樂立而上見也。从屮从豆。凡壴之屬皆从壴。,中句切,鼓,2041,亦聲,擊鼓也。从攴从壴，壴亦聲。,公戶切,kuX,見一模上,identical_fanqie,trjuH,*[k]ˤaʔ,mc_match,*t<r>oʔ-s,mc_match,V,"ini,phar,med,v,suf;uncertain",说文: shuowenjiezi/shuowen; 广韵: tshet-uinh 0.15.1; BS2014: digling/cddb Baxter2014/raw/D_ocbs.tsv
夰,True,放也。从大而八分也。凡夰之屬皆从夰。,古老切,奡,6630,亦聲,嫚也。从𦣻从夰，夰亦聲。《虞書》曰：“若丹朱奡。”讀若傲。《論語》：“奡湯舟。”,五到切,ngawH,疑開一豪去,identical_fanqie,kawX,,not_in_bs,,not_in_bs,NA,,说文: shuowenjiezi/shuowen; 广韵: tshet-uinh 0.15.1; BS2014: digling/cddb Baxter2014/raw/D_ocbs.tsv
夰,True,放也。从大而八分也。凡夰之屬皆从夰。,古老切,昦,6631,亦聲,春爲昦天，元气昦昦。从日、夰，夰亦聲。,胡老切,hawX,匣開一豪上,identical_fanqie,kawX,,not_in_bs,,not_in_bs,NA,,说文: shuowenjiezi/shuowen; 广韵: tshet-uinh 0.15.1; BS2014: digling/cddb Baxter2014/raw/D_ocbs.tsv
夾,True,持也。从大俠二人。,古狎切,䩡,1798,亦聲,鞮䩡沙也。从革从夾，夾亦聲。,古洽切,keap,見開二咸入,identical_fanqie,keap,,not_in_bs,*kˤ<r>ep,mc_match,NA,,说文: shuowenjiezi/shuowen; 广韵: tshet-uinh 0.15.1; BS2014: digling/cddb Baxter2014/raw/D_ocbs.tsv
夾,True,持也。从大俠二人。,古狎切,荚,512,聲,艸實。从艸夾聲。,古叶切,,,none,keap,,not_in_bs,*kˤ<r>ep,mc_match,NA,,说文: shuowenjiezi/shuowen; 广韵: tshet-uinh 0.15.1; BS2014: digling/cddb Baxter2014/raw/D_ocbs.tsv
夾,True,持也。从大俠二人。,古狎切,唊,899,聲,妄語也。从口夾聲。讀若莢。,古叶切,kep,見開四添入,initial+rhyme+tone,keap,,not_in_bs,*kˤ<r>ep,mc_match,NA,,说文: shuowenjiezi/shuowen; 广韵: tshet-uinh 0.15.1; BS2014: digling/cddb Baxter2014/raw/D_ocbs.tsv
夾,True,持也。从大俠二人。,古狎切,䀹,2093,聲,目㫄毛也。从目夾聲。,子葉切,tsjep,精開三鹽入,initial+rhyme+tone,keap,,not_in_bs,*kˤ<r>ep,mc_match,NA,,说文: shuowenjiezi/shuowen; 广韵: tshet-uinh 0.15.1; BS2014: digling/cddb Baxter2014/raw/D_ocbs.tsv
夾,True,持也。从大俠二人。,古狎切,翜,2254,聲,捷也。飛之疾也。从羽夾聲。讀若瀒。一曰俠也。,山洽切,srip,生開三侵入,initial_only,keap,,not_in_bs,*kˤ<r>ep,mc_match,NA,,说文: shuowenjiezi/shuowen; 广韵: tshet-uinh 0.15.1; BS2014: digling/cddb Baxter2014/raw/D_ocbs.tsv
夾,True,持也。从大俠二人。,古狎切,梜,3778,聲,檢柙也。从木夾聲。,古洽切,kep,見開四添入,initial_only,keap,*kˤep,mc_match,*kˤ<r>ep,mc_match,R,med,说文: shuowenjiezi/shuowen; 广韵: tshet-uinh 0.15.1; BS2014: digling/cddb Baxter2014/raw/D_ocbs.tsv
夾,True,持也。从大俠二人。,古狎切,郟,4060,聲,潁川縣。从邑夾聲。,工洽切,keap,見開二咸入,initial+rhyme+tone,keap,,not_in_bs,*kˤ<r>ep,mc_match,NA,,说文: shuowenjiezi/shuowen; 广韵: tshet-uinh 0.15.1; BS2014: digling/cddb Baxter2014/raw/D_ocbs.tsv
夾,True,持也。从大俠二人。,古狎切,㾜,4752,聲,病息也。从疒夾聲。,苦叶切,khep,溪開四添入,initial+rhyme+tone,keap,,not_in_bs,*kˤ<r>ep,mc_match,NA,,说文: shuowenjiezi/shuowen; 广韵: tshet-uinh 0.15.1; BS2014: digling/cddb Baxter2014/raw/D_ocbs.tsv
夾,True,持也。从大俠二人。,古狎切,俠,5036,聲,俜也。从人夾聲。,胡頰切,hep,匣開四添入,identical_fanqie,keap,,not_in_bs,*kˤ<r>ep,mc_match,NA,,说文: shuowenjiezi/shuowen; 广韵: tshet-uinh 0.15.1; BS2014: digling/cddb Baxter2014/raw/D_ocbs.tsv
夾,True,持也。从大俠二人。,古狎切,頰,5586,聲,面㫄也。从頁夾聲。,古叶切,kep,見開四添入,initial+rhyme+tone,keap,,not_in_bs,*kˤ<r>ep,mc_match,NA,,说文: shuowenjiezi/shuowen; 广韵: tshet-uinh 0.15.1; BS2014: digling/cddb Baxter2014/raw/D_ocbs.tsv
夾,True,持也。从大俠二人。,古狎切,𠩘,5968,聲,𠪮也。从厂夾聲。,胡甲切,kaep,見開二銜入,rhyme+tone_only,keap,,not_in_bs,*kˤ<r>ep,mc_match,NA,,说文: shuowenjiezi/shuowen; 广韵: tshet-uinh 0.15.1; BS2014: digling/cddb Baxter2014/raw/D_ocbs.tsv
夾,True,持也。从大俠二人。,古狎切,㤲,6904,聲,思皃。从心夾聲。,苦叶切,khep,溪開四添入,initial+rhyme+tone,keap,,not_in_bs,*kˤ<r>ep,mc_match,NA,,说文: shuowenjiezi/shuowen; 广韵: tshet-uinh 0.15.1; BS2014: digling/cddb Baxter2014/raw/D_ocbs.tsv
夾,True,持也。从大俠二人。,古狎切,浹,7431,聲,洽也。从也。从水夾聲。,子協切,tsep,精開四添入,identical_fanqie,keap,,not_in_bs,*kˤ<r>ep,mc_match,NA,,说文: shuowenjiezi/shuowen; 广韵: tshet-uinh 0.15.1; BS2014: digling/cddb Baxter2014/raw/D_ocbs.tsv
夾,True,持也。从大俠二人。,古狎切,挾,7831,聲,俾持也。从手夾聲。,胡頰切,hep,匣開四添入,identical_fanqie,keap,*m-kˤep,mc_match,*kˤ<r>ep,mc_match,R,"pre,med",说文: shuowenjiezi/shuowen; 广韵: tshet-uinh 0.15.1; BS2014: digling/cddb Baxter2014/raw/D_ocbs.tsv
夾,True,持也。从大俠二人。,古狎切,㛍,8283,聲,得志㛍㛍。一曰㛍息也，一曰少气也。从女夾聲。,呼帖切,xep,曉開四添入,initial+rhyme+tone,keap,,not_in_bs,*kˤ<r>ep,mc_match,NA,,说文: shuowenjiezi/shuowen; 广韵: tshet-uinh 0.15.1; BS2014: digling/cddb Baxter2014/raw/D_ocbs.tsv
夾,True,持也。从大俠二人。,古狎切,匧,8384,聲,藏也。从匚夾聲。,苦叶切,khep,溪開四添入,initial+rhyme+tone,keap,*[k]ʰˤep,mc_match,*kˤ<r>ep,mc_match,O,"ini,med;uncertain",说文: shuowenjiezi/shuowen; 广韵: tshet-uinh 0.15.1; BS2014: digling/cddb Baxter2014/raw/D_ocbs.tsv
夾,True,持也。从大俠二人。,古狎切,綊,8663,聲,䋊綊也。从糸夾聲。,胡頰切,hep,匣開四添入,identical_fanqie,keap,,not_in_bs,*kˤ<r>ep,mc_match,NA,,说文: shuowenjiezi/shuowen; 广韵: tshet-uinh 0.15.1; BS2014: digling/cddb Baxter2014/raw/D_ocbs.tsv
夾,True,持也。从大俠二人。,古狎切,蛺,8812,聲,蛺蜨也。从虫夾聲。,兼叶切,kep,見開四添入,initial+rhyme+tone,keap,,not_in_bs,*kˤ<r>ep,mc_match,NA,,说文: shuowenjiezi/shuowen; 广韵: tshet-uinh 0.15.1; BS2014: digling/cddb Baxter2014/raw/D_ocbs.tsv
夾,True,持也。从大俠二人。,古狎切,䵌,9157,聲,赤黃也。一曰輕易人䵌姁也。从黃夾聲。,許兼切,xem,曉開四添平,identical_fanqie,keap,,not_in_bs,*kˤ<r>ep,mc_match,NA,,说文: shuowenjiezi/shuowen; 广韵: tshet-uinh 0.15.1; BS2014: digling/cddb Baxter2014/raw/D_ocbs.tsv
夾,True,持也。从大俠二人。,古狎切,鋏,9239,聲,可以持冶器鑄鎔者。从金夾聲。讀若漁人莢魚之莢。一曰若挾持。,古叶切,kep,見開四添入,initial+rhyme+tone,keap,,not_in_bs,*kˤ<r>ep,mc_match,NA,,说文: shuowenjiezi/shuowen; 广韵: tshet-uinh 0.15.1; BS2014: digling/cddb Baxter2014/raw/D_ocbs.tsv
夾,True,持也。从大俠二人。,古狎切,陜,9593,聲,隘也。从𨸏夾聲。,矦夾切,heap,匣開二咸入,initial+rhyme+tone,keap,,not_in_bs,*kˤ<r>ep,mc_match,NA,,说文: shuowenjiezi/shuowen; 广韵: tshet-uinh 0.15.1; BS2014: digling/cddb Baxter2014/raw/D_ocbs.tsv
夾,True,持也。从大俠二人。,古狎切,陝,9627,聲,弘農陝也。古虢國，王季之子所封也。从𨸏夾聲。,失冉切,syemX,書開三鹽上,identical_fanqie,keap,,not_in_bs,*kˤ<r>ep,mc_match,NA,,说文: shuowenjiezi/shuowen; 广韵: tshet-uinh 0.15.1; BS2014: digling/cddb Baxter2014/raw/D_ocbs.tsv
奇,True,異也。一曰不耦。从大从可。,渠羈切,𤘌,1323,亦聲,武牙也。从牙从奇，奇亦聲。,去奇切,khje,溪開三B支平,identical_fanqie,gje,,not_in_bs,*N-k(r)aj,mc_match,NA,,说文: shuowenjiezi/shuowen; 广韵: tshet-uinh 0.15.1; BS2014: digling/cddb Baxter2014/raw/D_ocbs.tsv
奇,True,異也。一曰不耦。从大从可。,渠羈切,徛,1254,聲,舉脛有渡也。从彳奇聲。,去奇切,gjeX,羣開三B支上,no_match_first_reading,gje,,not_in_bs,*N-k(r)aj,mc_match,NA,,说文: shuowenjiezi/shuowen; 广韵: tshet-uinh 0.15.1; BS2014: digling/cddb Baxter2014/raw/D_ocbs.tsv
奇,True,異也。一曰不耦。从大从可。,渠羈切,齮,1296,聲,齧也。从齒奇聲。,魚綺切,ngjeX,疑開三B支上,initial+rhyme+tone,gje,,not_in_bs,*N-k(r)aj,mc_match,NA,,说文: shuowenjiezi/shuowen; 广韵: tshet-uinh 0.15.1; BS2014: digling/cddb Baxter2014/raw/D_ocbs.tsv
奇,True,異也。一曰不耦。从大从可。,渠羈切,踦,1330,聲,一足也。从足奇聲。,去奇切,khje,溪開三B支平,identical_fanqie,gje,*[g](r)ajʔ,single_reading,*N-k(r)aj,mc_match,O,"pre,ini,suf;uncertain",说文: shuowenjiezi/shuowen; 广韵: tshet-uinh 0.15.1; BS2014: digling/cddb Baxter2014/raw/D_ocbs.tsv
奇,True,異也。一曰不耦。从大从可。,渠羈切,攲,1928,聲,持去也。从支奇聲。,去奇切,khje,溪開三B支平,identical_fanqie,gje,,not_in_bs,*N-k(r)aj,mc_match,NA,,说文: shuowenjiezi/shuowen; 广韵: tshet-uinh 0.15.1; BS2014: digling/cddb Baxter2014/raw/D_ocbs.tsv
奇,True,異也。一曰不耦。从大从可。,渠羈切,㱦,2551,聲,棄也。从歺奇聲。俗語謂死曰大㱦。,去其切,khje,溪開三B支平,initial_only,gje,,not_in_bs,*N-k(r)aj,mc_match,NA,,说文: shuowenjiezi/shuowen; 广韵: tshet-uinh 0.15.1; BS2014: digling/cddb Baxter2014/raw/D_ocbs.tsv
奇,True,異也。一曰不耦。从大从可。,渠羈切,剞,2738,聲,剞𠜾，曲刀也。从刀奇聲。,居綺切,kjeX,見開三B支上,identical_fanqie,gje,,not_in_bs,*N-k(r)aj,mc_match,NA,,说文: shuowenjiezi/shuowen; 广韵: tshet-uinh 0.15.1; BS2014: digling/cddb Baxter2014/raw/D_ocbs.tsv
奇,True,異也。一曰不耦。从大从可。,渠羈切,觭,2823,聲,角一俛一仰也。从角奇聲。,去奇切,khje,溪開三B支平,identical_fanqie,gje,,not_in_bs,*N-k(r)aj,mc_match,NA,,说文: shuowenjiezi/shuowen; 广韵: tshet-uinh 0.15.1; BS2014: digling/cddb Baxter2014/raw/D_ocbs.tsv
奇,True,異也。一曰不耦。从大从可。,渠羈切,椅,3445,聲,梓也。从木奇聲。,於离切,'je,影開三B支平,initial+rhyme+tone,gje,*Cə.q(r)ajʔ,single_reading,*N-k(r)aj,mc_match,O,"pre,ini,suf;uncertain",说文: shuowenjiezi/shuowen; 广韵: tshet-uinh 0.15.1; BS2014: digling/cddb Baxter2014/raw/D_ocbs.tsv
奇,True,異也。一曰不耦。从大从可。,渠羈切,旖,4274,聲,旗旖施也。从㫃奇聲。,於离切,'je,影開三B支平,initial+rhyme+tone,gje,,not_in_bs,*N-k(r)aj,mc_match,NA,,说文: shuowenjiezi/shuowen; 广韵: tshet-uinh 0.15.1; BS2014: digling/cddb Baxter2014/raw/D_ocbs.tsv
奇,True,異也。一曰不耦。从大从可。,渠羈切,寄,4589,聲,託也。从宀奇聲。,居義切,kjeH,見開三B支去,identical_fanqie,gje,*C.[k](r)aj-s,mc_match,*N-k(r)aj,mc_match,R,"pre,suf;uncertain",说文: shuowenjiezi/shuowen; 广韵: tshet-uinh 0.15.1; BS2014: digling/cddb Baxter2014/raw/D_ocbs.tsv
奇,True,異也。一曰不耦。从大从可。,渠羈切,倚,5023,聲,依也。从人奇聲。,於綺切,'jeX,影開三B支上,identical_fanqie,gje,*Cə.q(r)ajʔ,mc_match,*N-k(r)aj,mc_match,O,"pre,ini,suf;uncertain",说文: shuowenjiezi/shuowen; 广韵: tshet-uinh 0.15.1; BS2014: digling/cddb Baxter2014/raw/D_ocbs.tsv
奇,True,異也。一曰不耦。从大从可。,渠羈切,騎,6156,聲,跨馬也。从馬奇聲。,渠羈切,gje,羣開三B支平,identical_fanqie,gje,*C.g(r)aj,mc_match,*N-k(r)aj,mc_match,O,"pre,ini;uncertain",说文: shuowenjiezi/shuowen; 广韵: tshet-uinh 0.15.1; BS2014: digling/cddb Baxter2014/raw/D_ocbs.tsv
奇,True,異也。一曰不耦。从大从可。,渠羈切,猗,6281,聲,犗犬也。从犬奇聲。,於离切,'je,影開三B支平,initial+rhyme+tone,gje,,not_in_bs,*N-k(r)aj,mc_match,NA,,说文: shuowenjiezi/shuowen; 广韵: tshet-uinh 0.15.1; BS2014: digling/cddb Baxter2014/raw/D_ocbs.tsv
奇,True,異也。一曰不耦。从大从可。,渠羈切,掎,7969,聲,偏引也。从手奇聲。,居綺切,kjeX,見開三B支上,identical_fanqie,gje,,not_in_bs,*N-k(r)aj,mc_match,NA,,说文: shuowenjiezi/shuowen; 广韵: tshet-uinh 0.15.1; BS2014: digling/cddb Baxter2014/raw/D_ocbs.tsv
奇,True,異也。一曰不耦。从大从可。,渠羈切,綺,8551,聲,文繒也。从糸奇聲。,袪彼切,khjeX,溪開三B支上,initial+rhyme+tone,gje,*[k]ʰ(r)a[j]ʔ,mc_match,*N-k(r)aj,mc_match,O,"pre,ini,suf;uncertain",说文: shuowenjiezi/shuowen; 广韵: tshet-uinh 0.15.1; BS2014: digling/cddb Baxter2014/raw/D_ocbs.tsv
奇,True,異也。一曰不耦。从大从可。,渠羈切,畸,9132,聲,殘田也。从田奇聲。,居宜切,kje,見開三B支平,identical_fanqie,gje,,not_in_bs,*N-k(r)aj,mc_match,NA,,说文: shuowenjiezi/shuowen; 广韵: tshet-uinh 0.15.1; BS2014: digling/cddb Baxter2014/raw/D_ocbs.tsv
奇,True,異也。一曰不耦。从大从可。,渠羈切,錡,9283,聲,鉏䥏也。从金奇聲。江淮之閒謂釜曰錡。,魚綺切,ngjeX,疑開三B支上,initial+rhyme+tone,gje,*m.ɢ(r)ajʔ,mc_match,*N-k(r)aj,mc_match,O,"pre,ini,suf;uncertain",说文: shuowenjiezi/shuowen; 广韵: tshet-uinh 0.15.1; BS2014: digling/cddb Baxter2014/raw/D_ocbs.tsv
奇,True,異也。一曰不耦。从大从可。,渠羈切,輢,9487,聲,車㫄也。从車奇聲。,於綺切,'jeX,影開三B支上,identical_fanqie,gje,,not_in_bs,*N-k(r)aj,mc_match,NA,,说文: shuowenjiezi/shuowen; 广韵: tshet-uinh 0.15.1; BS2014: digling/cddb Baxter2014/raw/D_ocbs.tsv
奇,True,異也。一曰不耦。从大从可。,渠羈切,陭,9630,聲,上黨陭氏阪也。从𨸏奇聲。,於离切,'je,影開三B支平,initial+rhyme+tone,gje,,not_in_bs,*N-k(r)aj,mc_match,NA,,说文: shuowenjiezi/shuowen; 广韵: tshet-uinh 0.15.1; BS2014: digling/cddb Baxter2014/raw/D_ocbs.tsv
子,True,十一月，陽气動，萬物滋，人以爲偁。象形。凡子之屬皆从子。(李陽冰曰：“子在襁緥中，足併也。”),卽里切,字,9720,亦聲,乳也。从子在宀下，子亦聲。,疾置切,dziH,從開三之去,identical_fanqie,tsiX,*mə-dzə(ʔ)-s,mc_match,*[ts]əʔ,mc_match,O,"pre,ini,suf;uncertain",说文: shuowenjiezi/shuowen; 广韵: tshet-uinh 0.15.1; BS2014: digling/cddb Baxter2014/raw/D_ocbs.tsv
子,True,十一月，陽气動，萬物滋，人以爲偁。象形。凡子之屬皆从子。(李陽冰曰：“子在襁緥中，足併也。”),卽里切,芓,254,聲,麻母也。从艸子聲。一曰芓卽枲也。,疾吏切,dziH,從開三之去,initial+rhyme+tone,tsiX,,not_in_bs,*[ts]əʔ,mc_match,NA,,说文: shuowenjiezi/shuowen; 广韵: tshet-uinh 0.15.1; BS2014: digling/cddb Baxter2014/raw/D_ocbs.tsv
子,True,十一月，陽气動，萬物滋，人以爲偁。象形。凡子之屬皆从子。(李陽冰曰：“子在襁緥中，足併也。”),卽里切,孜,2005,聲,汲汲也。从攴子聲。《周書》曰：“孜孜無怠。”,子之切,tsi,精開三之平,identical_fanqie,tsiX,,not_in_bs,*[ts]əʔ,mc_match,NA,,说文: shuowenjiezi/shuowen; 广韵: tshet-uinh 0.15.1; BS2014: digling/cddb Baxter2014/raw/D_ocbs.tsv
子,True,十一月，陽气動，萬物滋，人以爲偁。象形。凡子之屬皆从子。(李陽冰曰：“子在襁緥中，足併也。”),卽里切,李,3408,聲,果也。从木子聲。,良止切,liX,來開三之上,initial+rhyme+tone,tsiX,*C.rəʔ,mc_match,*[ts]əʔ,mc_match,O,"pre,ini;uncertain",说文: shuowenjiezi/shuowen; 广韵: tshet-uinh 0.15.1; BS2014: digling/cddb Baxter2014/raw/D_ocbs.tsv
子,True,十一月，陽气動，萬物滋，人以爲偁。象形。凡子之屬皆从子。(李陽冰曰：“子在襁緥中，足併也。”),卽里切,秄,4397,聲,壅禾本。从禾子聲。,卽里切,tsiX,精開三之上,initial+rhyme+tone,tsiX,,not_in_bs,*[ts]əʔ,mc_match,NA,,说文: shuowenjiezi/shuowen; 广韵: tshet-uinh 0.15.1; BS2014: digling/cddb Baxter2014/raw/D_ocbs.tsv
子,True,十一月，陽气動，萬物滋，人以爲偁。象形。凡子之屬皆从子。(李陽冰曰：“子在襁緥中，足併也。”),卽里切,仔,5083,聲,克也。从人子聲。,子之切,tsi,精開三之平,identical_fanqie,tsiX,,not_in_bs,*[ts]əʔ,mc_match,NA,,说文: shuowenjiezi/shuowen; 广韵: tshet-uinh 0.15.1; BS2014: digling/cddb Baxter2014/raw/D_ocbs.tsv
宜,False,,,𧧼,1553,亦聲,人所宜也。从言从宜，宜亦聲。,儀寄切,,,none,ngje,,not_in_bs,*ŋ(r)aj,mc_match,NA,,说文: shuowenjiezi/shuowen; 广韵: tshet-uinh 0.15.1; BS2014: digling/cddb Baxter2014/raw/D_ocbs.tsv
少,True,不多也。从小丿聲。,書沼切,眇,2185,亦聲,一目小也。从目从少，少亦聲。,亡沼切,mjiewX,明三A宵上,identical_fanqie,syewX,*[m]ewʔ,mc_match,*[s.t]ewʔ,mc_match,O2,"pre,ini;uncertain",说文: shuowenjiezi/shuowen; 广韵: tshet-uinh 0.15.1; BS2014: digling/cddb Baxter2014/raw/D_ocbs.tsv
少,True,不多也。从小丿聲。,書沼切,訬,1662,聲,訬，擾也。一曰訬，獪。从言少聲。讀若毚。,楚交切,tsrhaew,初開二肴平,identical_fanqie,syewX,,not_in_bs,*[s.t]ewʔ,mc_match,NA,,说文: shuowenjiezi/shuowen; 广韵: tshet-uinh 0.15.1; BS2014: digling/cddb Baxter2014/raw/D_ocbs.tsv
少,True,不多也。从小丿聲。,書沼切,杪,3566,聲,木標末也。从木少聲。,亡沼切,mjiewX,明三A宵上,identical_fanqie,syewX,*[m]ewʔ,mc_match,*[s.t]ewʔ,mc_match,O2,"pre,ini;uncertain",说文: shuowenjiezi/shuowen; 广韵: tshet-uinh 0.15.1; BS2014: digling/cddb Baxter2014/raw/D_ocbs.tsv
少,True,不多也。从小丿聲。,書沼切,𨙹,4101,聲,地名。从邑少聲。,書沼切,syewX,書開三宵上,identical_fanqie,syewX,,not_in_bs,*[s.t]ewʔ,mc_match,NA,,说文: shuowenjiezi/shuowen; 广韵: tshet-uinh 0.15.1; BS2014: digling/cddb Baxter2014/raw/D_ocbs.tsv
少,True,不多也。从小丿聲。,書沼切,秒,4391,聲,禾芒也。从禾少聲。,亡沼切,mjiewX,明三A宵上,identical_fanqie,syewX,,not_in_bs,*[s.t]ewʔ,mc_match,NA,,说文: shuowenjiezi/shuowen; 广韵: tshet-uinh 0.15.1; BS2014: digling/cddb Baxter2014/raw/D_ocbs.tsv
少,True,不多也。从小丿聲。,書沼切,玅,8467,聲,急戾也。从弦省，少聲。,於霄切,mjiewH,明三A宵去,no_match_first_reading,syewX,,not_in_bs,*[s.t]ewʔ,mc_match,NA,,说文: shuowenjiezi/shuowen; 广韵: tshet-uinh 0.15.1; BS2014: digling/cddb Baxter2014/raw/D_ocbs.tsv
少,True,不多也。从小丿聲。,書沼切,劣,9188,聲,弱也。从力少聲。,力輟切,ljwet,來合三仙入,identical_fanqie,syewX,,not_in_bs,*[s.t]ewʔ,mc_match,NA,,说文: shuowenjiezi/shuowen; 广韵: tshet-uinh 0.15.1; BS2014: digling/cddb Baxter2014/raw/D_ocbs.tsv
少,True,不多也。从小丿聲。,書沼切,鈔,9390,聲,叉取也。从金少聲。,楚交切,tsrhaew,初開二肴平,identical_fanqie,syewX,,not_in_bs,*[s.t]ewʔ,mc_match,NA,,说文: shuowenjiezi/shuowen; 广韵: tshet-uinh 0.15.1; BS2014: digling/cddb Baxter2014/raw/D_ocbs.tsv
就,True,就，高也。从京从尤。尤，異於凡也。,疾僦切,僦,5184,亦聲,賃也。从人、就，就亦聲。,卽就切,tsjuwH,精三尤去,initial+rhyme+tone,dzjuwH,,not_in_bs,*[dz]u[k]-s,mc_match,NA,,说文: shuowenjiezi/shuowen; 广韵: tshet-uinh 0.15.1; BS2014: digling/cddb Baxter2014/raw/D_ocbs.tsv
就,True,就，高也。从京从尤。尤，異於凡也。,疾僦切,蹴,1349,聲,躡也。从足就聲。,七宿切,tshjuwk,清三東入,identical_fanqie,dzjuwH,,not_in_bs,*[dz]u[k]-s,mc_match,NA,,说文: shuowenjiezi/shuowen; 广韵: tshet-uinh 0.15.1; BS2014: digling/cddb Baxter2014/raw/D_ocbs.tsv
就,True,就，高也。从京从尤。尤，異於凡也。,疾僦切,𪆩,2378,聲,鳥黑色多子。師曠曰：“南方有鳥，名曰羌𪆩，黃頭赤目，五色皆備。”从鳥就聲。,疾僦切,,,none,dzjuwH,,not_in_bs,*[dz]u[k]-s,mc_match,NA,,说文: shuowenjiezi/shuowen; 广韵: tshet-uinh 0.15.1; BS2014: digling/cddb Baxter2014/raw/D_ocbs.tsv
屮,True,艸木初生也。象丨出形，有枝莖也。古文或以爲艸字。讀若徹。凡屮之屬皆从屮。尹彤說。,丑列切,叀,2494,亦聲,專小謹也。从幺省；屮，財見也；屮亦聲。凡叀之屬皆从叀。,職緣切,dzywenH,常合三仙去,rhyme+tone_only,trhjet,*ɢʷˤ[i]j-s,single_reading,,not_in_bs,NA,,说文: shuowenjiezi/shuowen; 广韵: tshet-uinh 0.15.1; BS2014: digling/cddb Baxter2014/raw/D_ocbs.tsv
屮,True,艸木初生也。象丨出形，有枝莖也。古文或以爲艸字。讀若徹。凡屮之屬皆从屮。尹彤說。,丑列切,𧈪,8842,聲,蟲曳行也。从虫屮聲。讀若騁。,丑善切,trhjenX,徹開三仙上,identical_fanqie,trhjet,,not_in_bs,,not_in_bs,NA,,说文: shuowenjiezi/shuowen; 广韵: tshet-uinh 0.15.1; BS2014: digling/cddb Baxter2014/raw/D_ocbs.tsv
屮,True,艸木初生也。象丨出形，有枝莖也。古文或以爲艸字。讀若徹。凡屮之屬皆从屮。尹彤說。,丑列切,𡴎,9568,聲,危高也。从𠂤屮聲。讀若臬。,魚列切,ngjet,疑開三B仙入,identical_fanqie,trhjet,,not_in_bs,,not_in_bs,NA,,说文: shuowenjiezi/shuowen; 广韵: tshet-uinh 0.15.1; BS2014: digling/cddb Baxter2014/raw/D_ocbs.tsv
工,True,巧飾也。象人有規榘也。與巫同意。凡工之屬皆从工。,古紅切,功,9167,亦聲,以勞定國也。从力从工，工亦聲。,古紅切,kuwng,見一東平,identical_fanqie,kuwng,*kˤoŋ,mc_match,*kˤoŋ,mc_match,I,,说文: shuowenjiezi/shuowen; 广韵: tshet-uinh 0.15.1; BS2014: digling/cddb Baxter2014/raw/D_ocbs.tsv
工,True,巧飾也。象人有規榘也。與巫同意。凡工之屬皆从工。,古紅切,玒,92,聲,玉也。从玉工聲。,戶工切,kuwng,見一東平,rhyme+tone_only,kuwng,,not_in_bs,*kˤoŋ,mc_match,NA,,说文: shuowenjiezi/shuowen; 广韵: tshet-uinh 0.15.1; BS2014: digling/cddb Baxter2014/raw/D_ocbs.tsv
工,True,巧飾也。象人有規榘也。與巫同意。凡工之屬皆从工。,古紅切,訌,1645,聲,䜋也。从言工聲。《詩》曰：“蟊賊内訌。”,戶工切,huwng,匣一東平,initial+rhyme+tone,kuwng,,not_in_bs,*kˤoŋ,mc_match,NA,,说文: shuowenjiezi/shuowen; 广韵: tshet-uinh 0.15.1; BS2014: digling/cddb Baxter2014/raw/D_ocbs.tsv
工,True,巧飾也。象人有規榘也。與巫同意。凡工之屬皆从工。,古紅切,𢀜,1880,聲,袌也。从丮工聲。,居悚切,,,none,kuwng,*k(r)oŋʔ,single_reading,*kˤoŋ,mc_match,R,"phar,med,suf;uncertain",说文: shuowenjiezi/shuowen; 广韵: tshet-uinh 0.15.1; BS2014: digling/cddb Baxter2014/raw/D_ocbs.tsv
工,True,巧飾也。象人有規榘也。與巫同意。凡工之屬皆从工。,古紅切,攻,2044,聲,擊也。从攴工聲。,古洪切,kuwng,見一東平,initial+rhyme+tone,kuwng,*kˤoŋ,mc_match,*kˤoŋ,mc_match,I,,说文: shuowenjiezi/shuowen; 广韵: tshet-uinh 0.15.1; BS2014: digling/cddb Baxter2014/raw/D_ocbs.tsv
工,True,巧飾也。象人有規榘也。與巫同意。凡工之屬皆从工。,古紅切,𦏺,2269,聲,飛聲。从羽工聲。,户公切,huwng,匣一東平,rhyme+tone_only,kuwng,,not_in_bs,*kˤoŋ,mc_match,NA,,说文: shuowenjiezi/shuowen; 广韵: tshet-uinh 0.15.1; BS2014: digling/cddb Baxter2014/raw/D_ocbs.tsv
工,True,巧飾也。象人有規榘也。與巫同意。凡工之屬皆从工。,古紅切,𨾊,2301,聲,鳥肥大𨾊𨾊也。从隹工聲。,戶工切,huwng,匣一東平,initial+rhyme+tone,kuwng,,not_in_bs,*kˤoŋ,mc_match,NA,,说文: shuowenjiezi/shuowen; 广韵: tshet-uinh 0.15.1; BS2014: digling/cddb Baxter2014/raw/D_ocbs.tsv
工,True,巧飾也。象人有規榘也。與巫同意。凡工之屬皆从工。,古紅切,缸,3280,聲,瓦也。从缶工聲。,下江切,haewng,匣二江平,identical_fanqie,kuwng,,not_in_bs,*kˤoŋ,mc_match,NA,,说文: shuowenjiezi/shuowen; 广韵: tshet-uinh 0.15.1; BS2014: digling/cddb Baxter2014/raw/D_ocbs.tsv
工,True,巧飾也。象人有規榘也。與巫同意。凡工之屬皆从工。,古紅切,杠,3658,聲,牀前橫木也。从木工聲。,古雙切,kaewng,見二江平,identical_fanqie,kuwng,,not_in_bs,*kˤoŋ,mc_match,NA,,说文: shuowenjiezi/shuowen; 广韵: tshet-uinh 0.15.1; BS2014: digling/cddb Baxter2014/raw/D_ocbs.tsv
工,True,巧飾也。象人有規榘也。與巫同意。凡工之屬皆从工。,古紅切,貢,3930,聲,獻功也。从貝工聲。,古送切,kuwngH,見一東去,identical_fanqie,kuwng,*[k]ˤom-s,mc_match,*kˤoŋ,mc_match,C,"coda,suf;uncertain",说文: shuowenjiezi/shuowen; 广韵: tshet-uinh 0.15.1; BS2014: digling/cddb Baxter2014/raw/D_ocbs.tsv
工,True,巧飾也。象人有規榘也。與巫同意。凡工之屬皆从工。,古紅切,邛,4107,聲,邛地。在濟陰縣。从邑工聲。,渠容切,gjowng,羣三C鍾平,identical_fanqie,kuwng,,not_in_bs,*kˤoŋ,mc_match,NA,,说文: shuowenjiezi/shuowen; 广韵: tshet-uinh 0.15.1; BS2014: digling/cddb Baxter2014/raw/D_ocbs.tsv
工,True,巧飾也。象人有規榘也。與巫同意。凡工之屬皆从工。,古紅切,䉺,4484,聲,陳臭米也。从米工聲。,戶工切,huwng,匣一東平,initial+rhyme+tone,kuwng,,not_in_bs,*kˤoŋ,mc_match,NA,,说文: shuowenjiezi/shuowen; 广韵: tshet-uinh 0.15.1; BS2014: digling/cddb Baxter2014/raw/D_ocbs.tsv
工,True,巧飾也。象人有規榘也。與巫同意。凡工之屬皆从工。,古紅切,空,4630,聲,竅也。从穴工聲。,苦紅切,khuwng,溪一東平,identical_fanqie,kuwng,*kʰˤoŋ,mc_match,*kˤoŋ,mc_match,O,ini,说文: shuowenjiezi/shuowen; 广韵: tshet-uinh 0.15.1; BS2014: digling/cddb Baxter2014/raw/D_ocbs.tsv
工,True,巧飾也。象人有規榘也。與巫同意。凡工之屬皆从工。,古紅切,仜,4973,聲,大腹也。从人工聲。讀若紅。,戶工切,huwng,匣一東平,initial+rhyme+tone,kuwng,,not_in_bs,*kˤoŋ,mc_match,NA,,说文: shuowenjiezi/shuowen; 广韵: tshet-uinh 0.15.1; BS2014: digling/cddb Baxter2014/raw/D_ocbs.tsv
工,True,巧飾也。象人有規榘也。與巫同意。凡工之屬皆从工。,古紅切,項,5592,聲,頭後也。从頁工聲。,胡講切,haewngX,匣二江上,identical_fanqie,kuwng,*[g]ˤroŋʔ,mc_match,*kˤoŋ,mc_match,O,"ini,med,suf;uncertain",说文: shuowenjiezi/shuowen; 广韵: tshet-uinh 0.15.1; BS2014: digling/cddb Baxter2014/raw/D_ocbs.tsv
工,True,巧飾也。象人有規榘也。與巫同意。凡工之屬皆从工。,古紅切,江,6955,聲,水。出蜀湔氐徼外崏山，入海。从水工聲。,古雙切,kaewng,見二江平,identical_fanqie,kuwng,*kˤroŋ,mc_match,*kˤoŋ,mc_match,R,med,说文: shuowenjiezi/shuowen; 广韵: tshet-uinh 0.15.1; BS2014: digling/cddb Baxter2014/raw/D_ocbs.tsv
工,True,巧飾也。象人有規榘也。與巫同意。凡工之屬皆从工。,古紅切,扛,7924,聲,橫關對舉也。从手工聲。,古雙切,kaewng,見二江平,identical_fanqie,kuwng,,not_in_bs,*kˤoŋ,mc_match,NA,,说文: shuowenjiezi/shuowen; 广韵: tshet-uinh 0.15.1; BS2014: digling/cddb Baxter2014/raw/D_ocbs.tsv
工,True,巧飾也。象人有規榘也。與巫同意。凡工之屬皆从工。,古紅切,瓨,8419,聲,似罌，長頸。受十升。讀若洪。从瓦工聲。,古雙切,haewng,匣二江平,rhyme+tone_only,kuwng,,not_in_bs,*kˤoŋ,mc_match,NA,,说文: shuowenjiezi/shuowen; 广韵: tshet-uinh 0.15.1; BS2014: digling/cddb Baxter2014/raw/D_ocbs.tsv
工,True,巧飾也。象人有規榘也。與巫同意。凡工之屬皆从工。,古紅切,紅,8582,聲,帛赤白色。从糸工聲。,戶公切,huwng,匣一東平,identical_fanqie,kuwng,*gˤoŋ,mc_match,*kˤoŋ,mc_match,O,ini,说文: shuowenjiezi/shuowen; 广韵: tshet-uinh 0.15.1; BS2014: digling/cddb Baxter2014/raw/D_ocbs.tsv
工,True,巧飾也。象人有規榘也。與巫同意。凡工之屬皆从工。,古紅切,虹,8890,聲,螮蝀也。狀似蟲。从虫工聲。《明堂月令》曰：“虹始見。”,戶工切,huwng,匣一東平,initial+rhyme+tone,kuwng,*m-kˤoŋ,mc_match,*kˤoŋ,mc_match,R,pre,说文: shuowenjiezi/shuowen; 广韵: tshet-uinh 0.15.1; BS2014: digling/cddb Baxter2014/raw/D_ocbs.tsv
工,True,巧飾也。象人有規榘也。與巫同意。凡工之屬皆从工。,古紅切,釭,9370,聲,車轂中𨮯也。从金工聲。,古雙切,kaewng,見二江平,identical_fanqie,kuwng,,not_in_bs,*kˤoŋ,mc_match,NA,,说文: shuowenjiezi/shuowen; 广韵: tshet-uinh 0.15.1; BS2014: digling/cddb Baxter2014/raw/D_ocbs.tsv
巽,True,具也。从丌𠨎聲。,蘇困切,選,1142,亦聲,遣也。从辵、巽，巽遣之；巽亦聲。一曰選，擇也。,思沇切,sjwenX,心合三仙上,initial+rhyme+tone,swonH,*[s]o[n]ʔ,mc_match,,not_in_bs,NA,,说文: shuowenjiezi/shuowen; 广韵: tshet-uinh 0.15.1; BS2014: digling/cddb Baxter2014/raw/D_ocbs.tsv
巽,True,具也。从丌𠨎聲。,蘇困切,譔,1493,聲,專教也。从言巽聲。,此緣切,tshjwen,清合三仙平,identical_fanqie,swonH,,not_in_bs,,not_in_bs,NA,,说文: shuowenjiezi/shuowen; 广韵: tshet-uinh 0.15.1; BS2014: digling/cddb Baxter2014/raw/D_ocbs.tsv
巽,True,具也。从丌𠨎聲。,蘇困切,𦌔,4796,聲,网也。从网巽聲。,思沇切,sjwenX,心合三仙上,initial+rhyme+tone,swonH,,not_in_bs,,not_in_bs,NA,,说文: shuowenjiezi/shuowen; 广韵: tshet-uinh 0.15.1; BS2014: digling/cddb Baxter2014/raw/D_ocbs.tsv
巽,True,具也。从丌𠨎聲。,蘇困切,僎,4934,聲,具也。从人巽聲。,士勉切,dzrjwenX,崇合三仙上,initial+rhyme+tone,swonH,,not_in_bs,,not_in_bs,NA,,说文: shuowenjiezi/shuowen; 广韵: tshet-uinh 0.15.1; BS2014: digling/cddb Baxter2014/raw/D_ocbs.tsv
巽,True,具也。从丌𠨎聲。,蘇困切,潠,7433,聲,含水噴也。从水巽聲。,穌困切,swonH,心合一魂去,initial+rhyme+tone,swonH,,not_in_bs,,not_in_bs,NA,,说文: shuowenjiezi/shuowen; 广韵: tshet-uinh 0.15.1; BS2014: digling/cddb Baxter2014/raw/D_ocbs.tsv
巽,True,具也。从丌𠨎聲。,蘇困切,鐉,9389,聲,所以鉤門戶樞也。一曰治門戶器也。从金巽聲。,此緣切,tshjwen,清合三仙平,identical_fanqie,swonH,,not_in_bs,,not_in_bs,NA,,说文: shuowenjiezi/shuowen; 广韵: tshet-uinh 0.15.1; BS2014: digling/cddb Baxter2014/raw/D_ocbs.tsv
巾,True,佩巾也。从冂，丨象糸也。凡巾之屬皆从巾。,居銀切,帟,4896,亦聲,在上曰帟。从巾亦聲。,羊益切,yek,以開三清入,identical_fanqie,kin,,not_in_bs,*krən,mc_match,NA,,说文: shuowenjiezi/shuowen; 广韵: tshet-uinh 0.15.1; BS2014: digling/cddb Baxter2014/raw/D_ocbs.tsv
干,True,犯也。从反入，从一。凡干之屬皆从干。,古寒切,舌,1437,亦聲,在口，所以言也、別味也。从干从口，干亦聲。凡舌之屬皆从舌。,食列切,zyet,船開三仙入,identical_fanqie,kan,*mə.lat,mc_match,*kˤar,mc_match,C,"pre,ini,phar,coda",说文: shuowenjiezi/shuowen; 广韵: tshet-uinh 0.15.1; BS2014: digling/cddb Baxter2014/raw/D_ocbs.tsv
干,True,犯也。从反入，从一。凡干之屬皆从干。,古寒切,奸,8298,亦聲,犯婬也。从女从干，干亦聲。,古寒切,kan,見開一寒平,identical_fanqie,kan,*kˤa[r],mc_match,*kˤar,mc_match,I,;uncertain,说文: shuowenjiezi/shuowen; 广韵: tshet-uinh 0.15.1; BS2014: digling/cddb Baxter2014/raw/D_ocbs.tsv
干,True,犯也。从反入，从一。凡干之屬皆从干。,古寒切,玕,199,聲,琅玕也。从玉干聲。《禹貢》：“雝州球琳琅玕。”,古寒切,kan,見開一寒平,identical_fanqie,kan,,not_in_bs,*kˤar,mc_match,NA,,说文: shuowenjiezi/shuowen; 广韵: tshet-uinh 0.15.1; BS2014: digling/cddb Baxter2014/raw/D_ocbs.tsv
干,True,犯也。从反入，从一。凡干之屬皆从干。,古寒切,赶,1062,聲,舉尾走也。从走干聲。,巨言切,gjon,羣開三C元平,identical_fanqie,kan,,not_in_bs,*kˤar,mc_match,NA,,说文: shuowenjiezi/shuowen; 广韵: tshet-uinh 0.15.1; BS2014: digling/cddb Baxter2014/raw/D_ocbs.tsv
干,True,犯也。从反入，从一。凡干之屬皆从干。,古寒切,迀,1189,聲,進也。从辵干聲。讀若干。,古寒切,kan,見開一寒平,identical_fanqie,kan,,not_in_bs,*kˤar,mc_match,NA,,说文: shuowenjiezi/shuowen; 广韵: tshet-uinh 0.15.1; BS2014: digling/cddb Baxter2014/raw/D_ocbs.tsv
干,True,犯也。从反入，从一。凡干之屬皆从干。,古寒切,衎,1273,聲,行喜皃。从行干聲。,空旱切,khanX,溪開一寒上,identical_fanqie,kan,,not_in_bs,*kˤar,mc_match,NA,,说文: shuowenjiezi/shuowen; 广韵: tshet-uinh 0.15.1; BS2014: digling/cddb Baxter2014/raw/D_ocbs.tsv
干,True,犯也。从反入，从一。凡干之屬皆从干。,古寒切,𪗙,1301,聲,齒見皃。从齒干聲。,五版切,ngaenX,疑開二刪上,initial+rhyme+tone,kan,,not_in_bs,*kˤar,mc_match,NA,,说文: shuowenjiezi/shuowen; 广韵: tshet-uinh 0.15.1; BS2014: digling/cddb Baxter2014/raw/D_ocbs.tsv
干,True,犯也。从反入，从一。凡干之屬皆从干。,古寒切,訐,1679,聲,面相厈罪，相告訐也。从言干聲。,居謁切,kjot,見開三C元入,initial+rhyme+tone,kan,,not_in_bs,*kˤar,mc_match,NA,,说文: shuowenjiezi/shuowen; 广韵: tshet-uinh 0.15.1; BS2014: digling/cddb Baxter2014/raw/D_ocbs.tsv
干,True,犯也。从反入，从一。凡干之屬皆从干。,古寒切,靬,1785,聲,靬，乾革也。武威有麗靬縣。从革干聲。,苦旰切,khanH,溪開一寒去,identical_fanqie,kan,,not_in_bs,*kˤar,mc_match,NA,,说文: shuowenjiezi/shuowen; 广韵: tshet-uinh 0.15.1; BS2014: digling/cddb Baxter2014/raw/D_ocbs.tsv
干,True,犯也。从反入，从一。凡干之屬皆从干。,古寒切,皯,1982,聲,面黑气也。从皮干聲。,古旱切,kanX,見開一寒上,identical_fanqie,kan,,not_in_bs,*kˤar,mc_match,NA,,说文: shuowenjiezi/shuowen; 广韵: tshet-uinh 0.15.1; BS2014: digling/cddb Baxter2014/raw/D_ocbs.tsv
干,True,犯也。从反入，从一。凡干之屬皆从干。,古寒切,盰,2106,聲,目多白也。一曰張目也。从目干聲。,古旱切,kanH,見開一寒去,initial_only,kan,,not_in_bs,*kˤar,mc_match,NA,,说文: shuowenjiezi/shuowen; 广韵: tshet-uinh 0.15.1; BS2014: digling/cddb Baxter2014/raw/D_ocbs.tsv
干,True,犯也。从反入，从一。凡干之屬皆从干。,古寒切,鼾,2226,聲,臥息也。从鼻干聲。讀若汗。,矦幹切,hanH,匣開一寒去,initial+rhyme+tone,kan,,not_in_bs,*kˤar,mc_match,NA,,说文: shuowenjiezi/shuowen; 广韵: tshet-uinh 0.15.1; BS2014: digling/cddb Baxter2014/raw/D_ocbs.tsv
干,True,犯也。从反入，从一。凡干之屬皆从干。,古寒切,骭,2573,聲,骹也。从骨干聲。,古案切,kanH,見開一寒去,identical_fanqie,kan,,not_in_bs,*kˤar,mc_match,NA,,说文: shuowenjiezi/shuowen; 广韵: tshet-uinh 0.15.1; BS2014: digling/cddb Baxter2014/raw/D_ocbs.tsv
干,True,犯也。从反入，从一。凡干之屬皆从干。,古寒切,肝,2598,聲,木藏也。从肉干聲。,古寒切,kan,見開一寒平,identical_fanqie,kan,*s.kˤa[r],mc_match,*kˤar,mc_match,R,pre;uncertain,说文: shuowenjiezi/shuowen; 广韵: tshet-uinh 0.15.1; BS2014: digling/cddb Baxter2014/raw/D_ocbs.tsv
干,True,犯也。从反入，从一。凡干之屬皆从干。,古寒切,刊,2761,聲,剟也。从刀干聲。,苦寒切,khan,溪開一寒平,identical_fanqie,kan,,not_in_bs,*kˤar,mc_match,NA,,说文: shuowenjiezi/shuowen; 广韵: tshet-uinh 0.15.1; BS2014: digling/cddb Baxter2014/raw/D_ocbs.tsv
干,True,犯也。从反入，从一。凡干之屬皆从干。,古寒切,竿,2937,聲,竹梃也。从竹干聲。,古寒切,kan,見開一寒平,identical_fanqie,kan,*kˤar,mc_match,*kˤar,mc_match,I,,说文: shuowenjiezi/shuowen; 广韵: tshet-uinh 0.15.1; BS2014: digling/cddb Baxter2014/raw/D_ocbs.tsv
干,True,犯也。从反入，从一。凡干之屬皆从干。,古寒切,邗,4123,聲,國也，今屬臨淮。从邑干聲。一曰邗本屬吳。,胡安切,han,匣開一寒平,identical_fanqie,kan,,not_in_bs,*kˤar,mc_match,NA,,说文: shuowenjiezi/shuowen; 广韵: tshet-uinh 0.15.1; BS2014: digling/cddb Baxter2014/raw/D_ocbs.tsv
干,True,犯也。从反入，从一。凡干之屬皆从干。,古寒切,旰,4197,聲,晚也。从日干聲。《春秋傳》曰：“日旰君勞。”,古案切,kanH,見開一寒去,identical_fanqie,kan,,not_in_bs,*kˤar,mc_match,NA,,说文: shuowenjiezi/shuowen; 广韵: tshet-uinh 0.15.1; BS2014: digling/cddb Baxter2014/raw/D_ocbs.tsv
干,True,犯也。从反入，从一。凡干之屬皆从干。,古寒切,旱,4209,聲,不雨也。从日干聲。,乎旰切,hanX,匣開一寒上,initial_only,kan,*[g]ˤa[r]ʔ,mc_match,*kˤar,mc_match,O,"ini,suf;uncertain",说文: shuowenjiezi/shuowen; 广韵: tshet-uinh 0.15.1; BS2014: digling/cddb Baxter2014/raw/D_ocbs.tsv
干,True,犯也。从反入，从一。凡干之屬皆从干。,古寒切,䍑,4793,聲,网也。从网干聲。,呼旱切,,,none,kan,,not_in_bs,*kˤar,mc_match,NA,,说文: shuowenjiezi/shuowen; 广韵: tshet-uinh 0.15.1; BS2014: digling/cddb Baxter2014/raw/D_ocbs.tsv
干,True,犯也。从反入，从一。凡干之屬皆从干。,古寒切,衦,5312,聲,摩展衣。从衣干聲。,古案切,kanX,見開一寒上,initial_only,kan,,not_in_bs,*kˤar,mc_match,NA,,说文: shuowenjiezi/shuowen; 广韵: tshet-uinh 0.15.1; BS2014: digling/cddb Baxter2014/raw/D_ocbs.tsv
干,True,犯也。从反入，从一。凡干之屬皆从干。,古寒切,岸,5887,聲,水厓而高者。从屵干聲。,五旰切,nganH,疑開一寒去,identical_fanqie,kan,*[ŋ]ˤa[r]-s,mc_match,*kˤar,mc_match,O,"ini,suf;uncertain",说文: shuowenjiezi/shuowen; 广韵: tshet-uinh 0.15.1; BS2014: digling/cddb Baxter2014/raw/D_ocbs.tsv
干,True,犯也。从反入，从一。凡干之屬皆从干。,古寒切,豻,6093,聲,胡地野狗。从豸干聲。,五旰切,nganH,疑開一寒去,identical_fanqie,kan,*m-[ɢ]ˤa[r]-s,mc_match,*kˤar,mc_match,O,"pre,ini,suf;uncertain",说文: shuowenjiezi/shuowen; 广韵: tshet-uinh 0.15.1; BS2014: digling/cddb Baxter2014/raw/D_ocbs.tsv
干,True,犯也。从反入，从一。凡干之屬皆从干。,古寒切,㶣,6410,聲,小熱也。从火干聲。《詩》曰：“憂心㶣㶣。”,直廉切,drjem,澄開三鹽平,identical_fanqie,kan,,not_in_bs,*kˤar,mc_match,NA,,说文: shuowenjiezi/shuowen; 广韵: tshet-uinh 0.15.1; BS2014: digling/cddb Baxter2014/raw/D_ocbs.tsv
干,True,犯也。从反入，从一。凡干之屬皆从干。,古寒切,忓,6766,聲,極也。从心干聲。,古寒切,kan,見開一寒平,identical_fanqie,kan,,not_in_bs,*kˤar,mc_match,NA,,说文: shuowenjiezi/shuowen; 广韵: tshet-uinh 0.15.1; BS2014: digling/cddb Baxter2014/raw/D_ocbs.tsv
干,True,犯也。从反入，从一。凡干之屬皆从干。,古寒切,汗,7397,聲,人液也。从水干聲。,矦旰切,hanH,匣開一寒去,initial+rhyme+tone,kan,*Cə.[g]ˤa[r]-s,mc_match,*kˤar,mc_match,O,"pre,ini,suf;uncertain",说文: shuowenjiezi/shuowen; 广韵: tshet-uinh 0.15.1; BS2014: digling/cddb Baxter2014/raw/D_ocbs.tsv
干,True,犯也。从反入，从一。凡干之屬皆从干。,古寒切,閈,7700,聲,門也。从門干聲。汝南平輿里門曰閈。,侯旰切,hanH,匣開一寒去,identical_fanqie,kan,,not_in_bs,*kˤar,mc_match,NA,,说文: shuowenjiezi/shuowen; 广韵: tshet-uinh 0.15.1; BS2014: digling/cddb Baxter2014/raw/D_ocbs.tsv
干,True,犯也。从反入，从一。凡干之屬皆从干。,古寒切,扞,8026,聲,忮也。从手干聲。,矦旰切,hanH,匣開一寒去,initial+rhyme+tone,kan,*m-kˤa[r]-s,mc_match,*kˤar,mc_match,R,"pre,suf;uncertain",说文: shuowenjiezi/shuowen; 广韵: tshet-uinh 0.15.1; BS2014: digling/cddb Baxter2014/raw/D_ocbs.tsv
干,True,犯也。从反入，从一。凡干之屬皆从干。,古寒切,釬,9366,聲,臂鎧也。从金干聲。,矦旰切,hanH,匣開一寒去,initial+rhyme+tone,kan,,not_in_bs,*kˤar,mc_match,NA,,说文: shuowenjiezi/shuowen; 广韵: tshet-uinh 0.15.1; BS2014: digling/cddb Baxter2014/raw/D_ocbs.tsv
干,True,犯也。从反入，从一。凡干之屬皆从干。,古寒切,軒,9466,聲,曲輈藩車。从車干聲。,虚言切,xjon,曉開三C元平,rhyme+tone_only,kan,*qʰa[r],mc_match,*kˤar,mc_match,O,"ini,phar;uncertain",说文: shuowenjiezi/shuowen; 广韵: tshet-uinh 0.15.1; BS2014: digling/cddb Baxter2014/raw/D_ocbs.tsv
平,True,語平舒也。从亏从八。八，分也。爰禮說。,符兵切,枰,3786,亦聲,平也。从木从平，平亦聲。,蒲兵切,bjaeng,並三B庚平,initial+rhyme+tone,bjaeng,,not_in_bs,*breŋ,mc_match,NA,,说文: shuowenjiezi/shuowen; 广韵: tshet-uinh 0.15.1; BS2014: digling/cddb Baxter2014/raw/D_ocbs.tsv
平,True,語平舒也。从亏从八。八，分也。爰禮說。,符兵切,坪,8982,亦聲,地平也。从土从平，平亦聲。,皮命切,bjaengH,並三B庚去,identical_fanqie,bjaeng,,not_in_bs,*breŋ,mc_match,NA,,说文: shuowenjiezi/shuowen; 广韵: tshet-uinh 0.15.1; BS2014: digling/cddb Baxter2014/raw/D_ocbs.tsv
平,True,語平舒也。从亏从八。八，分也。爰禮說。,符兵切,苹,279,聲,蓱也。無根，浮水而生者。从艸平聲。,符兵切,bjaeng,並三B庚平,identical_fanqie,bjaeng,*[b]ˤeŋ,single_reading,*breŋ,mc_match,R,"phar,med;uncertain",说文: shuowenjiezi/shuowen; 广韵: tshet-uinh 0.15.1; BS2014: digling/cddb Baxter2014/raw/D_ocbs.tsv
平,True,語平舒也。从亏从八。八，分也。爰禮說。,符兵切,𤘾,743,聲,牛駁如星。从牛平聲。,普耕切,pheang,滂二耕平,identical_fanqie,bjaeng,,not_in_bs,*breŋ,mc_match,NA,,说文: shuowenjiezi/shuowen; 广韵: tshet-uinh 0.15.1; BS2014: digling/cddb Baxter2014/raw/D_ocbs.tsv
平,True,語平舒也。从亏从八。八，分也。爰禮說。,符兵切,䶄,6363,聲,䶄令鼠。从鼠平聲。,薄經切,beng,並四青平,identical_fanqie,bjaeng,,not_in_bs,*breŋ,mc_match,NA,,说文: shuowenjiezi/shuowen; 广韵: tshet-uinh 0.15.1; BS2014: digling/cddb Baxter2014/raw/D_ocbs.tsv
平,True,語平舒也。从亏从八。八，分也。爰禮說。,符兵切,泙,7178,聲,谷也。从水平聲。,符兵切,bjaeng,並三B庚平,identical_fanqie,bjaeng,,not_in_bs,*breŋ,mc_match,NA,,说文: shuowenjiezi/shuowen; 广韵: tshet-uinh 0.15.1; BS2014: digling/cddb Baxter2014/raw/D_ocbs.tsv
平,True,語平舒也。从亏从八。八，分也。爰禮說。,符兵切,抨,8005,聲,撣也。从手平聲。,普耕切,pheang,滂二耕平,identical_fanqie,bjaeng,,not_in_bs,*breŋ,mc_match,NA,,说文: shuowenjiezi/shuowen; 广韵: tshet-uinh 0.15.1; BS2014: digling/cddb Baxter2014/raw/D_ocbs.tsv
廣,True,殿之大屋也。从广黃聲。,古晃切,懬,6719,亦聲,闊也。一曰廣也，大也。一曰寬也。从心从廣，廣亦聲。,苦謗切,khangX,溪開一唐上,initial_only,kwangX,,not_in_bs,*kʷˤaŋʔ,mc_match,NA,,说文: shuowenjiezi/shuowen; 广韵: tshet-uinh 0.15.1; BS2014: digling/cddb Baxter2014/raw/D_ocbs.tsv
廣,True,殿之大屋也。从广黃聲。,古晃切,櫎,3703,聲,所以几器。从木廣聲。一曰帷屏風之屬。,胡廣切,hwangX,匣合一唐上,identical_fanqie,kwangX,,not_in_bs,*kʷˤaŋʔ,mc_match,NA,,说文: shuowenjiezi/shuowen; 广韵: tshet-uinh 0.15.1; BS2014: digling/cddb Baxter2014/raw/D_ocbs.tsv
廣,True,殿之大屋也。从广黃聲。,古晃切,曠,4182,聲,明也。从日廣聲。,苦謗切,khwangH,溪合一唐去,identical_fanqie,kwangX,*kʷʰˤaŋ-s,mc_match,*kʷˤaŋʔ,mc_match,O,"ini,suf",说文: shuowenjiezi/shuowen; 广韵: tshet-uinh 0.15.1; BS2014: digling/cddb Baxter2014/raw/D_ocbs.tsv
廣,True,殿之大屋也。从广黃聲。,古晃切,穬,4380,聲,芒粟也。从禾廣聲。,百猛切,kwaengX,見合二庚上,rhyme+tone_only,kwangX,,not_in_bs,*kʷˤaŋʔ,mc_match,NA,,说文: shuowenjiezi/shuowen; 广韵: tshet-uinh 0.15.1; BS2014: digling/cddb Baxter2014/raw/D_ocbs.tsv
廣,True,殿之大屋也。从广黃聲。,古晃切,獷,6301,聲,犬獷獷不可附也。从犬廣聲。漁陽有獷平縣。,古猛切,kwaengX,見合二庚上,identical_fanqie,kwangX,,not_in_bs,*kʷˤaŋʔ,mc_match,NA,,说文: shuowenjiezi/shuowen; 广韵: tshet-uinh 0.15.1; BS2014: digling/cddb Baxter2014/raw/D_ocbs.tsv
廣,True,殿之大屋也。从广黃聲。,古晃切,纊,8685,聲,絮也。从糸廣聲。《春秋傳》曰：“皆如挾纊。”,苦謗切,khwangH,溪合一唐去,identical_fanqie,kwangX,*kʷʰˤaŋ-s,mc_match,*kʷˤaŋʔ,mc_match,O,"ini,suf",说文: shuowenjiezi/shuowen; 广韵: tshet-uinh 0.15.1; BS2014: digling/cddb Baxter2014/raw/D_ocbs.tsv
廣,True,殿之大屋也。从广黃聲。,古晃切,壙,9069,聲,塹穴也。一曰大也。从土廣聲。,苦謗切,khwangH,溪合一唐去,identical_fanqie,kwangX,*kʷʰˤaŋ-s,mc_match,*kʷˤaŋʔ,mc_match,O,"ini,suf",说文: shuowenjiezi/shuowen; 广韵: tshet-uinh 0.15.1; BS2014: digling/cddb Baxter2014/raw/D_ocbs.tsv
延,True,長行也。从㢟丿聲。,以然切,挻,7862,亦聲,長也。从手从延，延亦聲。,式連切,syen,書開三仙平,identical_fanqie,yen,,not_in_bs,*la[n],mc_match,NA,,说文: shuowenjiezi/shuowen; 广韵: tshet-uinh 0.15.1; BS2014: digling/cddb Baxter2014/raw/D_ocbs.tsv
延,True,長行也。从㢟丿聲。,以然切,唌,925,聲,語唌嘆也。从口延聲。,夕連切,dan,定開一寒平,no_match_first_reading,yen,,not_in_bs,*la[n],mc_match,NA,,说文: shuowenjiezi/shuowen; 广韵: tshet-uinh 0.15.1; BS2014: digling/cddb Baxter2014/raw/D_ocbs.tsv
延,True,長行也。从㢟丿聲。,以然切,誕,1641,聲,詞誕也。从言延聲。,徒旱切,danX,定開一寒上,identical_fanqie,yen,,not_in_bs,*la[n],mc_match,NA,,说文: shuowenjiezi/shuowen; 广韵: tshet-uinh 0.15.1; BS2014: digling/cddb Baxter2014/raw/D_ocbs.tsv
延,True,長行也。从㢟丿聲。,以然切,脠,2687,聲,生肉醬也。从肉延聲。,丑連切,trhjen,徹開三仙平,initial+rhyme+tone,yen,,not_in_bs,*la[n],mc_match,NA,,说文: shuowenjiezi/shuowen; 广韵: tshet-uinh 0.15.1; BS2014: digling/cddb Baxter2014/raw/D_ocbs.tsv
延,True,長行也。从㢟丿聲。,以然切,筵,2899,聲,竹席也。从竹延聲。《周禮》曰：“度堂以筵。”筵一丈。,以然切,yen,以開三仙平,identical_fanqie,yen,*la[n],mc_match,*la[n],mc_match,I,;uncertain,说文: shuowenjiezi/shuowen; 广韵: tshet-uinh 0.15.1; BS2014: digling/cddb Baxter2014/raw/D_ocbs.tsv
延,True,長行也。从㢟丿聲。,以然切,梴,3582,聲,長木也。从木延聲。《詩》曰：“松桷有梴。”,丑連切,trhjen,徹開三仙平,initial+rhyme+tone,yen,,not_in_bs,*la[n],mc_match,NA,,说文: shuowenjiezi/shuowen; 广韵: tshet-uinh 0.15.1; BS2014: digling/cddb Baxter2014/raw/D_ocbs.tsv
延,True,長行也。从㢟丿聲。,以然切,郔,4110,聲,鄭地。从邑延聲。,以然切,yen,以開三仙平,identical_fanqie,yen,,not_in_bs,*la[n],mc_match,NA,,说文: shuowenjiezi/shuowen; 广韵: tshet-uinh 0.15.1; BS2014: digling/cddb Baxter2014/raw/D_ocbs.tsv
延,True,長行也。从㢟丿聲。,以然切,䘰,5344,聲,車溫也。从衣延聲。,式連切,syen,書開三仙平,identical_fanqie,yen,,not_in_bs,*la[n],mc_match,NA,,说文: shuowenjiezi/shuowen; 广韵: tshet-uinh 0.15.1; BS2014: digling/cddb Baxter2014/raw/D_ocbs.tsv
延,True,長行也。从㢟丿聲。,以然切,硟,6013,聲,以石扞繒也。从石延聲。,尺戰切,tsyhenH,昌開三仙去,initial+rhyme+tone,yen,,not_in_bs,*la[n],mc_match,NA,,说文: shuowenjiezi/shuowen; 广韵: tshet-uinh 0.15.1; BS2014: digling/cddb Baxter2014/raw/D_ocbs.tsv
延,True,長行也。从㢟丿聲。,以然切,蜑,8894,聲,南方夷也。从虫延聲。,徒旱切,danX,定開一寒上,identical_fanqie,yen,,not_in_bs,*la[n],mc_match,NA,,说文: shuowenjiezi/shuowen; 广韵: tshet-uinh 0.15.1; BS2014: digling/cddb Baxter2014/raw/D_ocbs.tsv
延,True,長行也。从㢟丿聲。,以然切,埏,9107,聲,八方之地也。从土延聲。,以然切,yen,以開三仙平,identical_fanqie,yen,,not_in_bs,*la[n],mc_match,NA,,说文: shuowenjiezi/shuowen; 广韵: tshet-uinh 0.15.1; BS2014: digling/cddb Baxter2014/raw/D_ocbs.tsv
延,True,長行也。从㢟丿聲。,以然切,鋋,9354,聲,小矛也。从金延聲。,市連切,dzyen,常開三仙平,identical_fanqie,yen,,not_in_bs,*la[n],mc_match,NA,,说文: shuowenjiezi/shuowen; 广韵: tshet-uinh 0.15.1; BS2014: digling/cddb Baxter2014/raw/D_ocbs.tsv
廾,False,,,菐,1745,亦聲,瀆菐也。从丵从廾，廾亦聲。凡菐之屬皆从菐。,蒲沃切,buwk,並一東入,initial_only,kjowng,,not_in_bs,*k(r)oŋʔ,single_reading,NA,,说文: shuowenjiezi/shuowen; 广韵: tshet-uinh 0.15.1; BS2014: digling/cddb Baxter2014/raw/D_ocbs.tsv
廾,False,,,弈,1763,亦聲,圍棊也。从廾亦聲。《論語》曰：“不有博弈者乎！”,羊益切,yek,以開三清入,identical_fanqie,kjowng,*[ɢ](r)Ak,mc_match,*k(r)oŋʔ,single_reading,C,"ini,v,coda,suf;uncertain",说文: shuowenjiezi/shuowen; 广韵: tshet-uinh 0.15.1; BS2014: digling/cddb Baxter2014/raw/D_ocbs.tsv
弋,True,橜也。象折木衺銳著形。从𠂆，象物挂之也。,與職切,必,717,亦聲,分極也。从八、弋，弋亦聲。,卑吉切,pjit,幫三A真入,identical_fanqie,yik,*pi[t],mc_match,*lək,mc_match,C,"ini,v,coda;uncertain",说文: shuowenjiezi/shuowen; 广韵: tshet-uinh 0.15.1; BS2014: digling/cddb Baxter2014/raw/D_ocbs.tsv
弋,True,橜也。象折木衺銳著形。从𠂆，象物挂之也。,與職切,隿,2303,聲,繳射飛鳥也。从隹弋聲。,與職切,yik,以開三蒸入,identical_fanqie,yik,,not_in_bs,*lək,mc_match,NA,,说文: shuowenjiezi/shuowen; 广韵: tshet-uinh 0.15.1; BS2014: digling/cddb Baxter2014/raw/D_ocbs.tsv
弋,True,橜也。象折木衺銳著形。从𠂆，象物挂之也。,與職切,式,3015,聲,法也。从工弋聲。,賞職切,syik,書開三蒸入,identical_fanqie,yik,*l̥ək,mc_match,*lək,mc_match,O,ini,说文: shuowenjiezi/shuowen; 广韵: tshet-uinh 0.15.1; BS2014: digling/cddb Baxter2014/raw/D_ocbs.tsv
弋,True,橜也。象折木衺銳著形。从𠂆，象物挂之也。,與職切,杙,3463,聲,劉，劉杙。从木弋聲。,与職切,yik,以開三蒸入,initial+rhyme+tone,yik,,not_in_bs,*lək,mc_match,NA,,说文: shuowenjiezi/shuowen; 广韵: tshet-uinh 0.15.1; BS2014: digling/cddb Baxter2014/raw/D_ocbs.tsv
弋,True,橜也。象折木衺銳著形。从𠂆，象物挂之也。,與職切,貣,3935,聲,从人求物也。从貝弋聲。,他得切,thok,透開一登入,initial+rhyme+tone,yik,,not_in_bs,*lək,mc_match,NA,,说文: shuowenjiezi/shuowen; 广韵: tshet-uinh 0.15.1; BS2014: digling/cddb Baxter2014/raw/D_ocbs.tsv
弋,True,橜也。象折木衺銳著形。从𠂆，象物挂之也。,與職切,代,5059,聲,更也。从人弋聲。,徒耐切,dojH,定開一咍去,identical_fanqie,yik,*lˤək-s,mc_match,*lək,mc_match,R,"phar,suf",说文: shuowenjiezi/shuowen; 广韵: tshet-uinh 0.15.1; BS2014: digling/cddb Baxter2014/raw/D_ocbs.tsv
弋,True,橜也。象折木衺銳著形。从𠂆，象物挂之也。,與職切,忒,6788,聲,更也。从心弋聲。,他得切,thok,透開一登入,initial+rhyme+tone,yik,*l̥ˤək,mc_match,*lək,mc_match,O,"ini,phar",说文: shuowenjiezi/shuowen; 广韵: tshet-uinh 0.15.1; BS2014: digling/cddb Baxter2014/raw/D_ocbs.tsv
弋,True,橜也。象折木衺銳著形。从𠂆，象物挂之也。,與職切,㚤,8122,聲,婦官也。从女弋聲。,與職切,yik,以開三蒸入,identical_fanqie,yik,,not_in_bs,*lək,mc_match,NA,,说文: shuowenjiezi/shuowen; 广韵: tshet-uinh 0.15.1; BS2014: digling/cddb Baxter2014/raw/D_ocbs.tsv
弋,True,橜也。象折木衺銳著形。从𠂆，象物挂之也。,與職切,䣧,9784,聲,酒色也。从酉弋聲。,與職切,yik,以開三蒸入,identical_fanqie,yik,,not_in_bs,*lək,mc_match,NA,,说文: shuowenjiezi/shuowen; 广韵: tshet-uinh 0.15.1; BS2014: digling/cddb Baxter2014/raw/D_ocbs.tsv
弟,True,韋束之次弟也。从古字之象。凡弟之屬皆从弟。,特計切,娣,8109,亦聲,女弟也。从女从弟，弟亦聲。,徒禮切,dejX,定開四齊上,identical_fanqie,dejH,*lˤəjʔ,mc_match,*lˤəjʔ,single_reading,I,,说文: shuowenjiezi/shuowen; 广韵: tshet-uinh 0.15.1; BS2014: digling/cddb Baxter2014/raw/D_ocbs.tsv
弟,True,韋束之次弟也。从古字之象。凡弟之屬皆从弟。,特計切,睇,2195,聲,目小視也。从目弟聲。南楚謂眄曰睇。,特計切,dejH,定開四齊去,identical_fanqie,dejH,*lˤəj-s,mc_match,*lˤəjʔ,single_reading,R,suf,说文: shuowenjiezi/shuowen; 广韵: tshet-uinh 0.15.1; BS2014: digling/cddb Baxter2014/raw/D_ocbs.tsv
弟,True,韋束之次弟也。从古字之象。凡弟之屬皆从弟。,特計切,梯,3717,聲,木階也。从木弟聲。,土雞切,thej,透開四齊平,identical_fanqie,dejH,*l̥ˤ[ə]j,mc_match,*lˤəjʔ,single_reading,O,"ini,suf;uncertain",说文: shuowenjiezi/shuowen; 广韵: tshet-uinh 0.15.1; BS2014: digling/cddb Baxter2014/raw/D_ocbs.tsv
弟,True,韋束之次弟也。从古字之象。凡弟之屬皆从弟。,特計切,鬀,5733,聲,𩮜髮也。从髟弟聲。大人曰髡，小人曰鬀，盡及身毛曰𩮜。,他計切,thejH,透開四齊去,identical_fanqie,dejH,,not_in_bs,*lˤəjʔ,single_reading,NA,,说文: shuowenjiezi/shuowen; 广韵: tshet-uinh 0.15.1; BS2014: digling/cddb Baxter2014/raw/D_ocbs.tsv
弟,True,韋束之次弟也。从古字之象。凡弟之屬皆从弟。,特計切,悌,6944,聲,善兄弟也。从心弟聲。經典通用弟。,特計切,dejH,定開四齊去,identical_fanqie,dejH,,not_in_bs,*lˤəjʔ,single_reading,NA,,说文: shuowenjiezi/shuowen; 广韵: tshet-uinh 0.15.1; BS2014: digling/cddb Baxter2014/raw/D_ocbs.tsv
弟,True,韋束之次弟也。从古字之象。凡弟之屬皆从弟。,特計切,涕,7399,聲,泣也。从水弟聲。,他禮切,thejX,透開四齊上,identical_fanqie,dejH,*[l̥]ˤ[ə]jʔ,mc_match,*lˤəjʔ,single_reading,O,ini;uncertain,说文: shuowenjiezi/shuowen; 广韵: tshet-uinh 0.15.1; BS2014: digling/cddb Baxter2014/raw/D_ocbs.tsv
弟,True,韋束之次弟也。从古字之象。凡弟之屬皆从弟。,特計切,鮷,7591,聲,大鮎也。从魚弟聲。,杜兮切,dej,定開四齊平,initial+rhyme+tone,dejH,,not_in_bs,*lˤəjʔ,single_reading,NA,,说文: shuowenjiezi/shuowen; 广韵: tshet-uinh 0.15.1; BS2014: digling/cddb Baxter2014/raw/D_ocbs.tsv
弟,True,韋束之次弟也。从古字之象。凡弟之屬皆从弟。,特計切,綈,8555,聲,厚繒也。从糸弟聲。,杜兮切,dej,定開四齊平,initial+rhyme+tone,dejH,,not_in_bs,*lˤəjʔ,single_reading,NA,,说文: shuowenjiezi/shuowen; 广韵: tshet-uinh 0.15.1; BS2014: digling/cddb Baxter2014/raw/D_ocbs.tsv
弟,True,韋束之次弟也。从古字之象。凡弟之屬皆从弟。,特計切,銻,9402,聲,鎕銻也。从金弟聲。,杜兮切,dej,定開四齊平,initial+rhyme+tone,dejH,,not_in_bs,*lˤəjʔ,single_reading,NA,,说文: shuowenjiezi/shuowen; 广韵: tshet-uinh 0.15.1; BS2014: digling/cddb Baxter2014/raw/D_ocbs.tsv
弦,True,弓弦也。从弓，象絲軫之形。凡弦之屬皆从弦。,胡田切,𢛆,6780,亦聲,急也。从心从弦，弦亦聲。河南密縣有𢛆亭。,胡田切,hen,匣開四先平,identical_fanqie,hen,,not_in_bs,*[ɢ]ˤi[n],mc_match,NA,,说文: shuowenjiezi/shuowen; 广韵: tshet-uinh 0.15.1; BS2014: digling/cddb Baxter2014/raw/D_ocbs.tsv
弦,True,弓弦也。从弓，象絲軫之形。凡弦之屬皆从弦。,胡田切,𦱁,354,聲,艸也。从艸弦聲。,胡田切,hen,匣開四先平,identical_fanqie,hen,,not_in_bs,*[ɢ]ˤi[n],mc_match,NA,,说文: shuowenjiezi/shuowen; 广韵: tshet-uinh 0.15.1; BS2014: digling/cddb Baxter2014/raw/D_ocbs.tsv
弦,True,弓弦也。从弓，象絲軫之形。凡弦之屬皆从弦。,胡田切,𧼏,994,聲,急走也。从走弦聲。,胡田切,hen,匣開四先平,identical_fanqie,hen,,not_in_bs,*[ɢ]ˤi[n],mc_match,NA,,说文: shuowenjiezi/shuowen; 广韵: tshet-uinh 0.15.1; BS2014: digling/cddb Baxter2014/raw/D_ocbs.tsv
弦,True,弓弦也。从弓，象絲軫之形。凡弦之屬皆从弦。,胡田切,胘,2668,省聲,牛百葉也。从肉，弦省聲。,胡田切,hen,匣開四先平,identical_fanqie,hen,,not_in_bs,*[ɢ]ˤi[n],mc_match,NA,,说文: shuowenjiezi/shuowen; 广韵: tshet-uinh 0.15.1; BS2014: digling/cddb Baxter2014/raw/D_ocbs.tsv
弦,True,弓弦也。从弓，象絲軫之形。凡弦之屬皆从弦。,胡田切,㡉,4890,聲,布。出東萊。从巾弦聲。,胡田切,ken,見開四先平,rhyme+tone_only,hen,,not_in_bs,*[ɢ]ˤi[n],mc_match,NA,,说文: shuowenjiezi/shuowen; 广韵: tshet-uinh 0.15.1; BS2014: digling/cddb Baxter2014/raw/D_ocbs.tsv
弦,True,弓弦也。从弓，象絲軫之形。凡弦之屬皆从弦。,胡田切,伭,5106,省聲,很也。从人，弦省聲。,胡田切,hen,匣開四先平,identical_fanqie,hen,,not_in_bs,*[ɢ]ˤi[n],mc_match,NA,,说文: shuowenjiezi/shuowen; 广韵: tshet-uinh 0.15.1; BS2014: digling/cddb Baxter2014/raw/D_ocbs.tsv
弦,True,弓弦也。从弓，象絲軫之形。凡弦之屬皆从弦。,胡田切,娹,8270,聲,有守也。从女弦聲。,胡田切,,,none,hen,,not_in_bs,*[ɢ]ˤi[n],mc_match,NA,,说文: shuowenjiezi/shuowen; 广韵: tshet-uinh 0.15.1; BS2014: digling/cddb Baxter2014/raw/D_ocbs.tsv
录,True,金色也。从金录聲。,力玉切,剝,2765,亦聲,裂也。从刀从录。录，刻割也。录亦聲。,北角切,paewk,幫二江入,identical_fanqie,,*[p]ˤrok,mc_match,,not_in_bs,NA,,说文: shuowenjiezi/shuowen; 广韵: tshet-uinh 0.15.1; BS2014: digling/cddb Baxter2014/raw/D_ocbs.tsv
录,True,金色也。从金录聲。,力玉切,菉,651,聲,王芻也。从艸录聲。《詩》曰：“菉竹猗猗。”,力玉切,ljowk,來三鍾入,identical_fanqie,,*[r]ok,mc_match,,not_in_bs,NA,,说文: shuowenjiezi/shuowen; 广韵: tshet-uinh 0.15.1; BS2014: digling/cddb Baxter2014/raw/D_ocbs.tsv
录,True,金色也。从金录聲。,力玉切,趢,1046,聲,䟒趢也。从走录聲。,力玉切,ljowk,來三鍾入,identical_fanqie,,,not_in_bs,,not_in_bs,NA,,说文: shuowenjiezi/shuowen; 广韵: tshet-uinh 0.15.1; BS2014: digling/cddb Baxter2014/raw/D_ocbs.tsv
录,True,金色也。从金录聲。,力玉切,逯,1163,聲,行謹逯逯也。从辵录聲。,盧谷切,ljowk,來三鍾入,initial+rhyme+tone,,,not_in_bs,,not_in_bs,NA,,说文: shuowenjiezi/shuowen; 广韵: tshet-uinh 0.15.1; BS2014: digling/cddb Baxter2014/raw/D_ocbs.tsv
录,True,金色也。从金录聲。,力玉切,䚄,5454,聲,笑視也。从見录聲。,力玉切,ljowk,來三鍾入,identical_fanqie,,,not_in_bs,,not_in_bs,NA,,说文: shuowenjiezi/shuowen; 广韵: tshet-uinh 0.15.1; BS2014: digling/cddb Baxter2014/raw/D_ocbs.tsv
录,True,金色也。从金录聲。,力玉切,䰁,5735,聲,𩮗也。忽見也。从髟录聲。录，籒文魅，亦忽見意。,芳未切,,,none,,,not_in_bs,,not_in_bs,NA,,说文: shuowenjiezi/shuowen; 广韵: tshet-uinh 0.15.1; BS2014: digling/cddb Baxter2014/raw/D_ocbs.tsv
录,True,金色也。从金录聲。,力玉切,錄,9230,聲,金色也。从金录聲。,力玉切,ljowk,來三鍾入,identical_fanqie,,*[r]ok,mc_match,,not_in_bs,NA,,说文: shuowenjiezi/shuowen; 广韵: tshet-uinh 0.15.1; BS2014: digling/cddb Baxter2014/raw/D_ocbs.tsv
徹,True,通也。从彳从攴从育。,丑列切,勶,9183,亦聲,發也。从力从徹，徹亦聲。,丑列切,,,none,trhjet,,not_in_bs,*tʰret,mc_match,NA,,说文: shuowenjiezi/shuowen; 广韵: tshet-uinh 0.15.1; BS2014: digling/cddb Baxter2014/raw/D_ocbs.tsv
徹,True,通也。从彳从攴从育。,丑列切,轍,9566,省聲,車迹也。从車，徹省聲。本通用徹，後人所加。,直列切,drjet,澄開三仙入,identical_fanqie,trhjet,*[d]ret,mc_match,*tʰret,mc_match,O,ini;uncertain,说文: shuowenjiezi/shuowen; 广韵: tshet-uinh 0.15.1; BS2014: digling/cddb Baxter2014/raw/D_ocbs.tsv
忽,True,忘也。从心勿聲。,呼骨切,䬍,8939,亦聲,疾風也。从風从忽，忽亦聲。,呼骨切,xwot,曉合一魂入,identical_fanqie,xwot,,not_in_bs,*m̥ˤut,mc_match,NA,,说文: shuowenjiezi/shuowen; 广韵: tshet-uinh 0.15.1; BS2014: digling/cddb Baxter2014/raw/D_ocbs.tsv
愁,True,憂也。从心秋聲。,士尤切,㵞,7393,亦聲,腹中有水气也。从水从愁，愁亦聲。,士尤切,dzrjuw,崇三尤平,identical_fanqie,dzrjuw,,not_in_bs,*[dz]riw,mc_match,NA,,说文: shuowenjiezi/shuowen; 广韵: tshet-uinh 0.15.1; BS2014: digling/cddb Baxter2014/raw/D_ocbs.tsv
成,True,就也。从戊丁聲。,氏征切,城,9036,亦聲,以盛民也。从土从成，成亦聲。,氏征切,dzyeng,常開三清平,initial+rhyme+tone,dzyeng,*[d]eŋ,mc_match,*m-[d]eŋ,mc_match,R,pre;uncertain,说文: shuowenjiezi/shuowen; 广韵: tshet-uinh 0.15.1; BS2014: digling/cddb Baxter2014/raw/D_ocbs.tsv
成,True,就也。从戊丁聲。,氏征切,誠,1521,聲,信也。从言成聲。,氏征切,dzyeng,常開三清平,initial+rhyme+tone,dzyeng,*[d]eŋ,mc_match,*m-[d]eŋ,mc_match,R,pre;uncertain,说文: shuowenjiezi/shuowen; 广韵: tshet-uinh 0.15.1; BS2014: digling/cddb Baxter2014/raw/D_ocbs.tsv
成,True,就也。从戊丁聲。,氏征切,盛,3125,聲,黍稷在器中以祀者也。从皿成聲。,氏征切,dzyeng,常開三清平,initial+rhyme+tone,dzyeng,*[d]eŋ,mc_match,*m-[d]eŋ,mc_match,R,pre;uncertain,说文: shuowenjiezi/shuowen; 广韵: tshet-uinh 0.15.1; BS2014: digling/cddb Baxter2014/raw/D_ocbs.tsv
成,True,就也。从戊丁聲。,氏征切,郕,4117,聲,魯孟氏邑。从邑成聲。,氏征切,dzyeng,常開三清平,initial+rhyme+tone,dzyeng,,not_in_bs,*m-[d]eŋ,mc_match,NA,,说文: shuowenjiezi/shuowen; 广韵: tshet-uinh 0.15.1; BS2014: digling/cddb Baxter2014/raw/D_ocbs.tsv
成,True,就也。从戊丁聲。,氏征切,晟,4245,聲,明也。从日成聲。,承正切,dzyengH,常開三清去,identical_fanqie,dzyeng,,not_in_bs,*m-[d]eŋ,mc_match,NA,,说文: shuowenjiezi/shuowen; 广韵: tshet-uinh 0.15.1; BS2014: digling/cddb Baxter2014/raw/D_ocbs.tsv
成,True,就也。从戊丁聲。,氏征切,宬,4553,聲,屋所容受也。从宀成聲。,氏征切,dzyeng,常開三清平,initial+rhyme+tone,dzyeng,,not_in_bs,*m-[d]eŋ,mc_match,NA,,说文: shuowenjiezi/shuowen; 广韵: tshet-uinh 0.15.1; BS2014: digling/cddb Baxter2014/raw/D_ocbs.tsv
手,True,拳也。象形。凡手之屬皆从手。,書九切,杽,3802,亦聲,械也。从木从手，手亦聲。,敕九切,trhjuwX,徹三尤上,initial+rhyme+tone,syuwX,*n̥<r>uʔ,mc_match,*n̥uʔ,mc_match,R,med,说文: shuowenjiezi/shuowen; 广韵: tshet-uinh 0.15.1; BS2014: digling/cddb Baxter2014/raw/D_ocbs.tsv
敬,True,肅也。从攴、茍。,居慶切,警,1550,亦聲,戒也。从言从敬，敬亦聲。,居影切,kjaengX,見開三B庚上,identical_fanqie,kjaengH,*kreŋʔ,mc_match,*kreŋ(ʔ)-s,mc_match,R,suf;uncertain,说文: shuowenjiezi/shuowen; 广韵: tshet-uinh 0.15.1; BS2014: digling/cddb Baxter2014/raw/D_ocbs.tsv
敬,True,肅也。从攴、茍。,居慶切,憼,6709,亦聲,敬也。从心从敬，敬亦聲。,居影切,kjaengX,見開三B庚上,identical_fanqie,kjaengH,,not_in_bs,*kreŋ(ʔ)-s,mc_match,NA,,说文: shuowenjiezi/shuowen; 广韵: tshet-uinh 0.15.1; BS2014: digling/cddb Baxter2014/raw/D_ocbs.tsv
敬,True,肅也。从攴、茍。,居慶切,璥,84,聲,玉也。从玉敬聲。,居領切,kjaengX,見開三B庚上,initial_only,kjaengH,,not_in_bs,*kreŋ(ʔ)-s,mc_match,NA,,说文: shuowenjiezi/shuowen; 广韵: tshet-uinh 0.15.1; BS2014: digling/cddb Baxter2014/raw/D_ocbs.tsv
敬,True,肅也。从攴、茍。,居慶切,㯳,3734,聲,㮄也。从木敬聲。,巨京切,,,none,kjaengH,,not_in_bs,*kreŋ(ʔ)-s,mc_match,NA,,说文: shuowenjiezi/shuowen; 广韵: tshet-uinh 0.15.1; BS2014: digling/cddb Baxter2014/raw/D_ocbs.tsv
敬,True,肅也。从攴、茍。,居慶切,儆,4992,聲,戒也。从人敬聲。《春秋傳》曰：“儆宮。”,居影切,kjaengX,見開三B庚上,identical_fanqie,kjaengH,,not_in_bs,*kreŋ(ʔ)-s,mc_match,NA,,说文: shuowenjiezi/shuowen; 广韵: tshet-uinh 0.15.1; BS2014: digling/cddb Baxter2014/raw/D_ocbs.tsv
敬,True,肅也。从攴、茍。,居慶切,驚,6187,聲,馬駭也。从馬敬聲。,舉卿切,kjaeng,見開三B庚平,identical_fanqie,kjaengH,*kreŋ,mc_match,*kreŋ(ʔ)-s,mc_match,R,suf;uncertain,说文: shuowenjiezi/shuowen; 广韵: tshet-uinh 0.15.1; BS2014: digling/cddb Baxter2014/raw/D_ocbs.tsv
文,True,錯畫也。象交文。凡文之屬皆从文。,無分切,馼,6148,亦聲,馬赤鬣縞身，目若黃金，名曰𩢌。吉皇之乘，周文王時，犬戎獻之。从馬从文，文亦聲。《春秋傳》曰：“𩢌馬百駟。”畫馬也。西伯獻紂，以全其身。,無分切,mjun,明三C文平,identical_fanqie,mjun,,not_in_bs,*mə[n],mc_match,NA,,说文: shuowenjiezi/shuowen; 广韵: tshet-uinh 0.15.1; BS2014: digling/cddb Baxter2014/raw/D_ocbs.tsv
文,True,錯畫也。象交文。凡文之屬皆从文。,無分切,玟,195,聲,火齊，玫瑰也。一曰石之美者。从玉文聲。,莫桮切,mwoj,明一灰平,initial+rhyme+tone,mjun,,not_in_bs,*mə[n],mc_match,NA,,说文: shuowenjiezi/shuowen; 广韵: tshet-uinh 0.15.1; BS2014: digling/cddb Baxter2014/raw/D_ocbs.tsv
文,True,錯畫也。象交文。凡文之屬皆从文。,無分切,吝,931,聲,恨惜也。从口文聲。《易》曰：“以往吝。”,良刃切,linH,來開三真去,identical_fanqie,mjun,*mə.rə[n]-s,mc_match,*mə[n],mc_match,O2,"pre,ini,suf;uncertain",说文: shuowenjiezi/shuowen; 广韵: tshet-uinh 0.15.1; BS2014: digling/cddb Baxter2014/raw/D_ocbs.tsv
文,True,錯畫也。象交文。凡文之屬皆从文。,無分切,虔,3096,聲,虎行皃。从虍文聲。讀若矜。,渠焉切,gjen,羣開三B仙平,identical_fanqie,mjun,*[g]ra[n],mc_match,*mə[n],mc_match,V,"ini,med,v;uncertain",说文: shuowenjiezi/shuowen; 广韵: tshet-uinh 0.15.1; BS2014: digling/cddb Baxter2014/raw/D_ocbs.tsv
文,True,錯畫也。象交文。凡文之屬皆从文。,無分切,旻,4171,聲,秋天也。从日文聲。《虞書》曰：“仁閔覆下，則稱旻天。”,武巾切,min,明三B真平,identical_fanqie,mjun,*mrə[n],mc_match,*mə[n],mc_match,R,med;uncertain,说文: shuowenjiezi/shuowen; 广韵: tshet-uinh 0.15.1; BS2014: digling/cddb Baxter2014/raw/D_ocbs.tsv
文,True,錯畫也。象交文。凡文之屬皆从文。,無分切,忞,6752,聲,彊也。从心文聲。《周書》曰：“在受德忞。”讀若旻。,武巾切,min,明三B真平,identical_fanqie,mjun,,not_in_bs,*mə[n],mc_match,NA,,说文: shuowenjiezi/shuowen; 广韵: tshet-uinh 0.15.1; BS2014: digling/cddb Baxter2014/raw/D_ocbs.tsv
文,True,錯畫也。象交文。凡文之屬皆从文。,無分切,汶,7052,聲,水。出琅邪朱虛東泰山，東入濰。从水文聲。桑欽說：汶水出泰山萊蕪，西南入泲。,亡運切,mjunH,明三C文去,identical_fanqie,mjun,*mˤə[n],single_reading,*mə[n],mc_match,R,phar;uncertain,说文: shuowenjiezi/shuowen; 广韵: tshet-uinh 0.15.1; BS2014: digling/cddb Baxter2014/raw/D_ocbs.tsv
文,True,錯畫也。象交文。凡文之屬皆从文。,無分切,閔,7747,聲,弔者在門也。从門文聲。,眉殞切,minX,明三B真上,identical_fanqie,mjun,*mrə[n]ʔ,mc_match,*mə[n],mc_match,R,"med,suf;uncertain",说文: shuowenjiezi/shuowen; 广韵: tshet-uinh 0.15.1; BS2014: digling/cddb Baxter2014/raw/D_ocbs.tsv
文,True,錯畫也。象交文。凡文之屬皆从文。,無分切,紊,8522,聲,亂也。从糸文聲。《商書》曰：“有條而不紊。”,亡運切,mjunH,明三C文去,identical_fanqie,mjun,,not_in_bs,*mə[n],mc_match,NA,,说文: shuowenjiezi/shuowen; 广韵: tshet-uinh 0.15.1; BS2014: digling/cddb Baxter2014/raw/D_ocbs.tsv
斬,True,𢧵也。从車从斤。斬法車裂也。,側減切,鏨,9293,亦聲,小鑿也。从金从斬，斬亦聲。,藏濫切,dzamH,從開一談去,identical_fanqie,tsreamX,,not_in_bs,*[ts]ramʔ,mc_match,NA,,说文: shuowenjiezi/shuowen; 广韵: tshet-uinh 0.15.1; BS2014: digling/cddb Baxter2014/raw/D_ocbs.tsv
斬,True,𢧵也。从車从斤。斬法車裂也。,側減切,蔪,570,聲,艸相蔪苞也。从艸斬聲。《書》曰：“艸木蔪苞。”,慈冉切,dzjemX,從開三鹽上,initial+rhyme+tone,tsreamX,,not_in_bs,*[ts]ramʔ,mc_match,NA,,说文: shuowenjiezi/shuowen; 广韵: tshet-uinh 0.15.1; BS2014: digling/cddb Baxter2014/raw/D_ocbs.tsv
斬,True,𢧵也。从車从斤。斬法車裂也。,側減切,𧽯,1059,聲,進也。从走斬聲。,藏監切,,,none,tsreamX,,not_in_bs,*[ts]ramʔ,mc_match,NA,,说文: shuowenjiezi/shuowen; 广韵: tshet-uinh 0.15.1; BS2014: digling/cddb Baxter2014/raw/D_ocbs.tsv
斬,True,𢧵也。从車从斤。斬法車裂也。,側減切,槧,3750,聲,牘樸也。从木斬聲。,自𤥎切,dzamX,從開一談上,initial_only,tsreamX,,not_in_bs,*[ts]ramʔ,mc_match,NA,,说文: shuowenjiezi/shuowen; 广韵: tshet-uinh 0.15.1; BS2014: digling/cddb Baxter2014/raw/D_ocbs.tsv
斬,True,𢧵也。从車从斤。斬法車裂也。,側減切,暫,4216,聲,不久也。从日斬聲。,藏濫切,dzamH,從開一談去,identical_fanqie,tsreamX,*[dz]ˤam-s,mc_match,*[ts]ramʔ,mc_match,O,"ini,phar,med,suf;uncertain",说文: shuowenjiezi/shuowen; 广韵: tshet-uinh 0.15.1; BS2014: digling/cddb Baxter2014/raw/D_ocbs.tsv
斬,True,𢧵也。从車从斤。斬法車裂也。,側減切,磛,6003,聲,礹，石也。从石斬聲。,鉅銜切,,,none,tsreamX,,not_in_bs,*[ts]ramʔ,mc_match,NA,,说文: shuowenjiezi/shuowen; 广韵: tshet-uinh 0.15.1; BS2014: digling/cddb Baxter2014/raw/D_ocbs.tsv
斬,True,𢧵也。从車从斤。斬法車裂也。,側減切,慙,6923,聲,媿也。从心斬聲。,昨甘切,dzam,從開一談平,identical_fanqie,tsreamX,*[dz]ˤam,mc_match,*[ts]ramʔ,mc_match,O,"ini,phar,med,suf;uncertain",说文: shuowenjiezi/shuowen; 广韵: tshet-uinh 0.15.1; BS2014: digling/cddb Baxter2014/raw/D_ocbs.tsv
斬,True,𢧵也。从車从斤。斬法車裂也。,側減切,漸,7000,聲,水。出丹陽黟南蠻中，東入海。从水斬聲。,慈冉切,dzjemX,從開三鹽上,initial+rhyme+tone,tsreamX,*[dz]amʔ,mc_match,*[ts]ramʔ,mc_match,O,"ini,med;uncertain",说文: shuowenjiezi/shuowen; 广韵: tshet-uinh 0.15.1; BS2014: digling/cddb Baxter2014/raw/D_ocbs.tsv
斬,True,𢧵也。从車从斤。斬法車裂也。,側減切,摲,7901,聲,暫也。从手斬聲。,昨甘切,tsrhaemH,初開二銜去,no_match_first_reading,tsreamX,,not_in_bs,*[ts]ramʔ,mc_match,NA,,说文: shuowenjiezi/shuowen; 广韵: tshet-uinh 0.15.1; BS2014: digling/cddb Baxter2014/raw/D_ocbs.tsv
斬,True,𢧵也。从車从斤。斬法車裂也。,側減切,塹,9067,聲,阬也。一曰大也。从土斬聲。,七豔切,tshjemH,清開三鹽去,identical_fanqie,tsreamX,*[tsʰ]am-s,mc_match,*[ts]ramʔ,mc_match,O,"ini,med,suf;uncertain",说文: shuowenjiezi/shuowen; 广韵: tshet-uinh 0.15.1; BS2014: digling/cddb Baxter2014/raw/D_ocbs.tsv
日,True,實也。太陽之精不虧。从囗一。象形。凡日之屬皆从日。,人質切,衵,5302,亦聲,日日所常衣。从衣从日，日亦聲。,人質切,nyit,日開三真入,identical_fanqie,nyit,*nik,mc_match,*C.nik,mc_match,R,pre,说文: shuowenjiezi/shuowen; 广韵: tshet-uinh 0.15.1; BS2014: digling/cddb Baxter2014/raw/D_ocbs.tsv
日,True,實也。太陽之精不虧。从囗一。象形。凡日之屬皆从日。,人質切,䵒,4449,聲,黏也。从黍日聲。《春秋傳》曰：“不義不䵒。”,尼質切,nrit,孃開三真入,identical_fanqie,nyit,*n<r>ik,mc_match,*C.nik,mc_match,R,"pre,med",说文: shuowenjiezi/shuowen; 广韵: tshet-uinh 0.15.1; BS2014: digling/cddb Baxter2014/raw/D_ocbs.tsv
日,True,實也。太陽之精不虧。从囗一。象形。凡日之屬皆从日。,人質切,馹,6205,聲,驛傳也。从馬日聲。,人質切,nyit,日開三真入,identical_fanqie,nyit,,not_in_bs,*C.nik,mc_match,NA,,说文: shuowenjiezi/shuowen; 广韵: tshet-uinh 0.15.1; BS2014: digling/cddb Baxter2014/raw/D_ocbs.tsv
日,True,實也。太陽之精不虧。从囗一。象形。凡日之屬皆从日。,人質切,涅,7197,聲,黑土在水中也。从水从土，日聲。,奴結切,net,泥開四先入,identical_fanqie,nyit,,not_in_bs,*C.nik,mc_match,NA,,说文: shuowenjiezi/shuowen; 广韵: tshet-uinh 0.15.1; BS2014: digling/cddb Baxter2014/raw/D_ocbs.tsv
日,True,實也。太陽之精不虧。从囗一。象形。凡日之屬皆从日。,人質切,䫻,8941,聲,大風也。从風日聲。,于筆切,hwit,云合三B真入,identical_fanqie,nyit,,not_in_bs,*C.nik,mc_match,NA,,说文: shuowenjiezi/shuowen; 广韵: tshet-uinh 0.15.1; BS2014: digling/cddb Baxter2014/raw/D_ocbs.tsv
昏,True,日冥也。从日氐省。氐者，下也。一曰民聲。,呼昆切,閽,7738,亦聲,常以昏閉門隸也。从門从昏，昏亦聲。,呼昆切,xwon,曉合一魂平,identical_fanqie,xwon,,not_in_bs,*m̥ˤu[n],mc_match,NA,,说文: shuowenjiezi/shuowen; 广韵: tshet-uinh 0.15.1; BS2014: digling/cddb Baxter2014/raw/D_ocbs.tsv
昏,True,日冥也。从日氐省。氐者，下也。一曰民聲。,呼昆切,婚,8087,亦聲,婦家也。《禮》：娶婦以昏時，婦人陰也，故曰婚。从女从昏，昏亦聲。,呼昆切,xwon,曉合一魂平,identical_fanqie,xwon,*m̥ˤu[n],mc_match,*m̥ˤu[n],mc_match,I,;uncertain,说文: shuowenjiezi/shuowen; 广韵: tshet-uinh 0.15.1; BS2014: digling/cddb Baxter2014/raw/D_ocbs.tsv
昏,True,日冥也。从日氐省。氐者，下也。一曰民聲。,呼昆切,𪂆,2396,聲,鳥也。从鳥昏聲。,武巾切,min,明三B真平,identical_fanqie,xwon,,not_in_bs,*m̥ˤu[n],mc_match,NA,,说文: shuowenjiezi/shuowen; 广韵: tshet-uinh 0.15.1; BS2014: digling/cddb Baxter2014/raw/D_ocbs.tsv
昏,True,日冥也。从日氐省。氐者，下也。一曰民聲。,呼昆切,䫒,5658,聲,繫頭殟也。从頁昏聲。,莫奔切,mwon,明一魂平,identical_fanqie,xwon,,not_in_bs,*m̥ˤu[n],mc_match,NA,,说文: shuowenjiezi/shuowen; 广韵: tshet-uinh 0.15.1; BS2014: digling/cddb Baxter2014/raw/D_ocbs.tsv
昏,True,日冥也。从日氐省。氐者，下也。一曰民聲。,呼昆切,捪,7883,聲,撫也。从手昏聲。一曰摹也。,武巾切,min,明三B真平,identical_fanqie,xwon,,not_in_bs,*m̥ˤu[n],mc_match,NA,,说文: shuowenjiezi/shuowen; 广韵: tshet-uinh 0.15.1; BS2014: digling/cddb Baxter2014/raw/D_ocbs.tsv
昏,True,日冥也。从日氐省。氐者，下也。一曰民聲。,呼昆切,緍,8682,聲,釣魚𦅾也。从糸昏聲。吳人解衣相被，謂之緍。,武巾切,min,明三B真平,identical_fanqie,xwon,,not_in_bs,*m̥ˤu[n],mc_match,NA,,说文: shuowenjiezi/shuowen; 广韵: tshet-uinh 0.15.1; BS2014: digling/cddb Baxter2014/raw/D_ocbs.tsv
昏,True,日冥也。从日氐省。氐者，下也。一曰民聲。,呼昆切,錉,9399,聲,業也。賈人占錉。从金昏聲。,武巾切,min,明三B真平,identical_fanqie,xwon,,not_in_bs,*m̥ˤu[n],mc_match,NA,,说文: shuowenjiezi/shuowen; 广韵: tshet-uinh 0.15.1; BS2014: digling/cddb Baxter2014/raw/D_ocbs.tsv
易,True,蜥易，蝘蜓，守宮也。象形。《祕書》說：日月爲易，象陰陽也。一曰从勿。凡易之屬皆从易。,羊益切,敡,2029,亦聲,侮也。从攴从易，易亦聲。,以豉切,yeH,以開三支去,identical_fanqie,yek,,not_in_bs,*lek,mc_match,NA,,说文: shuowenjiezi/shuowen; 广韵: tshet-uinh 0.15.1; BS2014: digling/cddb Baxter2014/raw/D_ocbs.tsv
易,True,蜥易，蝘蜓，守宮也。象形。《祕書》說：日月爲易，象陰陽也。一曰从勿。凡易之屬皆从易。,羊益切,舓,1439,聲,以舌取食也。从舌易聲。,神旨切,zyeX,船開三支上,initial_only,yek,*Cə.leʔ,mc_match,*lek,mc_match,C,"pre,coda,suf",说文: shuowenjiezi/shuowen; 广韵: tshet-uinh 0.15.1; BS2014: digling/cddb Baxter2014/raw/D_ocbs.tsv
易,True,蜥易，蝘蜓，守宮也。象形。《祕書》說：日月爲易，象陰陽也。一曰从勿。凡易之屬皆从易。,羊益切,睗,2157,聲,目疾視也。从目易聲。,施隻切,syek,書開三清入,identical_fanqie,yek,,not_in_bs,*lek,mc_match,NA,,说文: shuowenjiezi/shuowen; 广韵: tshet-uinh 0.15.1; BS2014: digling/cddb Baxter2014/raw/D_ocbs.tsv
易,True,蜥易，蝘蜓，守宮也。象形。《祕書》說：日月爲易，象陰陽也。一曰从勿。凡易之屬皆从易。,羊益切,䯜,2576,聲,骨間黃汁也。从骨易聲。讀若《易》曰“夕惕若厲”。,他歴切,thek,透開四青入,initial_only,yek,,not_in_bs,*lek,mc_match,NA,,说文: shuowenjiezi/shuowen; 广韵: tshet-uinh 0.15.1; BS2014: digling/cddb Baxter2014/raw/D_ocbs.tsv
易,True,蜥易，蝘蜓，守宮也。象形。《祕書》說：日月爲易，象陰陽也。一曰从勿。凡易之屬皆从易。,羊益切,剔,2795,聲,解骨也。从刀易聲。,他歴切,thek,透開四青入,initial_only,yek,*l̥ˤek,mc_match,*lek,mc_match,O,"ini,phar",说文: shuowenjiezi/shuowen; 广韵: tshet-uinh 0.15.1; BS2014: digling/cddb Baxter2014/raw/D_ocbs.tsv
易,True,蜥易，蝘蜓，守宮也。象形。《祕書》說：日月爲易，象陰陽也。一曰从勿。凡易之屬皆从易。,羊益切,𩛿,3195,聲,飴和饊者也。从食易聲。,徐盈切,zjeng,邪開三清平,identical_fanqie,yek,,not_in_bs,*lek,mc_match,NA,,说文: shuowenjiezi/shuowen; 广韵: tshet-uinh 0.15.1; BS2014: digling/cddb Baxter2014/raw/D_ocbs.tsv
易,True,蜥易，蝘蜓，守宮也。象形。《祕書》說：日月爲易，象陰陽也。一曰从勿。凡易之屬皆从易。,羊益切,賜,3943,聲,予也。从貝易聲。,斯義切,sjeH,心開三支去,identical_fanqie,yek,*s-lek-s,mc_match,*lek,mc_match,R,"pre,suf",说文: shuowenjiezi/shuowen; 广韵: tshet-uinh 0.15.1; BS2014: digling/cddb Baxter2014/raw/D_ocbs.tsv
易,True,蜥易，蝘蜓，守宮也。象形。《祕書》說：日月爲易，象陰陽也。一曰从勿。凡易之屬皆从易。,羊益切,晹,4187,聲,日覆雲暫見也。从日易聲。,羊益切,syek,書開三清入,rhyme+tone_only,yek,,not_in_bs,*lek,mc_match,NA,,说文: shuowenjiezi/shuowen; 广韵: tshet-uinh 0.15.1; BS2014: digling/cddb Baxter2014/raw/D_ocbs.tsv
易,True,蜥易，蝘蜓，守宮也。象形。《祕書》說：日月爲易，象陰陽也。一曰从勿。凡易之屬皆从易。,羊益切,痬,4754,聲,脈痬也。从疒易聲。,羊益切,yek,以開三清入,identical_fanqie,yek,,not_in_bs,*lek,mc_match,NA,,说文: shuowenjiezi/shuowen; 广韵: tshet-uinh 0.15.1; BS2014: digling/cddb Baxter2014/raw/D_ocbs.tsv
易,True,蜥易，蝘蜓，守宮也。象形。《祕書》說：日月爲易，象陰陽也。一曰从勿。凡易之屬皆从易。,羊益切,㑥,5127,聲,輕也。从人易聲。一曰交㑥。,以豉切,yeH,以開三支去,identical_fanqie,yek,,not_in_bs,*lek,mc_match,NA,,说文: shuowenjiezi/shuowen; 广韵: tshet-uinh 0.15.1; BS2014: digling/cddb Baxter2014/raw/D_ocbs.tsv
易,True,蜥易，蝘蜓，守宮也。象形。《祕書》說：日月爲易，象陰陽也。一曰从勿。凡易之屬皆从易。,羊益切,裼,5321,聲,袒也。从衣易聲。,先擊切,sek,心開四青入,identical_fanqie,yek,,not_in_bs,*lek,mc_match,NA,,说文: shuowenjiezi/shuowen; 广韵: tshet-uinh 0.15.1; BS2014: digling/cddb Baxter2014/raw/D_ocbs.tsv
易,True,蜥易，蝘蜓，守宮也。象形。《祕書》說：日月爲易，象陰陽也。一曰从勿。凡易之屬皆从易。,羊益切,鬄,5715,聲,髲也。从髟易聲。,先彳切,sjek,心開三清入,initial+rhyme+tone,yek,,not_in_bs,*lek,mc_match,NA,,说文: shuowenjiezi/shuowen; 广韵: tshet-uinh 0.15.1; BS2014: digling/cddb Baxter2014/raw/D_ocbs.tsv
易,True,蜥易，蝘蜓，守宮也。象形。《祕書》說：日月爲易，象陰陽也。一曰从勿。凡易之屬皆从易。,羊益切,𩮜,5731,聲,鬀髮也。从髟从刀，易聲。,他歴切,thek,透開四青入,initial_only,yek,,not_in_bs,*lek,mc_match,NA,,说文: shuowenjiezi/shuowen; 广韵: tshet-uinh 0.15.1; BS2014: digling/cddb Baxter2014/raw/D_ocbs.tsv
易,True,蜥易，蝘蜓，守宮也。象形。《祕書》說：日月爲易，象陰陽也。一曰从勿。凡易之屬皆从易。,羊益切,𤟍,6319,聲,犬張耳皃。从犬易聲。,陟革切,treak,知開二耕入,identical_fanqie,yek,,not_in_bs,*lek,mc_match,NA,,说文: shuowenjiezi/shuowen; 广韵: tshet-uinh 0.15.1; BS2014: digling/cddb Baxter2014/raw/D_ocbs.tsv
易,True,蜥易，蝘蜓，守宮也。象形。《祕書》說：日月爲易，象陰陽也。一曰从勿。凡易之屬皆从易。,羊益切,惕,6911,聲,敬也。从心易聲。,他歴切,thek,透開四青入,initial_only,yek,*l̥ˤek,mc_match,*lek,mc_match,O,"ini,phar",说文: shuowenjiezi/shuowen; 广韵: tshet-uinh 0.15.1; BS2014: digling/cddb Baxter2014/raw/D_ocbs.tsv
易,True,蜥易，蝘蜓，守宮也。象形。《祕書》說：日月爲易，象陰陽也。一曰从勿。凡易之屬皆从易。,羊益切,緆,8703,聲,細布也。从糸易聲。,先擊切,sek,心開四青入,identical_fanqie,yek,,not_in_bs,*lek,mc_match,NA,,说文: shuowenjiezi/shuowen; 广韵: tshet-uinh 0.15.1; BS2014: digling/cddb Baxter2014/raw/D_ocbs.tsv
易,True,蜥易，蝘蜓，守宮也。象形。《祕書》說：日月爲易，象陰陽也。一曰从勿。凡易之屬皆从易。,羊益切,埸,9108,聲,疆也。从土易聲。,羊益切,yek,以開三清入,identical_fanqie,yek,,not_in_bs,*lek,mc_match,NA,,说文: shuowenjiezi/shuowen; 广韵: tshet-uinh 0.15.1; BS2014: digling/cddb Baxter2014/raw/D_ocbs.tsv
易,True,蜥易，蝘蜓，守宮也。象形。《祕書》說：日月爲易，象陰陽也。一曰从勿。凡易之屬皆从易。,羊益切,錫,9218,聲,銀鉛之閒也。从金易聲。,先擊切,sek,心開四青入,identical_fanqie,yek,*s-lˤek,mc_match,*lek,mc_match,R,"pre,phar",说文: shuowenjiezi/shuowen; 广韵: tshet-uinh 0.15.1; BS2014: digling/cddb Baxter2014/raw/D_ocbs.tsv
星,True,萬物之精，上爲列星。从晶生聲。一曰象形。从口，古口復注中，故與日同。,桑經切,腥,2694,亦聲,星見食豕，令肉中生小息肉也。从肉从星，星亦聲。,穌佞切,sengH,心開四青去,initial+rhyme+tone,seng,,not_in_bs,*s-tsʰˤeŋ,mc_match,NA,,说文: shuowenjiezi/shuowen; 广韵: tshet-uinh 0.15.1; BS2014: digling/cddb Baxter2014/raw/D_ocbs.tsv
星,True,萬物之精，上爲列星。从晶生聲。一曰象形。从口，古口復注中，故與日同。,桑經切,猩,6286,聲,猩猩，犬吠聲。从犬星聲。,桑經切,seng,心開四青平,identical_fanqie,seng,,not_in_bs,*s-tsʰˤeŋ,mc_match,NA,,说文: shuowenjiezi/shuowen; 广韵: tshet-uinh 0.15.1; BS2014: digling/cddb Baxter2014/raw/D_ocbs.tsv
星,True,萬物之精，上爲列星。从晶生聲。一曰象形。从口，古口復注中，故與日同。,桑經切,醒,9828,聲,醉解也。从酉星聲。按：酲字注云：一曰醉而覺也。則古酲，亦音醒也。,桑經切,seng,心開四青平,identical_fanqie,seng,*s-tsʰˤeŋʔ,single_reading,*s-tsʰˤeŋ,mc_match,R,suf,说文: shuowenjiezi/shuowen; 广韵: tshet-uinh 0.15.1; BS2014: digling/cddb Baxter2014/raw/D_ocbs.tsv
曰,True,詞也。从口乙聲。亦象口气出也。凡曰之屬皆从曰。,王代切,欥,5557,亦聲,詮詞也。从欠从曰，曰亦聲。《詩》曰：“欥求厥寕。”,余律切,yit,以開三真入,initial+rhyme+tone,hjwot,,not_in_bs,*[ɢ]ʷat,mc_match,NA,,说文: shuowenjiezi/shuowen; 广韵: tshet-uinh 0.15.1; BS2014: digling/cddb Baxter2014/raw/D_ocbs.tsv
曰,True,詞也。从口乙聲。亦象口气出也。凡曰之屬皆从曰。,王代切,汩,7411,聲,治水也。从水曰聲。,于筆切,hwit,云合三B真入,identical_fanqie,hjwot,*[ɢʷ]rət,mc_match,*[ɢ]ʷat,mc_match,V,"med,v;uncertain",说文: shuowenjiezi/shuowen; 广韵: tshet-uinh 0.15.1; BS2014: digling/cddb Baxter2014/raw/D_ocbs.tsv
曰,True,詞也。从口乙聲。亦象口气出也。凡曰之屬皆从曰。,王代切,𡿯,7447,聲,水流也。从川曰聲。,于筆切,hwit,云合三B真入,identical_fanqie,hjwot,,not_in_bs,*[ɢ]ʷat,mc_match,NA,,说文: shuowenjiezi/shuowen; 广韵: tshet-uinh 0.15.1; BS2014: digling/cddb Baxter2014/raw/D_ocbs.tsv
會,True,合也。从亼，从曾省。曾，益也。凡會之屬皆从會。,黃外切,禬,54,亦聲,會福祭也。从示从會，會亦聲。《周禮》曰：“禬之祝號。”,古外切,kwajH,見合一泰去,identical_fanqie,hwajH,,not_in_bs,*m-kˤop-s,mc_match,NA,,说文: shuowenjiezi/shuowen; 广韵: tshet-uinh 0.15.1; BS2014: digling/cddb Baxter2014/raw/D_ocbs.tsv
會,True,合也。从亼，从曾省。曾，益也。凡會之屬皆从會。,黃外切,儈,5179,亦聲,合市也。从人、會，會亦聲。,古外切,kwajH,見合一泰去,identical_fanqie,hwajH,,not_in_bs,*m-kˤop-s,mc_match,NA,,说文: shuowenjiezi/shuowen; 广韵: tshet-uinh 0.15.1; BS2014: digling/cddb Baxter2014/raw/D_ocbs.tsv
會,True,合也。从亼，从曾省。曾，益也。凡會之屬皆从會。,黃外切,薈,536,聲,艸多皃。从艸會聲。《詩》曰：“薈兮蔚兮。”,烏外切,'wajH,影合一泰去,identical_fanqie,hwajH,,not_in_bs,*m-kˤop-s,mc_match,NA,,说文: shuowenjiezi/shuowen; 广韵: tshet-uinh 0.15.1; BS2014: digling/cddb Baxter2014/raw/D_ocbs.tsv
會,True,合也。从亼，从曾省。曾，益也。凡會之屬皆从會。,黃外切,噲,786,聲,咽也。从口會聲。讀若快。一曰嚵，噲也。,苦夬切,khwaejH,溪合二夬去,identical_fanqie,hwajH,*kʰr[o][p]-s,mc_match,*m-kˤop-s,mc_match,O,"pre,ini,phar,med;uncertain",说文: shuowenjiezi/shuowen; 广韵: tshet-uinh 0.15.1; BS2014: digling/cddb Baxter2014/raw/D_ocbs.tsv
會,True,合也。从亼，从曾省。曾，益也。凡會之屬皆从會。,黃外切,䯤,2583,聲,骨擿之可會髮者。从骨會聲。《詩》曰：“䯤弁如星。”,古外切,kwajH,見合一泰去,identical_fanqie,hwajH,,not_in_bs,*m-kˤop-s,mc_match,NA,,说文: shuowenjiezi/shuowen; 广韵: tshet-uinh 0.15.1; BS2014: digling/cddb Baxter2014/raw/D_ocbs.tsv
會,True,合也。从亼，从曾省。曾，益也。凡會之屬皆从會。,黃外切,膾,2705,聲,細切肉也。从肉會聲。,古外切,kwajH,見合一泰去,identical_fanqie,hwajH,*C.[k]ˤ[o][p]-s,mc_match,*m-kˤop-s,mc_match,R,pre;uncertain,说文: shuowenjiezi/shuowen; 广韵: tshet-uinh 0.15.1; BS2014: digling/cddb Baxter2014/raw/D_ocbs.tsv
會,True,合也。从亼，从曾省。曾，益也。凡會之屬皆从會。,黃外切,劊,2747,聲,斷也。从刀會聲。,古外切,kwajH,見合一泰去,identical_fanqie,hwajH,,not_in_bs,*m-kˤop-s,mc_match,NA,,说文: shuowenjiezi/shuowen; 广韵: tshet-uinh 0.15.1; BS2014: digling/cddb Baxter2014/raw/D_ocbs.tsv
會,True,合也。从亼，从曾省。曾，益也。凡會之屬皆从會。,黃外切,檜,3530,聲,柏葉松身。从木會聲。,古外切,kwajH,見合一泰去,identical_fanqie,hwajH,*[k]ˤ[o][p]-s,mc_match,*m-kˤop-s,mc_match,R,pre;uncertain,说文: shuowenjiezi/shuowen; 广韵: tshet-uinh 0.15.1; BS2014: digling/cddb Baxter2014/raw/D_ocbs.tsv
會,True,合也。从亼，从曾省。曾，益也。凡會之屬皆从會。,黃外切,鄶,4108,聲,祝融之後，妘姓所封。潧洧之間。鄭滅之。从邑會聲。,古外切,kwajH,見合一泰去,identical_fanqie,hwajH,,not_in_bs,*m-kˤop-s,mc_match,NA,,说文: shuowenjiezi/shuowen; 广韵: tshet-uinh 0.15.1; BS2014: digling/cddb Baxter2014/raw/D_ocbs.tsv
會,True,合也。从亼，从曾省。曾，益也。凡會之屬皆从會。,黃外切,旝,4269,聲,建大木，置石其上，發以機，以追敵也。从㫃會聲。《春秋傳》曰：“旝動而鼓。”《詩》曰：“其旝如林。”,古外切,kwajH,見合一泰去,identical_fanqie,hwajH,,not_in_bs,*m-kˤop-s,mc_match,NA,,说文: shuowenjiezi/shuowen; 广韵: tshet-uinh 0.15.1; BS2014: digling/cddb Baxter2014/raw/D_ocbs.tsv
會,True,合也。从亼，从曾省。曾，益也。凡會之屬皆从會。,黃外切,𥢶,4408,聲,穅也。从禾會聲。,苦會切,khwajH,溪合一泰去,identical_fanqie,hwajH,,not_in_bs,*m-kˤop-s,mc_match,NA,,说文: shuowenjiezi/shuowen; 广韵: tshet-uinh 0.15.1; BS2014: digling/cddb Baxter2014/raw/D_ocbs.tsv
會,True,合也。从亼，从曾省。曾，益也。凡會之屬皆从會。,黃外切,襘,5253,聲,帶所結也。从衣會聲。《春秋傳》曰：“衣有襘。”,古外切,kwajH,見合一泰去,identical_fanqie,hwajH,*kˤop-s,mc_match,*m-kˤop-s,mc_match,R,pre,说文: shuowenjiezi/shuowen; 广韵: tshet-uinh 0.15.1; BS2014: digling/cddb Baxter2014/raw/D_ocbs.tsv
會,True,合也。从亼，从曾省。曾，益也。凡會之屬皆从會。,黃外切,廥,5910,聲,芻藁之藏。从广會聲。,古外切,kwajH,見合一泰去,identical_fanqie,hwajH,,not_in_bs,*m-kˤop-s,mc_match,NA,,说文: shuowenjiezi/shuowen; 广韵: tshet-uinh 0.15.1; BS2014: digling/cddb Baxter2014/raw/D_ocbs.tsv
會,True,合也。从亼，从曾省。曾，益也。凡會之屬皆从會。,黃外切,獪,6274,聲,狡獪也。从犬會聲。,古外切,kwajH,見合一泰去,identical_fanqie,hwajH,,not_in_bs,*m-kˤop-s,mc_match,NA,,说文: shuowenjiezi/shuowen; 广韵: tshet-uinh 0.15.1; BS2014: digling/cddb Baxter2014/raw/D_ocbs.tsv
會,True,合也。从亼，从曾省。曾，益也。凡會之屬皆从會。,黃外切,䵳,6510,聲,沃黑色。从黑會聲。,惡外切,'wajH,影合一泰去,initial+rhyme+tone,hwajH,,not_in_bs,*m-kˤop-s,mc_match,NA,,说文: shuowenjiezi/shuowen; 广韵: tshet-uinh 0.15.1; BS2014: digling/cddb Baxter2014/raw/D_ocbs.tsv
會,True,合也。从亼，从曾省。曾，益也。凡會之屬皆从會。,黃外切,澮,6986,聲,水。出靃山，西南入汾。从水會聲。,古外切,kwajH,見合一泰去,identical_fanqie,hwajH,*[k]ˤop-s,mc_match,*m-kˤop-s,mc_match,R,pre;uncertain,说文: shuowenjiezi/shuowen; 广韵: tshet-uinh 0.15.1; BS2014: digling/cddb Baxter2014/raw/D_ocbs.tsv
會,True,合也。从亼，从曾省。曾，益也。凡會之屬皆从會。,黃外切,嬒,8291,聲,女黑色也。从女會聲。《詩》曰：“嬒兮蔚兮。”,古外切,'wajH,影合一泰去,rhyme+tone_only,hwajH,,not_in_bs,*m-kˤop-s,mc_match,NA,,说文: shuowenjiezi/shuowen; 广韵: tshet-uinh 0.15.1; BS2014: digling/cddb Baxter2014/raw/D_ocbs.tsv
會,True,合也。从亼，从曾省。曾，益也。凡會之屬皆从會。,黃外切,繪,8565,聲,會五采繡也。《虞書》曰：“山龍華蟲作繪。”《論語》曰：“繪事後素。”从糸會聲。,黃外切,hwajH,匣合一泰去,identical_fanqie,hwajH,,not_in_bs,*m-kˤop-s,mc_match,NA,,说文: shuowenjiezi/shuowen; 广韵: tshet-uinh 0.15.1; BS2014: digling/cddb Baxter2014/raw/D_ocbs.tsv
朿,True,木芒也。象形。凡朿之屬皆从朿。讀若刺。,七賜切,刺,2794,亦聲,君殺大夫曰刺。刺，直傷也。从刀从朿，朿亦聲。,七賜切,tshjeH,清開三支去,identical_fanqie,tshjeH,*[tsʰ]ek-s,mc_match,*[tsʰ]ek-s,mc_match,I,;uncertain,说文: shuowenjiezi/shuowen; 广韵: tshet-uinh 0.15.1; BS2014: digling/cddb Baxter2014/raw/D_ocbs.tsv
朿,True,木芒也。象形。凡朿之屬皆从朿。讀若刺。,七賜切,帝,7,聲,諦也。王天下之號也。从丄朿聲。,都計切,tejH,端開四齊去,identical_fanqie,tshjeH,*tˤek-s,mc_match,*[tsʰ]ek-s,mc_match,O,"ini,phar;uncertain",说文: shuowenjiezi/shuowen; 广韵: tshet-uinh 0.15.1; BS2014: digling/cddb Baxter2014/raw/D_ocbs.tsv
朿,True,木芒也。象形。凡朿之屬皆从朿。讀若刺。,七賜切,茦,397,聲,莿也。从艸朿聲。,楚革切,,,none,tshjeH,,not_in_bs,*[tsʰ]ek-s,mc_match,NA,,说文: shuowenjiezi/shuowen; 广韵: tshet-uinh 0.15.1; BS2014: digling/cddb Baxter2014/raw/D_ocbs.tsv
朿,True,木芒也。象形。凡朿之屬皆从朿。讀若刺。,七賜切,𧻕,1048,聲,側行也。从走朿聲。《詩》曰：“謂地蓋厚，不敢不𧻕。”,資昔切,tshjek,清開三清入,rhyme+tone_only,tshjeH,,not_in_bs,*[tsʰ]ek-s,mc_match,NA,,说文: shuowenjiezi/shuowen; 广韵: tshet-uinh 0.15.1; BS2014: digling/cddb Baxter2014/raw/D_ocbs.tsv
朿,True,木芒也。象形。凡朿之屬皆从朿。讀若刺。,七賜切,㭰,1084,聲,識也。从此朿聲。一曰藏也。,遵誄切,tsjwe,精合三支平,initial_only,tshjeH,,not_in_bs,*[tsʰ]ek-s,mc_match,NA,,说文: shuowenjiezi/shuowen; 广韵: tshet-uinh 0.15.1; BS2014: digling/cddb Baxter2014/raw/D_ocbs.tsv
朿,True,木芒也。象形。凡朿之屬皆从朿。讀若刺。,七賜切,𧧒,1688,聲,數諫也。从言朿聲。,七賜切,tshjeH,清開三支去,identical_fanqie,tshjeH,,not_in_bs,*[tsʰ]ek-s,mc_match,NA,,说文: shuowenjiezi/shuowen; 广韵: tshet-uinh 0.15.1; BS2014: digling/cddb Baxter2014/raw/D_ocbs.tsv
朿,True,木芒也。象形。凡朿之屬皆从朿。讀若刺。,七賜切,敇,2061,聲,擊馬也。从攴朿聲。,楚革切,,,none,tshjeH,,not_in_bs,*[tsʰ]ek-s,mc_match,NA,,说文: shuowenjiezi/shuowen; 广韵: tshet-uinh 0.15.1; BS2014: digling/cddb Baxter2014/raw/D_ocbs.tsv
朿,True,木芒也。象形。凡朿之屬皆从朿。讀若刺。,七賜切,策,2959,聲,馬箠也。从竹朿聲。,楚革切,tsrheak,初開二耕入,identical_fanqie,tshjeH,*[tsʰ](ˤ)rek,mc_match,*[tsʰ]ek-s,mc_match,R,"phar,med,suf;uncertain",说文: shuowenjiezi/shuowen; 广韵: tshet-uinh 0.15.1; BS2014: digling/cddb Baxter2014/raw/D_ocbs.tsv
朿,True,木芒也。象形。凡朿之屬皆从朿。讀若刺。,七賜切,責,3958,聲,求也。从貝朿聲。,側革切,tsreak,莊開二耕入,identical_fanqie,tshjeH,*s-tˤrek,mc_match,*[tsʰ]ek-s,mc_match,O,"pre,ini,phar,med,suf;uncertain",说文: shuowenjiezi/shuowen; 广韵: tshet-uinh 0.15.1; BS2014: digling/cddb Baxter2014/raw/D_ocbs.tsv
朿,True,木芒也。象形。凡朿之屬皆从朿。讀若刺。,七賜切,洓,7267,聲,小雨零皃。从水朿聲。,所責切,tshjek,清開三清入,no_match_first_reading,tshjeH,,not_in_bs,*[tsʰ]ek-s,mc_match,NA,,说文: shuowenjiezi/shuowen; 广韵: tshet-uinh 0.15.1; BS2014: digling/cddb Baxter2014/raw/D_ocbs.tsv
柔,True,木曲直也。从木矛聲。,耳由切,𢔟,1226,亦聲,復也。从彳从柔，柔亦聲。,人九切,nrjuwX,孃三尤上,rhyme+tone_only,nyuw,,not_in_bs,*nu,mc_match,NA,,说文: shuowenjiezi/shuowen; 广韵: tshet-uinh 0.15.1; BS2014: digling/cddb Baxter2014/raw/D_ocbs.tsv
柔,True,木曲直也。从木矛聲。,耳由切,鞣,1789,亦聲,耎也。从革从柔，柔亦聲。,耳由切,nyuw,日三尤平,identical_fanqie,nyuw,,not_in_bs,*nu,mc_match,NA,,说文: shuowenjiezi/shuowen; 广韵: tshet-uinh 0.15.1; BS2014: digling/cddb Baxter2014/raw/D_ocbs.tsv
柔,True,木曲直也。从木矛聲。,耳由切,煣,6448,亦聲,屈申木也。从火、柔，柔亦聲。,人久切,nyuwX,日三尤上,initial+rhyme+tone,nyuw,,not_in_bs,*nu,mc_match,NA,,说文: shuowenjiezi/shuowen; 广韵: tshet-uinh 0.15.1; BS2014: digling/cddb Baxter2014/raw/D_ocbs.tsv
柔,True,木曲直也。从木矛聲。,耳由切,鍒,9405,亦聲,𨮯之耎也。从金从柔，柔亦聲。,耳由切,nyuw,日三尤平,identical_fanqie,nyuw,,not_in_bs,*nu,mc_match,NA,,说文: shuowenjiezi/shuowen; 广韵: tshet-uinh 0.15.1; BS2014: digling/cddb Baxter2014/raw/D_ocbs.tsv
柔,True,木曲直也。从木矛聲。,耳由切,腬,2662,聲,嘉善肉也。从肉柔聲。,耳由切,nyuw,日三尤平,identical_fanqie,nyuw,,not_in_bs,*nu,mc_match,NA,,说文: shuowenjiezi/shuowen; 广韵: tshet-uinh 0.15.1; BS2014: digling/cddb Baxter2014/raw/D_ocbs.tsv
柔,True,木曲直也。从木矛聲。,耳由切,蝚,8767,聲,蛭蝚，至掌也。从虫柔聲。,耳由切,nyuw,日三尤平,identical_fanqie,nyuw,,not_in_bs,*nu,mc_match,NA,,说文: shuowenjiezi/shuowen; 广韵: tshet-uinh 0.15.1; BS2014: digling/cddb Baxter2014/raw/D_ocbs.tsv
柔,True,木曲直也。从木矛聲。,耳由切,㽥,9131,聲,和田也。从田柔聲。,耳由切,nyuw,日三尤平,identical_fanqie,nyuw,,not_in_bs,*nu,mc_match,NA,,说文: shuowenjiezi/shuowen; 广韵: tshet-uinh 0.15.1; BS2014: digling/cddb Baxter2014/raw/D_ocbs.tsv
柔,True,木曲直也。从木矛聲。,耳由切,輮,9499,聲,車軔也。从車柔聲。,人九切,nyuwX,日三尤上,identical_fanqie,nyuw,,not_in_bs,*nu,mc_match,NA,,说文: shuowenjiezi/shuowen; 广韵: tshet-uinh 0.15.1; BS2014: digling/cddb Baxter2014/raw/D_ocbs.tsv
棥,True,藩也。从爻从林。《詩》曰：“營營青蠅，止于棥。”,附袁切,樊,1766,亦聲,鷙不行也。从𠬜从棥，棥亦聲。,附袁切,bjon,並三C元平,identical_fanqie,bjon,,not_in_bs,,not_in_bs,NA,,说文: shuowenjiezi/shuowen; 广韵: tshet-uinh 0.15.1; BS2014: digling/cddb Baxter2014/raw/D_ocbs.tsv
棥,True,藩也。从爻从林。《詩》曰：“營營青蠅，止于棥。”,附袁切,燓,6449,亦聲,燒田也。从火、棥，棥亦聲。,附袁切,,,none,bjon,,not_in_bs,,not_in_bs,NA,,说文: shuowenjiezi/shuowen; 广韵: tshet-uinh 0.15.1; BS2014: digling/cddb Baxter2014/raw/D_ocbs.tsv
正,True,是也。从止，一以止。凡正之屬皆从正。,之盛切,整,1995,亦聲,齊也。从攴从束从正，正亦聲。,之郢切,tsyengX,章開三清上,identical_fanqie,tsyengH,*teŋʔ,mc_match,*teŋ-s,mc_match,R,suf,说文: shuowenjiezi/shuowen; 广韵: tshet-uinh 0.15.1; BS2014: digling/cddb Baxter2014/raw/D_ocbs.tsv
正,True,是也。从止，一以止。凡正之屬皆从正。,之盛切,政,1998,亦聲,正也。从攴从正，正亦聲。,之盛切,tsyengH,章開三清去,identical_fanqie,tsyengH,*teŋ-s,mc_match,*teŋ-s,mc_match,I,,说文: shuowenjiezi/shuowen; 广韵: tshet-uinh 0.15.1; BS2014: digling/cddb Baxter2014/raw/D_ocbs.tsv
正,True,是也。从止，一以止。凡正之屬皆从正。,之盛切,竀,4640,亦聲,正視也。从穴中正見也，正亦聲。,救貞切,trhjeng,徹開三清平,rhyme+tone_only,tsyengH,,not_in_bs,*teŋ-s,mc_match,NA,,说文: shuowenjiezi/shuowen; 广韵: tshet-uinh 0.15.1; BS2014: digling/cddb Baxter2014/raw/D_ocbs.tsv
正,True,是也。从止，一以止。凡正之屬皆从正。,之盛切,𨒌,1100,聲,正、行也。从辵正聲。,諸盈切,tsyeng,章開三清平,identical_fanqie,tsyengH,,not_in_bs,*teŋ-s,mc_match,NA,,说文: shuowenjiezi/shuowen; 广韵: tshet-uinh 0.15.1; BS2014: digling/cddb Baxter2014/raw/D_ocbs.tsv
正,True,是也。从止，一以止。凡正之屬皆从正。,之盛切,𢌛,1261,聲,行也。从廴正聲。,諸盈切,,,none,tsyengH,,not_in_bs,*teŋ-s,mc_match,NA,,说文: shuowenjiezi/shuowen; 广韵: tshet-uinh 0.15.1; BS2014: digling/cddb Baxter2014/raw/D_ocbs.tsv
正,True,是也。从止，一以止。凡正之屬皆从正。,之盛切,証,1533,聲,諫也。从言正聲。,之盛切,tsyengH,章開三清去,identical_fanqie,tsyengH,*teŋ-s,mc_match,*teŋ-s,mc_match,I,,说文: shuowenjiezi/shuowen; 广韵: tshet-uinh 0.15.1; BS2014: digling/cddb Baxter2014/raw/D_ocbs.tsv
正,True,是也。从止，一以止。凡正之屬皆从正。,之盛切,䋊,8662,聲,乘輿馬飾也。从糸正聲。,諸盈切,tsyeng,章開三清平,identical_fanqie,tsyengH,,not_in_bs,*teŋ-s,mc_match,NA,,说文: shuowenjiezi/shuowen; 广韵: tshet-uinh 0.15.1; BS2014: digling/cddb Baxter2014/raw/D_ocbs.tsv
正,True,是也。从止，一以止。凡正之屬皆从正。,之盛切,鉦,9335,聲,鐃也。似鈴，柄中，上下通。从金正聲。,諸盈切,tsyeng,章開三清平,identical_fanqie,tsyengH,,not_in_bs,*teŋ-s,mc_match,NA,,说文: shuowenjiezi/shuowen; 广韵: tshet-uinh 0.15.1; BS2014: digling/cddb Baxter2014/raw/D_ocbs.tsv
毀,True,缺也。从土，毇省聲。,許委切,㩓,8024,亦聲,傷擊也。从手、毀，毀亦聲。,許委切,xjweX,曉合三B支上,identical_fanqie,xjweX,,not_in_bs,*[m̥](r)ajʔ,mc_match,NA,,说文: shuowenjiezi/shuowen; 广韵: tshet-uinh 0.15.1; BS2014: digling/cddb Baxter2014/raw/D_ocbs.tsv
毀,True,缺也。从土，毇省聲。,許委切,燬,6385,聲,火也。从火毀聲。《春秋傳》曰：“衞矦燬。”,許偉切,xjweX,曉合三B支上,initial_only,xjweX,,not_in_bs,*[m̥](r)ajʔ,mc_match,NA,,说文: shuowenjiezi/shuowen; 广韵: tshet-uinh 0.15.1; BS2014: digling/cddb Baxter2014/raw/D_ocbs.tsv
毀,True,缺也。从土，毇省聲。,許委切,𡢕,8285,聲,惡也。一曰人皃。从女毀聲。,許委切,xjweX,曉合三B支上,identical_fanqie,xjweX,,not_in_bs,*[m̥](r)ajʔ,mc_match,NA,,说文: shuowenjiezi/shuowen; 广韵: tshet-uinh 0.15.1; BS2014: digling/cddb Baxter2014/raw/D_ocbs.tsv
毄,True,相擊中也。如車相擊。故从殳从軎。,古歴切,轚,9542,亦聲,車轄相擊也。从車从毄，毄亦聲。《周禮》曰：“舟輿擊互者。”,古歴切,kejH,見開四齊去,initial_only,,,not_in_bs,,not_in_bs,NA,,说文: shuowenjiezi/shuowen; 广韵: tshet-uinh 0.15.1; BS2014: digling/cddb Baxter2014/raw/D_ocbs.tsv
毄,True,相擊中也。如車相擊。故从殳从軎。,古歴切,𤩯,87,聲,玉也。从玉毄聲。讀若鬲。,郎擊切,,,none,,,not_in_bs,,not_in_bs,NA,,说文: shuowenjiezi/shuowen; 广韵: tshet-uinh 0.15.1; BS2014: digling/cddb Baxter2014/raw/D_ocbs.tsv
毄,True,相擊中也。如車相擊。故从殳从軎。,古歴切,𦿓,343,聲,艸也。从艸毄聲。,古歴切,,,none,,,not_in_bs,,not_in_bs,NA,,说文: shuowenjiezi/shuowen; 广韵: tshet-uinh 0.15.1; BS2014: digling/cddb Baxter2014/raw/D_ocbs.tsv
毄,True,相擊中也。如車相擊。故从殳从軎。,古歴切,𧈖,3103,聲,虎聲也。从虎毄聲。讀若隔。,古覈切,,,none,,,not_in_bs,,not_in_bs,NA,,说文: shuowenjiezi/shuowen; 广韵: tshet-uinh 0.15.1; BS2014: digling/cddb Baxter2014/raw/D_ocbs.tsv
毄,True,相擊中也。如車相擊。故从殳从軎。,古歴切,檕,3705,聲,繘耑木也。从木毄聲。,古詣切,kejH,見開四齊去,identical_fanqie,,,not_in_bs,,not_in_bs,NA,,说文: shuowenjiezi/shuowen; 广韵: tshet-uinh 0.15.1; BS2014: digling/cddb Baxter2014/raw/D_ocbs.tsv
毄,True,相擊中也。如車相擊。故从殳从軎。,古歴切,𣤢,5552,聲,且唾聲。一曰小笑。从欠毄聲。,許壁切,thejH,透開四齊去,no_match_first_reading,,,not_in_bs,,not_in_bs,NA,,说文: shuowenjiezi/shuowen; 广韵: tshet-uinh 0.15.1; BS2014: digling/cddb Baxter2014/raw/D_ocbs.tsv
毄,True,相擊中也。如車相擊。故从殳从軎。,古歴切,礊,6005,聲,堅也。从石毄聲。,楷革切,kheak,溪開二耕入,identical_fanqie,,,not_in_bs,,not_in_bs,NA,,说文: shuowenjiezi/shuowen; 广韵: tshet-uinh 0.15.1; BS2014: digling/cddb Baxter2014/raw/D_ocbs.tsv
毄,True,相擊中也。如車相擊。故从殳从軎。,古歴切,𢢞,6917,聲,悑也。从心毄聲。,苦計切,khejH,溪開四齊去,identical_fanqie,,,not_in_bs,,not_in_bs,NA,,说文: shuowenjiezi/shuowen; 广韵: tshet-uinh 0.15.1; BS2014: digling/cddb Baxter2014/raw/D_ocbs.tsv
毄,True,相擊中也。如車相擊。故从殳从軎。,古歴切,擊,8025,聲,攴也。从手毄聲。,古歴切,kek,見開四青入,initial_only,,*kˤik,mc_match,,not_in_bs,NA,,说文: shuowenjiezi/shuowen; 广韵: tshet-uinh 0.15.1; BS2014: digling/cddb Baxter2014/raw/D_ocbs.tsv
毄,True,相擊中也。如車相擊。故从殳从軎。,古歴切,𡢖,8230,聲,難也。从女毄聲。,苦賣切,kheaH,溪開二佳去,identical_fanqie,,,not_in_bs,,not_in_bs,NA,,说文: shuowenjiezi/shuowen; 广韵: tshet-uinh 0.15.1; BS2014: digling/cddb Baxter2014/raw/D_ocbs.tsv
毄,True,相擊中也。如車相擊。故从殳从軎。,古歴切,繫,8689,聲,繫𦃇也。一曰惡絮。从糸毄聲。,古詣切,kejH,見開四齊去,identical_fanqie,,*Cə.kˤe-s,mc_match,,not_in_bs,NA,,说文: shuowenjiezi/shuowen; 广韵: tshet-uinh 0.15.1; BS2014: digling/cddb Baxter2014/raw/D_ocbs.tsv
毄,True,相擊中也。如車相擊。故从殳从軎。,古歴切,墼,9018,聲,瓴適也。一曰未燒也。从土毄聲。,古歴切,kek,見開四青入,initial_only,,,not_in_bs,,not_in_bs,NA,,说文: shuowenjiezi/shuowen; 广韵: tshet-uinh 0.15.1; BS2014: digling/cddb Baxter2014/raw/D_ocbs.tsv
毛,True,眉髮之屬及獸毛也。象形。凡毛之屬皆从毛。,莫袍切,旄,4280,亦聲,幢也。从㫃从毛，毛亦聲。,莫袍切,maw,明一豪平,identical_fanqie,maw,*mˤaw,mc_match,*C.mˤaw,mc_match,R,pre,说文: shuowenjiezi/shuowen; 广韵: tshet-uinh 0.15.1; BS2014: digling/cddb Baxter2014/raw/D_ocbs.tsv
毛,True,眉髮之屬及獸毛也。象形。凡毛之屬皆从毛。,莫袍切,芼,538,聲,艸覆蔓。从艸毛聲。《詩》曰：“左右芼之。”,莫抱切,maw,明一豪平,initial_only,maw,*mˤaw(k)-s,single_reading,*C.mˤaw,mc_match,C,"pre,coda,suf;uncertain",说文: shuowenjiezi/shuowen; 广韵: tshet-uinh 0.15.1; BS2014: digling/cddb Baxter2014/raw/D_ocbs.tsv
毛,True,眉髮之屬及獸毛也。象形。凡毛之屬皆从毛。,莫袍切,眊,2112,聲,目少精也。从目毛聲。《虞書》耄字从此。,亡報切,mawH,明一豪去,initial+rhyme+tone,maw,,not_in_bs,*C.mˤaw,mc_match,NA,,说文: shuowenjiezi/shuowen; 广韵: tshet-uinh 0.15.1; BS2014: digling/cddb Baxter2014/raw/D_ocbs.tsv
毛,True,眉髮之屬及獸毛也。象形。凡毛之屬皆从毛。,莫袍切,秏,4379,聲,稻屬。从禾毛聲。伊尹曰：“飯之美者，玄山之禾，南海之秏。”,呼到切,xawH,曉開一豪去,identical_fanqie,maw,,not_in_bs,*C.mˤaw,mc_match,NA,,说文: shuowenjiezi/shuowen; 广韵: tshet-uinh 0.15.1; BS2014: digling/cddb Baxter2014/raw/D_ocbs.tsv
毛,True,眉髮之屬及獸毛也。象形。凡毛之屬皆从毛。,莫袍切,覒,5489,聲,擇也。从見毛聲。讀若苗。,莫袍切,mawH,明一豪去,initial+rhyme+tone,maw,,not_in_bs,*C.mˤaw,mc_match,NA,,说文: shuowenjiezi/shuowen; 广韵: tshet-uinh 0.15.1; BS2014: digling/cddb Baxter2014/raw/D_ocbs.tsv
氐,True,至也。从氏下箸一。一，地也。凡氐之屬皆从氐。,丁礼切,低,5180,亦聲,下也。从人、氐，氐亦聲。,都兮切,tej,端開四齊平,initial+rhyme+tone,trij,,not_in_bs,,multiple_readings,NA,,说文: shuowenjiezi/shuowen; 广韵: tshet-uinh 0.15.1; BS2014: digling/cddb Baxter2014/raw/D_ocbs.tsv
氐,True,至也。从氏下箸一。一，地也。凡氐之屬皆从氐。,丁礼切,祗,23,聲,敬也。从示氐聲。,旨移切,tsyij,章開三脂平,initial_only,trij,,not_in_bs,,multiple_readings,NA,,说文: shuowenjiezi/shuowen; 广韵: tshet-uinh 0.15.1; BS2014: digling/cddb Baxter2014/raw/D_ocbs.tsv
氐,True,至也。从氏下箸一。一，地也。凡氐之屬皆从氐。,丁礼切,牴,763,聲,觸也。从牛氐聲。,都禮切,tejX,端開四齊上,identical_fanqie,trij,,not_in_bs,,multiple_readings,NA,,说文: shuowenjiezi/shuowen; 广韵: tshet-uinh 0.15.1; BS2014: digling/cddb Baxter2014/raw/D_ocbs.tsv
氐,True,至也。从氏下箸一。一，地也。凡氐之屬皆从氐。,丁礼切,呧,896,聲,苛也。从口氐聲。,都禮切,,,none,trij,,not_in_bs,,multiple_readings,NA,,说文: shuowenjiezi/shuowen; 广韵: tshet-uinh 0.15.1; BS2014: digling/cddb Baxter2014/raw/D_ocbs.tsv
氐,True,至也。从氏下箸一。一，地也。凡氐之屬皆从氐。,丁礼切,趆,1027,聲,趨也。从走氐聲。,都禮切,tej,端開四齊平,initial_only,trij,,not_in_bs,,multiple_readings,NA,,说文: shuowenjiezi/shuowen; 广韵: tshet-uinh 0.15.1; BS2014: digling/cddb Baxter2014/raw/D_ocbs.tsv
氐,True,至也。从氏下箸一。一，地也。凡氐之屬皆从氐。,丁礼切,䢑,1161,聲,怒不進也。从辵氐聲。,都禮切,,,none,trij,,not_in_bs,,multiple_readings,NA,,说文: shuowenjiezi/shuowen; 广韵: tshet-uinh 0.15.1; BS2014: digling/cddb Baxter2014/raw/D_ocbs.tsv
氐,True,至也。从氏下箸一。一，地也。凡氐之屬皆从氐。,丁礼切,詆,1698,聲,苛也。一曰訶也。从言氐聲。,都禮切,tejX,端開四齊上,identical_fanqie,trij,,not_in_bs,,multiple_readings,NA,,说文: shuowenjiezi/shuowen; 广韵: tshet-uinh 0.15.1; BS2014: digling/cddb Baxter2014/raw/D_ocbs.tsv
氐,True,至也。从氏下箸一。一，地也。凡氐之屬皆从氐。,丁礼切,𨾦,2288,聲,𨿠也。从隹氐聲。,處脂切,tsyhij,昌開三脂平,identical_fanqie,trij,,not_in_bs,,multiple_readings,NA,,说文: shuowenjiezi/shuowen; 广韵: tshet-uinh 0.15.1; BS2014: digling/cddb Baxter2014/raw/D_ocbs.tsv
氐,True,至也。从氏下箸一。一，地也。凡氐之屬皆从氐。,丁礼切,羝,2330,聲,牡羊也。从羊氐聲。,都兮切,tej,端開四齊平,initial+rhyme+tone,trij,,not_in_bs,,multiple_readings,NA,,说文: shuowenjiezi/shuowen; 广韵: tshet-uinh 0.15.1; BS2014: digling/cddb Baxter2014/raw/D_ocbs.tsv
氐,True,至也。从氏下箸一。一，地也。凡氐之屬皆从氐。,丁礼切,胝,2649,聲,腄也。从肉氐聲。,竹尼切,trij,知開三脂平,initial+rhyme+tone,trij,,not_in_bs,,multiple_readings,NA,,说文: shuowenjiezi/shuowen; 广韵: tshet-uinh 0.15.1; BS2014: digling/cddb Baxter2014/raw/D_ocbs.tsv
氐,True,至也。从氏下箸一。一，地也。凡氐之屬皆从氐。,丁礼切,柢,3545,聲,木根也。从木氐聲。,都禮切,tejX,端開四齊上,identical_fanqie,trij,,not_in_bs,,multiple_readings,NA,,说文: shuowenjiezi/shuowen; 广韵: tshet-uinh 0.15.1; BS2014: digling/cddb Baxter2014/raw/D_ocbs.tsv
氐,True,至也。从氏下箸一。一，地也。凡氐之屬皆从氐。,丁礼切,邸,3994,聲,屬國舍。从邑氐聲。,都禮切,tejX,端開四齊上,identical_fanqie,trij,,not_in_bs,,multiple_readings,NA,,说文: shuowenjiezi/shuowen; 广韵: tshet-uinh 0.15.1; BS2014: digling/cddb Baxter2014/raw/D_ocbs.tsv
氐,True,至也。从氏下箸一。一，地也。凡氐之屬皆从氐。,丁礼切,袛,5255,聲,袛裯，短衣。从衣氐聲。,都兮切,tej,端開四齊平,initial+rhyme+tone,trij,,not_in_bs,,multiple_readings,NA,,说文: shuowenjiezi/shuowen; 广韵: tshet-uinh 0.15.1; BS2014: digling/cddb Baxter2014/raw/D_ocbs.tsv
氐,True,至也。从氏下箸一。一，地也。凡氐之屬皆从氐。,丁礼切,𧠟,5475,聲,病人視也。从見氐聲。讀若迷。,莫兮切,,,none,trij,,not_in_bs,,multiple_readings,NA,,说文: shuowenjiezi/shuowen; 广韵: tshet-uinh 0.15.1; BS2014: digling/cddb Baxter2014/raw/D_ocbs.tsv
氐,True,至也。从氏下箸一。一，地也。凡氐之屬皆从氐。,丁礼切,底,5921,聲,山居也。一曰下也。从广氐聲。,都礼切,tejX,端開四齊上,initial+rhyme+tone,trij,*tˤijʔ,mc_match,,multiple_readings,NA,,说文: shuowenjiezi/shuowen; 广韵: tshet-uinh 0.15.1; BS2014: digling/cddb Baxter2014/raw/D_ocbs.tsv
氐,True,至也。从氏下箸一。一，地也。凡氐之屬皆从氐。,丁礼切,厎,5953,聲,柔石也。从厂氐聲。,職雉切,tsyijX,章開三脂上,identical_fanqie,trij,,not_in_bs,,multiple_readings,NA,,说文: shuowenjiezi/shuowen; 广韵: tshet-uinh 0.15.1; BS2014: digling/cddb Baxter2014/raw/D_ocbs.tsv
氐,True,至也。从氏下箸一。一，地也。凡氐之屬皆从氐。,丁礼切,奃,6575,聲,大也。从大氐聲。讀若氐。,都兮切,tej,端開四齊平,initial+rhyme+tone,trij,,not_in_bs,,multiple_readings,NA,,说文: shuowenjiezi/shuowen; 广韵: tshet-uinh 0.15.1; BS2014: digling/cddb Baxter2014/raw/D_ocbs.tsv
氐,True,至也。从氏下箸一。一，地也。凡氐之屬皆从氐。,丁礼切,泜,7060,聲,水。在常山。从水氐聲。,直尼切,drij,澄開三脂平,identical_fanqie,trij,,not_in_bs,,multiple_readings,NA,,说文: shuowenjiezi/shuowen; 广韵: tshet-uinh 0.15.1; BS2014: digling/cddb Baxter2014/raw/D_ocbs.tsv
氐,True,至也。从氏下箸一。一，地也。凡氐之屬皆从氐。,丁礼切,抵,7812,聲,擠也。从手氐聲。,丁礼切,tejX,端開四齊上,initial+rhyme+tone,trij,*tˤijʔ,mc_match,,multiple_readings,NA,,说文: shuowenjiezi/shuowen; 广韵: tshet-uinh 0.15.1; BS2014: digling/cddb Baxter2014/raw/D_ocbs.tsv
氐,True,至也。从氏下箸一。一，地也。凡氐之屬皆从氐。,丁礼切,𥿄,8484,聲,絲滓也。从糸氐聲。,都兮切,tej,端開四齊平,initial+rhyme+tone,trij,,not_in_bs,,multiple_readings,NA,,说文: shuowenjiezi/shuowen; 广韵: tshet-uinh 0.15.1; BS2014: digling/cddb Baxter2014/raw/D_ocbs.tsv
氐,True,至也。从氏下箸一。一，地也。凡氐之屬皆从氐。,丁礼切,蚳,8793,聲,螘子也。从虫氐聲。《周禮》有蚳醢。讀若祁。,直尼切,drij,澄開三脂平,identical_fanqie,trij,*[d]r[ij],mc_match,,multiple_readings,NA,,说文: shuowenjiezi/shuowen; 广韵: tshet-uinh 0.15.1; BS2014: digling/cddb Baxter2014/raw/D_ocbs.tsv
氐,True,至也。从氏下箸一。一，地也。凡氐之屬皆从氐。,丁礼切,坻,9041,聲,小渚也。《詩》曰：“宛在水中坻。”从土氐聲。,直尼切,drij,澄開三脂平,identical_fanqie,trij,*[d]rij,mc_match,,multiple_readings,NA,,说文: shuowenjiezi/shuowen; 广韵: tshet-uinh 0.15.1; BS2014: digling/cddb Baxter2014/raw/D_ocbs.tsv
氐,True,至也。从氏下箸一。一，地也。凡氐之屬皆从氐。,丁礼切,軧,9550,聲,大車後也。从車氐聲。,丁禮切,tejX,端開四齊上,initial+rhyme+tone,trij,,not_in_bs,,multiple_readings,NA,,说文: shuowenjiezi/shuowen; 广韵: tshet-uinh 0.15.1; BS2014: digling/cddb Baxter2014/raw/D_ocbs.tsv
氐,True,至也。从氏下箸一。一，地也。凡氐之屬皆从氐。,丁礼切,阺,9614,聲,秦謂陵阪曰阺。从𨸏氐聲。,丁禮切,drij,澄開三脂平,no_match_first_reading,trij,,not_in_bs,,multiple_readings,NA,,说文: shuowenjiezi/shuowen; 广韵: tshet-uinh 0.15.1; BS2014: digling/cddb Baxter2014/raw/D_ocbs.tsv
氣,True,饋客芻米也。从米气聲。《春秋傳》曰：“齊人來氣諸矦。”,許旣切,愾,6861,亦聲,大息也。从心从氣，氣亦聲。《詩》曰：“愾我寤歎。”,許旣切,xj+jH,曉開三C微去,initial_only,xj+jH,*qʰəp-s,mc_match,*qʰət-s,mc_match,C,coda,说文: shuowenjiezi/shuowen; 广韵: tshet-uinh 0.15.1; BS2014: digling/cddb Baxter2014/raw/D_ocbs.tsv
氣,True,饋客芻米也。从米气聲。《春秋傳》曰：“齊人來氣諸矦。”,許旣切,鎎,9387,聲,怒戰也。从金氣聲。《春秋傳》曰：“諸矦敵王所鎎。”,許旣切,xj+jH,曉開三C微去,initial_only,xj+jH,,not_in_bs,*qʰət-s,mc_match,NA,,说文: shuowenjiezi/shuowen; 广韵: tshet-uinh 0.15.1; BS2014: digling/cddb Baxter2014/raw/D_ocbs.tsv
炗,True,明也。从火在人上，光明意也。,古皇切,黃,9156,亦聲,地之色也。从田从炗，炗亦聲。炗，古文光。凡黃之屬皆从黃。,乎光切,hwang,匣合一唐平,initial+rhyme+tone,,*N-kʷˤaŋ,mc_match,,not_in_bs,NA,,说文: shuowenjiezi/shuowen; 广韵: tshet-uinh 0.15.1; BS2014: digling/cddb Baxter2014/raw/D_ocbs.tsv
父,True,矩也。家長率教者。从又舉杖。,扶雨切,甫,2075,亦聲,男子美稱也。从用、父，父亦聲。,方矩切,pjuX,幫三C虞上,identical_fanqie,bjuX,*p(r)aʔ,mc_match,*[N-p](r)aʔ,mc_match,R,pre;uncertain,说文: shuowenjiezi/shuowen; 广韵: tshet-uinh 0.15.1; BS2014: digling/cddb Baxter2014/raw/D_ocbs.tsv
父,True,矩也。家長率教者。从又舉杖。,扶雨切,布,4888,聲,枲織也。从巾父聲。,博故切,puH,幫一模去,identical_fanqie,bjuX,*pˤa-s,mc_match,*[N-p](r)aʔ,mc_match,R,"pre,phar,med,suf;uncertain",说文: shuowenjiezi/shuowen; 广韵: tshet-uinh 0.15.1; BS2014: digling/cddb Baxter2014/raw/D_ocbs.tsv
父,True,矩也。家長率教者。从又舉杖。,扶雨切,斧,9428,聲,斫也。从斤父聲。,方矩切,pjuX,幫三C虞上,identical_fanqie,bjuX,*p(r)aʔ,mc_match,*[N-p](r)aʔ,mc_match,R,pre;uncertain,说文: shuowenjiezi/shuowen; 广韵: tshet-uinh 0.15.1; BS2014: digling/cddb Baxter2014/raw/D_ocbs.tsv
甘,True,美也。从口含一。一，道也。凡甘之屬皆从甘。,古三切,𤯌,3024,亦聲,和也。从甘从麻。麻，調也。甘亦聲。讀若函。,古三切,,,none,kam,,not_in_bs,*[k]ˤ[a]m,mc_match,NA,,说文: shuowenjiezi/shuowen; 广韵: tshet-uinh 0.15.1; BS2014: digling/cddb Baxter2014/raw/D_ocbs.tsv
甘,True,美也。从口含一。一，道也。凡甘之屬皆从甘。,古三切,酣,9794,亦聲,酒樂也。从酉从甘，甘亦聲。,胡甘切,ham,匣開一談平,identical_fanqie,kam,*[g]ˤam,mc_match,*[k]ˤ[a]m,mc_match,O,ini;uncertain,说文: shuowenjiezi/shuowen; 广韵: tshet-uinh 0.15.1; BS2014: digling/cddb Baxter2014/raw/D_ocbs.tsv
甘,True,美也。从口含一。一，道也。凡甘之屬皆从甘。,古三切,邯,4048,聲,趙邯鄲縣。从邑甘聲。,胡安切,han,匣開一寒平,identical_fanqie,kam,*[g]ˤa[n],mc_match,*[k]ˤ[a]m,mc_match,C,"ini,coda;uncertain",说文: shuowenjiezi/shuowen; 广韵: tshet-uinh 0.15.1; BS2014: digling/cddb Baxter2014/raw/D_ocbs.tsv
甘,True,美也。从口含一。一，道也。凡甘之屬皆从甘。,古三切,黚,6522,聲,淺黃黑也。从黑甘聲。讀若染繒中束緅黚。,巨淹切,gjem,羣開三B鹽平,identical_fanqie,kam,,not_in_bs,*[k]ˤ[a]m,mc_match,NA,,说文: shuowenjiezi/shuowen; 广韵: tshet-uinh 0.15.1; BS2014: digling/cddb Baxter2014/raw/D_ocbs.tsv
甘,True,美也。从口含一。一，道也。凡甘之屬皆从甘。,古三切,泔,7341,聲,周謂潘曰泔。从水甘聲。,古三切,kam,見開一談平,identical_fanqie,kam,,not_in_bs,*[k]ˤ[a]m,mc_match,NA,,说文: shuowenjiezi/shuowen; 广韵: tshet-uinh 0.15.1; BS2014: digling/cddb Baxter2014/raw/D_ocbs.tsv
甘,True,美也。从口含一。一，道也。凡甘之屬皆从甘。,古三切,拑,7820,聲,脅持也。从手甘聲。,巨淹切,gjem,羣開三B鹽平,identical_fanqie,kam,,not_in_bs,*[k]ˤ[a]m,mc_match,NA,,说文: shuowenjiezi/shuowen; 广韵: tshet-uinh 0.15.1; BS2014: digling/cddb Baxter2014/raw/D_ocbs.tsv
甘,True,美也。从口含一。一，道也。凡甘之屬皆从甘。,古三切,紺,8584,聲,帛深青揚赤色。从糸甘聲。,古暗切,komH,見開一覃去,identical_fanqie,kam,,not_in_bs,*[k]ˤ[a]m,mc_match,NA,,说文: shuowenjiezi/shuowen; 广韵: tshet-uinh 0.15.1; BS2014: digling/cddb Baxter2014/raw/D_ocbs.tsv
甘,True,美也。从口含一。一，道也。凡甘之屬皆从甘。,古三切,鉗,9315,聲,以𨮯有所劫束也。从金甘聲。,巨淹切,gjem,羣開三B鹽平,identical_fanqie,kam,*C.[g]<r>[e]m,mc_match,*[k]ˤ[a]m,mc_match,V,"pre,ini,phar,med,v;uncertain",说文: shuowenjiezi/shuowen; 广韵: tshet-uinh 0.15.1; BS2014: digling/cddb Baxter2014/raw/D_ocbs.tsv
生,True,進也。象艸木生出土上。凡生之屬皆从生。,所庚切,姓,8070,亦聲,人所生也。古之神聖母，感天而生子，故稱天子。从女从生，生亦聲。《春秋傳》曰：“天子因生以賜姓。”,息正切,sjengH,心開三清去,identical_fanqie,srjaeng,*seŋ-s,mc_match,*sreŋ,mc_match,R,"med,suf",说文: shuowenjiezi/shuowen; 广韵: tshet-uinh 0.15.1; BS2014: digling/cddb Baxter2014/raw/D_ocbs.tsv
生,True,進也。象艸木生出土上。凡生之屬皆从生。,所庚切,牲,752,聲,牛完全。从牛生聲。,所庚切,srjaeng,生開三庚平,identical_fanqie,srjaeng,,not_in_bs,*sreŋ,mc_match,NA,,说文: shuowenjiezi/shuowen; 广韵: tshet-uinh 0.15.1; BS2014: digling/cddb Baxter2014/raw/D_ocbs.tsv
生,True,進也。象艸木生出土上。凡生之屬皆从生。,所庚切,眚,2170,聲,目病生翳也。从目生聲。,所景切,srjaengX,生開三庚上,identical_fanqie,srjaeng,,not_in_bs,*sreŋ,mc_match,NA,,说文: shuowenjiezi/shuowen; 广韵: tshet-uinh 0.15.1; BS2014: digling/cddb Baxter2014/raw/D_ocbs.tsv
生,True,進也。象艸木生出土上。凡生之屬皆从生。,所庚切,胜,2691,聲,犬膏臭也。从肉生聲。一曰不孰也。,桑經切,seng,心開四青平,identical_fanqie,srjaeng,,not_in_bs,*sreŋ,mc_match,NA,,说文: shuowenjiezi/shuowen; 广韵: tshet-uinh 0.15.1; BS2014: digling/cddb Baxter2014/raw/D_ocbs.tsv
生,True,進也。象艸木生出土上。凡生之屬皆从生。,所庚切,笙,2974,聲,十三簧。象鳳之身也。笙，正月之音。物生，故謂之笙。大者謂之巢，小者謂之和。从竹生聲。古者隨作笙。,所庚切,srjaeng,生開三庚平,identical_fanqie,srjaeng,,not_in_bs,*sreŋ,mc_match,NA,,说文: shuowenjiezi/shuowen; 广韵: tshet-uinh 0.15.1; BS2014: digling/cddb Baxter2014/raw/D_ocbs.tsv
生,True,進也。象艸木生出土上。凡生之屬皆从生。,所庚切,𤯷,3366,聲,華榮也。从舜生聲。讀若皇。《爾雅》曰：“𤰀，華也。”,戶光切,hwang,匣合一唐平,initial+rhyme+tone,srjaeng,,not_in_bs,*sreŋ,mc_match,NA,,说文: shuowenjiezi/shuowen; 广韵: tshet-uinh 0.15.1; BS2014: digling/cddb Baxter2014/raw/D_ocbs.tsv
生,True,進也。象艸木生出土上。凡生之屬皆从生。,所庚切,旌,4265,聲,游車載旌，析羽注旄首，所以精進士卒。从㫃生聲。,子盈切,tsjeng,精開三清平,identical_fanqie,srjaeng,*[ts]eŋ,mc_match,*sreŋ,mc_match,O,"ini,med;uncertain",说文: shuowenjiezi/shuowen; 广韵: tshet-uinh 0.15.1; BS2014: digling/cddb Baxter2014/raw/D_ocbs.tsv
生,True,進也。象艸木生出土上。凡生之屬皆从生。,所庚切,曐,4287,聲,萬物之精，上爲列星。从晶生聲。一曰象形。从口，古口復注中，故與日同。,桑經切,seng,心開四青平,identical_fanqie,srjaeng,,not_in_bs,*sreŋ,mc_match,NA,,说文: shuowenjiezi/shuowen; 广韵: tshet-uinh 0.15.1; BS2014: digling/cddb Baxter2014/raw/D_ocbs.tsv
生,True,進也。象艸木生出土上。凡生之屬皆从生。,所庚切,夝,4313,聲,雨而夜除星見也。从夕生聲。,疾盈切,dzjeng,從開三清平,identical_fanqie,srjaeng,,not_in_bs,*sreŋ,mc_match,NA,,说文: shuowenjiezi/shuowen; 广韵: tshet-uinh 0.15.1; BS2014: digling/cddb Baxter2014/raw/D_ocbs.tsv
生,True,進也。象艸木生出土上。凡生之屬皆从生。,所庚切,性,6673,聲,人之陽气性善者也。从心生聲。,息正切,sjengH,心開三清去,identical_fanqie,srjaeng,*seŋ-s,mc_match,*sreŋ,mc_match,R,"med,suf",说文: shuowenjiezi/shuowen; 广韵: tshet-uinh 0.15.1; BS2014: digling/cddb Baxter2014/raw/D_ocbs.tsv
生,True,進也。象艸木生出土上。凡生之屬皆从生。,所庚切,鮏,7619,聲,魚臭也。从魚生聲。,桑經切,seng,心開四青平,identical_fanqie,srjaeng,,not_in_bs,*sreŋ,mc_match,NA,,说文: shuowenjiezi/shuowen; 广韵: tshet-uinh 0.15.1; BS2014: digling/cddb Baxter2014/raw/D_ocbs.tsv
生,True,進也。象艸木生出土上。凡生之屬皆从生。,所庚切,甥,9164,聲,謂我舅者，吾謂之甥也。从男生聲。,所更切,srjaeng,生開三庚平,initial+rhyme+tone,srjaeng,*s.reŋ,single_reading,*sreŋ,mc_match,O,"pre,ini,med",说文: shuowenjiezi/shuowen; 广韵: tshet-uinh 0.15.1; BS2014: digling/cddb Baxter2014/raw/D_ocbs.tsv
畫,True,界也。象田四界。聿，所以畫之。凡畫之屬皆从畫。,胡麥切,劃,2768,亦聲,錐刀曰劃。从刀从畫，畫亦聲。,呼麥切,xweak,曉合二耕入,identical_fanqie,hweak,*gʷˤrek,single_reading,*gʷˤrek,mc_match,I,,说文: shuowenjiezi/shuowen; 广韵: tshet-uinh 0.15.1; BS2014: digling/cddb Baxter2014/raw/D_ocbs.tsv
畫,True,界也。象田四界。聿，所以畫之。凡畫之屬皆从畫。,胡麥切,嫿,8157,聲,靜好也。从女畫聲。,呼麥切,hweak,匣合二耕入,rhyme+tone_only,hweak,,not_in_bs,*gʷˤrek,mc_match,NA,,说文: shuowenjiezi/shuowen; 广韵: tshet-uinh 0.15.1; BS2014: digling/cddb Baxter2014/raw/D_ocbs.tsv
畱,True,止也。从田丣聲。,力求切,羀,4804,亦聲,曲梁寡婦之笱。魚所畱也。从网、畱，畱亦聲。,力九切,,,none,,,not_in_bs,,not_in_bs,NA,,说文: shuowenjiezi/shuowen; 广韵: tshet-uinh 0.15.1; BS2014: digling/cddb Baxter2014/raw/D_ocbs.tsv
畱,True,止也。从田丣聲。,力求切,𥛽,48,聲,祝𥛽也。从示畱聲。,力救切,,,none,,,not_in_bs,,not_in_bs,NA,,说文: shuowenjiezi/shuowen; 广韵: tshet-uinh 0.15.1; BS2014: digling/cddb Baxter2014/raw/D_ocbs.tsv
畱,True,止也。从田丣聲。,力求切,𪅳,2391,聲,鳥少美長醜爲𪅳離。从鳥畱聲。,力求切,,,none,,,not_in_bs,,not_in_bs,NA,,说文: shuowenjiezi/shuowen; 广韵: tshet-uinh 0.15.1; BS2014: digling/cddb Baxter2014/raw/D_ocbs.tsv
畱,True,止也。从田丣聲。,力求切,𩞷,3191,聲,飯气蒸也。从食畱聲。,力救切,,,none,,,not_in_bs,,not_in_bs,NA,,说文: shuowenjiezi/shuowen; 广韵: tshet-uinh 0.15.1; BS2014: digling/cddb Baxter2014/raw/D_ocbs.tsv
畱,True,止也。从田丣聲。,力求切,癅,4715,聲,腫也。从疒畱聲。,力求切,,,none,,,not_in_bs,,not_in_bs,NA,,说文: shuowenjiezi/shuowen; 广韵: tshet-uinh 0.15.1; BS2014: digling/cddb Baxter2014/raw/D_ocbs.tsv
畱,True,止也。从田丣聲。,力求切,𢊺,5898,聲,中庭也。从广畱聲。,力救切,,,none,,,not_in_bs,,not_in_bs,NA,,说文: shuowenjiezi/shuowen; 广韵: tshet-uinh 0.15.1; BS2014: digling/cddb Baxter2014/raw/D_ocbs.tsv
畱,True,止也。从田丣聲。,力求切,驑,6116,聲,赤馬黑毛尾也。从馬畱聲。,力求切,,,none,,,not_in_bs,,not_in_bs,NA,,说文: shuowenjiezi/shuowen; 广韵: tshet-uinh 0.15.1; BS2014: digling/cddb Baxter2014/raw/D_ocbs.tsv
畱,True,止也。从田丣聲。,力求切,𪕚,6365,省聲,竹鼠也。如大。从鼠，畱省聲。,力求切,,,none,,,not_in_bs,,not_in_bs,NA,,说文: shuowenjiezi/shuowen; 广韵: tshet-uinh 0.15.1; BS2014: digling/cddb Baxter2014/raw/D_ocbs.tsv
畱,True,止也。从田丣聲。,力求切,澑,7012,聲,水。出鬱林郡。从水畱聲。,力救切,,,none,,,not_in_bs,,not_in_bs,NA,,说文: shuowenjiezi/shuowen; 广韵: tshet-uinh 0.15.1; BS2014: digling/cddb Baxter2014/raw/D_ocbs.tsv
畱,True,止也。从田丣聲。,力求切,𩅸,7517,聲,屋水流也。从雨畱聲。,力救切,,,none,,,not_in_bs,,not_in_bs,NA,,说文: shuowenjiezi/shuowen; 广韵: tshet-uinh 0.15.1; BS2014: digling/cddb Baxter2014/raw/D_ocbs.tsv
畱,True,止也。从田丣聲。,力求切,㩅,7955,聲,引也。从手畱聲。,敕鳩切,,,none,,,not_in_bs,,not_in_bs,NA,,说文: shuowenjiezi/shuowen; 广韵: tshet-uinh 0.15.1; BS2014: digling/cddb Baxter2014/raw/D_ocbs.tsv
疋,True,足也。上象腓腸，下从止。《弟子職》曰：“問疋何止。”古文以爲《詩·大疋》字。亦以爲足字。或曰胥字。一曰疋，記也。凡疋之屬皆从疋。,所菹切,𤴙,1418,亦聲,門戶疏䆫也。从疋，疋亦聲。囪象𤴙形。讀若疏。,所菹切,,,none,srjo,,not_in_bs,*sra,mc_match,NA,,说文: shuowenjiezi/shuowen; 广韵: tshet-uinh 0.15.1; BS2014: digling/cddb Baxter2014/raw/D_ocbs.tsv
疋,True,足也。上象腓腸，下从止。《弟子職》曰：“問疋何止。”古文以爲《詩·大疋》字。亦以爲足字。或曰胥字。一曰疋，記也。凡疋之屬皆从疋。,所菹切,𤕟,1419,亦聲,通也。从爻从疋，疋亦聲。,所菹切,srjo,生開三魚平,initial+rhyme+tone,srjo,,not_in_bs,*sra,mc_match,NA,,说文: shuowenjiezi/shuowen; 广韵: tshet-uinh 0.15.1; BS2014: digling/cddb Baxter2014/raw/D_ocbs.tsv
疋,True,足也。上象腓腸，下从止。《弟子職》曰：“問疋何止。”古文以爲《詩·大疋》字。亦以爲足字。或曰胥字。一曰疋，記也。凡疋之屬皆从疋。,所菹切,疏,9740,亦聲,通也。从𡿮从疋，疋亦聲。,所葅切,srjo,生開三魚平,identical_fanqie,srjo,*sra,mc_match,*sra,mc_match,I,,说文: shuowenjiezi/shuowen; 广韵: tshet-uinh 0.15.1; BS2014: digling/cddb Baxter2014/raw/D_ocbs.tsv
疋,True,足也。上象腓腸，下从止。《弟子職》曰：“問疋何止。”古文以爲《詩·大疋》字。亦以爲足字。或曰胥字。一曰疋，記也。凡疋之屬皆从疋。,所菹切,胥,2682,聲,蟹醢也。从肉疋聲。,相居切,sjo,心開三魚平,identical_fanqie,srjo,,not_in_bs,*sra,mc_match,NA,,说文: shuowenjiezi/shuowen; 广韵: tshet-uinh 0.15.1; BS2014: digling/cddb Baxter2014/raw/D_ocbs.tsv
疋,True,足也。上象腓腸，下从止。《弟子職》曰：“問疋何止。”古文以爲《詩·大疋》字。亦以爲足字。或曰胥字。一曰疋，記也。凡疋之屬皆从疋。,所菹切,楚,3833,聲,叢木。一名荊也。从林疋聲。,創舉切,tsrhjoX,初開三魚上,identical_fanqie,srjo,*s.r̥aʔ,mc_match,*sra,mc_match,O,"pre,ini,med,suf",说文: shuowenjiezi/shuowen; 广韵: tshet-uinh 0.15.1; BS2014: digling/cddb Baxter2014/raw/D_ocbs.tsv
疋,True,足也。上象腓腸，下从止。《弟子職》曰：“問疋何止。”古文以爲《詩·大疋》字。亦以爲足字。或曰胥字。一曰疋，記也。凡疋之屬皆从疋。,所菹切,䝪,3971,聲,齎財卜問爲䝪。从貝疋聲。讀若所。,疏舉切,srjoX,生開三魚上,initial+rhyme+tone,srjo,,not_in_bs,*sra,mc_match,NA,,说文: shuowenjiezi/shuowen; 广韵: tshet-uinh 0.15.1; BS2014: digling/cddb Baxter2014/raw/D_ocbs.tsv
疑,True,惑也。从子、止、匕，矢聲。,語其切,懝,6796,亦聲,騃也。从心从疑，疑亦聲。一曰惶也。,五漑切,ngojH,疑開一咍去,initial_only,ngi,,not_in_bs,*[ŋ](r)ə,mc_match,NA,,说文: shuowenjiezi/shuowen; 广韵: tshet-uinh 0.15.1; BS2014: digling/cddb Baxter2014/raw/D_ocbs.tsv
疑,True,惑也。从子、止、匕，矢聲。,語其切,薿,507,聲,茂也。从艸疑聲。《詩》曰：“黍稷薿薿。”,魚己切,ngiX,疑開三C之上,initial+rhyme+tone,ngi,,not_in_bs,*[ŋ](r)ə,mc_match,NA,,说文: shuowenjiezi/shuowen; 广韵: tshet-uinh 0.15.1; BS2014: digling/cddb Baxter2014/raw/D_ocbs.tsv
疑,True,惑也。从子、止、匕，矢聲。,語其切,㘈,799,聲,小兒有知也。从口疑聲。《詩》曰：“克岐克㘈。”,魚力切,ngik,疑開三C蒸入,identical_fanqie,ngi,,not_in_bs,*[ŋ](r)ə,mc_match,NA,,说文: shuowenjiezi/shuowen; 广韵: tshet-uinh 0.15.1; BS2014: digling/cddb Baxter2014/raw/D_ocbs.tsv
疑,True,惑也。从子、止、匕，矢聲。,語其切,譺,1602,聲,騃也。从言疑聲。,五介切,ngeajH,疑開二皆去,identical_fanqie,ngi,,not_in_bs,*[ŋ](r)ə,mc_match,NA,,说文: shuowenjiezi/shuowen; 广韵: tshet-uinh 0.15.1; BS2014: digling/cddb Baxter2014/raw/D_ocbs.tsv
疑,True,惑也。从子、止、匕，矢聲。,語其切,癡,4774,聲,不慧也。从疒疑聲。,丑之切,trhi,徹開三之平,identical_fanqie,ngi,,not_in_bs,*[ŋ](r)ə,mc_match,NA,,说文: shuowenjiezi/shuowen; 广韵: tshet-uinh 0.15.1; BS2014: digling/cddb Baxter2014/raw/D_ocbs.tsv
疑,True,惑也。从子、止、匕，矢聲。,語其切,嶷,5826,聲,九嶷山，舜所葬，在零陵營道。从山疑聲。,語其切,ngi,疑開三C之平,identical_fanqie,ngi,,not_in_bs,*[ŋ](r)ə,mc_match,NA,,说文: shuowenjiezi/shuowen; 广韵: tshet-uinh 0.15.1; BS2014: digling/cddb Baxter2014/raw/D_ocbs.tsv
疑,True,惑也。从子、止、匕，矢聲。,語其切,礙,6011,聲,止也。从石疑聲。,五漑切,ngojH,疑開一咍去,initial_only,ngi,,not_in_bs,*[ŋ](r)ə,mc_match,NA,,说文: shuowenjiezi/shuowen; 广韵: tshet-uinh 0.15.1; BS2014: digling/cddb Baxter2014/raw/D_ocbs.tsv
疑,True,惑也。从子、止、匕，矢聲。,語其切,擬,7936,聲,度也。从手疑聲。,魚已切,ngiX,疑開三C之上,initial+rhyme+tone,ngi,*[ŋ](r)əʔ,mc_match,*[ŋ](r)ə,mc_match,R,suf;uncertain,说文: shuowenjiezi/shuowen; 广韵: tshet-uinh 0.15.1; BS2014: digling/cddb Baxter2014/raw/D_ocbs.tsv
皕,True,二百也。凡皕之屬皆从皕。讀若祕。,彼力切,奭,2230,亦聲,盛也。从大从皕，皕亦聲。此燕召公名。讀若郝。《史篇》名醜。,詩亦切,syek,書開三清入,initial+rhyme+tone,pik,*[qʰ](r)Ak,mc_match,,not_in_bs,NA,,说文: shuowenjiezi/shuowen; 广韵: tshet-uinh 0.15.1; BS2014: digling/cddb Baxter2014/raw/D_ocbs.tsv
皕,True,二百也。凡皕之屬皆从皕。讀若祕。,彼力切,衋,3163,聲,傷痛也。从血、聿，皕聲。《周書》曰：“民冈不衋傷心。”,許力切,xik,曉開三C蒸入,initial+rhyme+tone,pik,,not_in_bs,,not_in_bs,NA,,说文: shuowenjiezi/shuowen; 广韵: tshet-uinh 0.15.1; BS2014: digling/cddb Baxter2014/raw/D_ocbs.tsv
監,True,臨下也。从臥，䘓省聲。,古銜切,覽,5460,亦聲,觀也。从見、監，監亦聲。,盧敢切,lamX,來開一談上,identical_fanqie,kaem,,not_in_bs,*[k]ˤram,mc_match,NA,,说文: shuowenjiezi/shuowen; 广韵: tshet-uinh 0.15.1; BS2014: digling/cddb Baxter2014/raw/D_ocbs.tsv
監,True,臨下也。从臥，䘓省聲。,古銜切,藍,282,聲,染青艸也。从艸監聲。,魯甘切,lam,來開一談平,identical_fanqie,kaem,*[N-k.]rˤam,mc_match,*[k]ˤram,mc_match,O2,"pre,ini,med;uncertain",说文: shuowenjiezi/shuowen; 广韵: tshet-uinh 0.15.1; BS2014: digling/cddb Baxter2014/raw/D_ocbs.tsv
監,True,臨下也。从臥，䘓省聲。,古銜切,蘫,594,聲,瓜菹也。从艸監聲。,魯甘切,lam,來開一談平,identical_fanqie,kaem,,not_in_bs,*[k]ˤram,mc_match,NA,,说文: shuowenjiezi/shuowen; 广韵: tshet-uinh 0.15.1; BS2014: digling/cddb Baxter2014/raw/D_ocbs.tsv
監,True,臨下也。从臥，䘓省聲。,古銜切,𥌈,2152,聲,視也。从目監聲。,古銜切,kaem,見開二銜平,identical_fanqie,kaem,,not_in_bs,*[k]ˤram,mc_match,NA,,说文: shuowenjiezi/shuowen; 广韵: tshet-uinh 0.15.1; BS2014: digling/cddb Baxter2014/raw/D_ocbs.tsv
監,True,臨下也。从臥，䘓省聲。,古銜切,籃,2919,聲,大篝也。从竹監聲。,魯甘切,lam,來開一談平,identical_fanqie,kaem,*k.rˤam,mc_match,*[k]ˤram,mc_match,O2,"pre,ini,med;uncertain",说文: shuowenjiezi/shuowen; 广韵: tshet-uinh 0.15.1; BS2014: digling/cddb Baxter2014/raw/D_ocbs.tsv
監,True,臨下也。从臥，䘓省聲。,古銜切,檻,3807,聲,櫳也。从木監聲。一曰圈。,胡黯切,haemX,匣開二銜上,initial_only,kaem,*[g]ˤramʔ,mc_match,*[k]ˤram,mc_match,O,"ini,suf;uncertain",说文: shuowenjiezi/shuowen; 广韵: tshet-uinh 0.15.1; BS2014: digling/cddb Baxter2014/raw/D_ocbs.tsv
監,True,臨下也。从臥，䘓省聲。,古銜切,𢅡,4852,聲,楚謂無緣衣也。从巾監聲。,魯甘切,,,none,kaem,,not_in_bs,*[k]ˤram,mc_match,NA,,说文: shuowenjiezi/shuowen; 广韵: tshet-uinh 0.15.1; BS2014: digling/cddb Baxter2014/raw/D_ocbs.tsv
監,True,臨下也。从臥，䘓省聲。,古銜切,襤,5257,聲,裯謂之襤褸。襤，無緣也。从衣監聲。,魯甘切,lam,來開一談平,identical_fanqie,kaem,,not_in_bs,*[k]ˤram,mc_match,NA,,说文: shuowenjiezi/shuowen; 广韵: tshet-uinh 0.15.1; BS2014: digling/cddb Baxter2014/raw/D_ocbs.tsv
監,True,臨下也。从臥，䘓省聲。,古銜切,䰐,5703,聲,髮長也。从髟監聲。讀若《春秋》“黑肱以濫來奔”。,魯甘切,lam,來開一談平,identical_fanqie,kaem,,not_in_bs,*[k]ˤram,mc_match,NA,,说文: shuowenjiezi/shuowen; 广韵: tshet-uinh 0.15.1; BS2014: digling/cddb Baxter2014/raw/D_ocbs.tsv
監,True,臨下也。从臥，䘓省聲。,古銜切,濫,7144,聲,氾也。从水監聲。一曰濡上及下也。《詩》曰：“𧥑沸濫泉。”一曰清也。,盧瞰切,lamH,來開一談去,initial+rhyme+tone,kaem,,not_in_bs,*[k]ˤram,mc_match,NA,,说文: shuowenjiezi/shuowen; 广韵: tshet-uinh 0.15.1; BS2014: digling/cddb Baxter2014/raw/D_ocbs.tsv
監,True,臨下也。从臥，䘓省聲。,古銜切,鹽,7679,聲,鹹也。从鹵監聲。古者，宿沙初作煑海鹽。凡鹽之屬皆从鹽。,余廉切,yem,以開三鹽平,identical_fanqie,kaem,*[ɢr][o]m,mc_match,*[k]ˤram,mc_match,V,"ini,phar,v;uncertain",说文: shuowenjiezi/shuowen; 广韵: tshet-uinh 0.15.1; BS2014: digling/cddb Baxter2014/raw/D_ocbs.tsv
監,True,臨下也。从臥，䘓省聲。,古銜切,㩜,7833,聲,撮持也。从手監聲。,盧敢切,,,none,kaem,,not_in_bs,*[k]ˤram,mc_match,NA,,说文: shuowenjiezi/shuowen; 广韵: tshet-uinh 0.15.1; BS2014: digling/cddb Baxter2014/raw/D_ocbs.tsv
監,True,臨下也。从臥，䘓省聲。,古銜切,㜮,8294,聲,過差也。从女監聲。《論語》曰：“小人窮斯㜮矣。”,盧瞰切,lamH,來開一談去,initial+rhyme+tone,kaem,,not_in_bs,*[k]ˤram,mc_match,NA,,说文: shuowenjiezi/shuowen; 广韵: tshet-uinh 0.15.1; BS2014: digling/cddb Baxter2014/raw/D_ocbs.tsv
監,True,臨下也。从臥，䘓省聲。,古銜切,鑑,9247,聲,大盆也。一曰監諸，可以取明水於月。从金監聲。,革懺切,kaemH,見開二銜去,initial+rhyme+tone,kaem,,not_in_bs,*[k]ˤram,mc_match,NA,,说文: shuowenjiezi/shuowen; 广韵: tshet-uinh 0.15.1; BS2014: digling/cddb Baxter2014/raw/D_ocbs.tsv
監,True,臨下也。从臥，䘓省聲。,古銜切,𨣨,9778,聲,泛齊，行酒也。从酉監聲。,盧瞰切,lamH,來開一談去,initial+rhyme+tone,kaem,,not_in_bs,*[k]ˤram,mc_match,NA,,说文: shuowenjiezi/shuowen; 广韵: tshet-uinh 0.15.1; BS2014: digling/cddb Baxter2014/raw/D_ocbs.tsv
石,True,山石也。在厂之下；囗，象形。凡石之屬皆从石。,常隻切,祏,39,亦聲,宗廟主也。《周禮》有郊、宗、石室。一曰大夫以石爲主。从示从石，石亦聲。,常隻切,dzyek,常開三清入,identical_fanqie,dzyek,,not_in_bs,*dAk,mc_match,NA,,说文: shuowenjiezi/shuowen; 广韵: tshet-uinh 0.15.1; BS2014: digling/cddb Baxter2014/raw/D_ocbs.tsv
石,True,山石也。在厂之下；囗，象形。凡石之屬皆从石。,常隻切,跖,1329,聲,足下也。从足石聲。,之石切,tsyek,章開三清入,identical_fanqie,dzyek,,not_in_bs,*dAk,mc_match,NA,,说文: shuowenjiezi/shuowen; 广韵: tshet-uinh 0.15.1; BS2014: digling/cddb Baxter2014/raw/D_ocbs.tsv
石,True,山石也。在厂之下；囗，象形。凡石之屬皆从石。,常隻切,磔,3394,聲,辜也。从桀石聲。,陟格切,traek,知開二庚入,identical_fanqie,dzyek,,not_in_bs,*dAk,mc_match,NA,,说文: shuowenjiezi/shuowen; 广韵: tshet-uinh 0.15.1; BS2014: digling/cddb Baxter2014/raw/D_ocbs.tsv
石,True,山石也。在厂之下；囗，象形。凡石之屬皆从石。,常隻切,柘,3517,聲,桑也。从木石聲。,之夜切,tsyaeH,章開三麻去,identical_fanqie,dzyek,*tAk-s,mc_match,*dAk,mc_match,O,"ini,suf",说文: shuowenjiezi/shuowen; 广韵: tshet-uinh 0.15.1; BS2014: digling/cddb Baxter2014/raw/D_ocbs.tsv
石,True,山石也。在厂之下；囗，象形。凡石之屬皆从石。,常隻切,橐,3886,聲,囊也。从㯻省，石聲。,他各切,thak,透開一唐入,identical_fanqie,dzyek,*tʰˤak,mc_match,*dAk,mc_match,V,"ini,phar,v",说文: shuowenjiezi/shuowen; 广韵: tshet-uinh 0.15.1; BS2014: digling/cddb Baxter2014/raw/D_ocbs.tsv
石,True,山石也。在厂之下；囗，象形。凡石之屬皆从石。,常隻切,䄷,4438,聲,百二十斤也。稻一䄷爲粟二十升，禾黍一䄷爲粟十六升大半升。从禾石聲。,常隻切,dzyek,常開三清入,identical_fanqie,dzyek,,not_in_bs,*dAk,mc_match,NA,,说文: shuowenjiezi/shuowen; 广韵: tshet-uinh 0.15.1; BS2014: digling/cddb Baxter2014/raw/D_ocbs.tsv
石,True,山石也。在厂之下；囗，象形。凡石之屬皆从石。,常隻切,袥,5267,聲,衣衸。从衣石聲。,他各切,thak,透開一唐入,identical_fanqie,dzyek,,not_in_bs,*dAk,mc_match,NA,,说文: shuowenjiezi/shuowen; 广韵: tshet-uinh 0.15.1; BS2014: digling/cddb Baxter2014/raw/D_ocbs.tsv
石,True,山石也。在厂之下；囗，象形。凡石之屬皆从石。,常隻切,碩,5601,聲,頭大也。从頁石聲。,常隻切,dzyek,常開三清入,identical_fanqie,dzyek,*[d]Ak,mc_match,*dAk,mc_match,I,;uncertain,说文: shuowenjiezi/shuowen; 广韵: tshet-uinh 0.15.1; BS2014: digling/cddb Baxter2014/raw/D_ocbs.tsv
石,True,山石也。在厂之下；囗，象形。凡石之屬皆从石。,常隻切,鼫,6366,聲,五技鼠也。能飛，不能過屋；能緣，不能窮木；能游，不能渡谷；能穴，不能掩身；能走，不能先人。从鼠石聲。,常隻切,dzyek,常開三清入,identical_fanqie,dzyek,,not_in_bs,*dAk,mc_match,NA,,说文: shuowenjiezi/shuowen; 广韵: tshet-uinh 0.15.1; BS2014: digling/cddb Baxter2014/raw/D_ocbs.tsv
石,True,山石也。在厂之下；囗，象形。凡石之屬皆从石。,常隻切,拓,7946,聲,拾也。陳、宋語。从手石聲。,之石切,tsyek,章開三清入,identical_fanqie,dzyek,,not_in_bs,*dAk,mc_match,NA,,说文: shuowenjiezi/shuowen; 广韵: tshet-uinh 0.15.1; BS2014: digling/cddb Baxter2014/raw/D_ocbs.tsv
石,True,山石也。在厂之下；囗，象形。凡石之屬皆从石。,常隻切,斫,9430,聲,擊也。从斤石聲。,之若切,tsyak,章開三陽入,identical_fanqie,dzyek,*tak,mc_match,*dAk,mc_match,V,"ini,v",说文: shuowenjiezi/shuowen; 广韵: tshet-uinh 0.15.1; BS2014: digling/cddb Baxter2014/raw/D_ocbs.tsv
祟,True,神禍也。从示从出。,雖遂切,𠭥,1915,亦聲,楚人謂卜問吉凶曰𠭥。从又持祟，祟亦聲。讀若贅。,之芮切,tsywejH,章合三祭去,identical_fanqie,swijH,,not_in_bs,*s-lut-s,mc_match,NA,,说文: shuowenjiezi/shuowen; 广韵: tshet-uinh 0.15.1; BS2014: digling/cddb Baxter2014/raw/D_ocbs.tsv
祟,True,神禍也。从示从出。,雖遂切,䳳,2381,聲,鳥也。从鳥祟聲。,辛聿切,swit,心合三真入,identical_fanqie,swijH,,not_in_bs,*s-lut-s,mc_match,NA,,说文: shuowenjiezi/shuowen; 广韵: tshet-uinh 0.15.1; BS2014: digling/cddb Baxter2014/raw/D_ocbs.tsv
离,True,黃倉庚也。鳴則蠶生。从隹离聲。,呂支切,魑,5808,亦聲,鬼屬。从鬼从离，离亦聲。,丑知切,trhje,徹開三支平,identical_fanqie,lje,*r̥aj,mc_match,*r̥aj,single_reading,I,,说文: shuowenjiezi/shuowen; 广韵: tshet-uinh 0.15.1; BS2014: digling/cddb Baxter2014/raw/D_ocbs.tsv
离,True,黃倉庚也。鳴則蠶生。从隹离聲。,呂支切,謧,1621,聲,謧詍，多言也。从言离聲。,呂之切,lje,來開三支平,initial_only,lje,,not_in_bs,*r̥aj,single_reading,NA,,说文: shuowenjiezi/shuowen; 广韵: tshet-uinh 0.15.1; BS2014: digling/cddb Baxter2014/raw/D_ocbs.tsv
离,True,黃倉庚也。鳴則蠶生。从隹离聲。,呂支切,離,2285,聲,黃倉庚也。鳴則蠶生。从隹离聲。,呂支切,lje,來開三支平,identical_fanqie,lje,*[r]aj,mc_match,*r̥aj,single_reading,O,ini;uncertain,说文: shuowenjiezi/shuowen; 广韵: tshet-uinh 0.15.1; BS2014: digling/cddb Baxter2014/raw/D_ocbs.tsv
离,True,黃倉庚也。鳴則蠶生。从隹离聲。,呂支切,摛,7844,聲,舒也。从手离聲。,丑知切,trhje,徹開三支平,identical_fanqie,lje,,not_in_bs,*r̥aj,single_reading,NA,,说文: shuowenjiezi/shuowen; 广韵: tshet-uinh 0.15.1; BS2014: digling/cddb Baxter2014/raw/D_ocbs.tsv
离,True,黃倉庚也。鳴則蠶生。从隹离聲。,呂支切,縭,8644,聲,以絲介履也。从糸离聲。,力知切,lje,來開三支平,initial+rhyme+tone,lje,,not_in_bs,*r̥aj,single_reading,NA,,说文: shuowenjiezi/shuowen; 广韵: tshet-uinh 0.15.1; BS2014: digling/cddb Baxter2014/raw/D_ocbs.tsv
离,True,黃倉庚也。鳴則蠶生。从隹离聲。,呂支切,螭,8852,聲,若龍而黃，北方謂之地螻。从虫离聲。或云無角曰螭。,丑知切,trhje,徹開三支平,identical_fanqie,lje,*r̥aj,mc_match,*r̥aj,single_reading,I,,说文: shuowenjiezi/shuowen; 广韵: tshet-uinh 0.15.1; BS2014: digling/cddb Baxter2014/raw/D_ocbs.tsv
离,True,黃倉庚也。鳴則蠶生。从隹离聲。,呂支切,醨,9807,聲,薄酒也。从酉离聲。讀若離。,呂支切,lje,來開三支平,identical_fanqie,lje,,not_in_bs,*r̥aj,single_reading,NA,,说文: shuowenjiezi/shuowen; 广韵: tshet-uinh 0.15.1; BS2014: digling/cddb Baxter2014/raw/D_ocbs.tsv
稚,False,,,季,9724,亦聲,少偁也。从子，从稚省，稚亦聲。,居悸切,kjwijH,見合三A脂去,identical_fanqie,drijH,*kʷi[t]-s,mc_match,*lrəj-s,mc_match,C,"ini,med,v,coda;uncertain",说文: shuowenjiezi/shuowen; 广韵: tshet-uinh 0.15.1; BS2014: digling/cddb Baxter2014/raw/D_ocbs.tsv
穴,True,土室也。从宀八聲。凡穴之屬皆从穴。,胡決切,泬,7131,亦聲,水从孔穴疾出也。从水从穴，穴亦聲。,呼穴切,xwet,曉合四先入,initial+rhyme+tone,hwet,,not_in_bs,*[ɢ]ʷˤi[t],mc_match,NA,,说文: shuowenjiezi/shuowen; 广韵: tshet-uinh 0.15.1; BS2014: digling/cddb Baxter2014/raw/D_ocbs.tsv
穴,True,土室也。从宀八聲。凡穴之屬皆从穴。,胡決切,鴥,2452,聲,鸇飛皃。从鳥穴聲。《詩》曰：“鴥彼晨風。”,余律切,,,none,hwet,,not_in_bs,*[ɢ]ʷˤi[t],mc_match,NA,,说文: shuowenjiezi/shuowen; 广韵: tshet-uinh 0.15.1; BS2014: digling/cddb Baxter2014/raw/D_ocbs.tsv
穴,True,土室也。从宀八聲。凡穴之屬皆从穴。,胡決切,䴳,3344,聲,餅𥶶也。从麥穴聲。,戶八切,hweat,匣合二山入,identical_fanqie,hwet,,not_in_bs,*[ɢ]ʷˤi[t],mc_match,NA,,说文: shuowenjiezi/shuowen; 广韵: tshet-uinh 0.15.1; BS2014: digling/cddb Baxter2014/raw/D_ocbs.tsv
穴,True,土室也。从宀八聲。凡穴之屬皆从穴。,胡決切,貁,6100,聲,鼠屬。善旋。从豸穴聲。,余救切,yuwH,以三尤去,identical_fanqie,hwet,,not_in_bs,*[ɢ]ʷˤi[t],mc_match,NA,,说文: shuowenjiezi/shuowen; 广韵: tshet-uinh 0.15.1; BS2014: digling/cddb Baxter2014/raw/D_ocbs.tsv
穴,True,土室也。从宀八聲。凡穴之屬皆从穴。,胡決切,䋉,8635,聲,縷一枚也。从糸穴聲。,乎決切,hwet,匣合四先入,initial+rhyme+tone,hwet,,not_in_bs,*[ɢ]ʷˤi[t],mc_match,NA,,说文: shuowenjiezi/shuowen; 广韵: tshet-uinh 0.15.1; BS2014: digling/cddb Baxter2014/raw/D_ocbs.tsv
空,True,竅也。从穴工聲。,苦紅切,腔,2726,亦聲,内空也。从肉从空，空亦聲。,苦江切,khaewng,溪二江平,identical_fanqie,khuwng,,not_in_bs,*kʰˤoŋ,mc_match,NA,,说文: shuowenjiezi/shuowen; 广韵: tshet-uinh 0.15.1; BS2014: digling/cddb Baxter2014/raw/D_ocbs.tsv
空,True,竅也。从穴工聲。,苦紅切,椌,3748,聲,柷樂也。从木空聲。,苦江切,khaewng,溪二江平,identical_fanqie,khuwng,,not_in_bs,*kʰˤoŋ,mc_match,NA,,说文: shuowenjiezi/shuowen; 广韵: tshet-uinh 0.15.1; BS2014: digling/cddb Baxter2014/raw/D_ocbs.tsv
空,True,竅也。从穴工聲。,苦紅切,涳,7157,聲,直流也。从水空聲。,苦江切,khaewng,溪二江平,identical_fanqie,khuwng,,not_in_bs,*kʰˤoŋ,mc_match,NA,,说文: shuowenjiezi/shuowen; 广韵: tshet-uinh 0.15.1; BS2014: digling/cddb Baxter2014/raw/D_ocbs.tsv
空,True,竅也。从穴工聲。,苦紅切,控,7848,聲,引也。从手空聲。《詩》曰：“控于大邦。”匈奴名引弓控弦。,苦貢切,khuwngH,溪一東去,identical_fanqie,khuwng,*kʰˤoŋ-s,mc_match,*kʰˤoŋ,mc_match,R,suf,说文: shuowenjiezi/shuowen; 广韵: tshet-uinh 0.15.1; BS2014: digling/cddb Baxter2014/raw/D_ocbs.tsv
章,True,樂竟爲一章。从音从十。十，數之終也。,諸良切,彰,5687,亦聲,文彰也。从彡从章，章亦聲。,諸良切,tsyang,章開三陽平,identical_fanqie,tsyang,,not_in_bs,*taŋ,mc_match,NA,,说文: shuowenjiezi/shuowen; 广韵: tshet-uinh 0.15.1; BS2014: digling/cddb Baxter2014/raw/D_ocbs.tsv
章,True,樂竟爲一章。从音从十。十，數之終也。,諸良切,璋,114,聲,剡上爲圭，半圭爲璋。从玉章聲。《禮》：六幣：圭以馬，璋以皮，璧以帛，琮以錦，琥以繡，璜以黼。,諸良切,tsyang,章開三陽平,identical_fanqie,tsyang,*taŋ,mc_match,*taŋ,mc_match,I,,说文: shuowenjiezi/shuowen; 广韵: tshet-uinh 0.15.1; BS2014: digling/cddb Baxter2014/raw/D_ocbs.tsv
章,True,樂竟爲一章。从音从十。十，數之終也。,諸良切,蔁,390,聲,艸也。从艸章聲。,諸良切,tsyang,章開三陽平,identical_fanqie,tsyang,,not_in_bs,*taŋ,mc_match,NA,,说文: shuowenjiezi/shuowen; 广韵: tshet-uinh 0.15.1; BS2014: digling/cddb Baxter2014/raw/D_ocbs.tsv
章,True,樂竟爲一章。从音从十。十，數之終也。,諸良切,商,1449,省聲,从外知内也。从㕯，章省聲。,式陽切,syang,書開三陽平,initial+rhyme+tone,tsyang,*s-taŋ,mc_match,*taŋ,mc_match,R,pre,说文: shuowenjiezi/shuowen; 广韵: tshet-uinh 0.15.1; BS2014: digling/cddb Baxter2014/raw/D_ocbs.tsv
章,True,樂竟爲一章。从音从十。十，數之終也。,諸良切,鄣,4122,聲,紀邑也。从邑章聲。,諸良切,tsyang,章開三陽平,identical_fanqie,tsyang,,not_in_bs,*taŋ,mc_match,NA,,说文: shuowenjiezi/shuowen; 广韵: tshet-uinh 0.15.1; BS2014: digling/cddb Baxter2014/raw/D_ocbs.tsv
章,True,樂竟爲一章。从音从十。十，數之終也。,諸良切,麞,6243,聲,麋屬。从鹿章聲。,諸良切,tsyang,章開三陽平,identical_fanqie,tsyang,,not_in_bs,*taŋ,mc_match,NA,,说文: shuowenjiezi/shuowen; 广韵: tshet-uinh 0.15.1; BS2014: digling/cddb Baxter2014/raw/D_ocbs.tsv
章,True,樂竟爲一章。从音从十。十，數之終也。,諸良切,漳,6990,聲,濁漳，出上黨長子鹿谷山，東入清漳。清漳，出沾山大要谷，北入河。南漳，出南郡臨沮。从水章聲。,諸良切,tsyang,章開三陽平,identical_fanqie,tsyang,,not_in_bs,*taŋ,mc_match,NA,,说文: shuowenjiezi/shuowen; 广韵: tshet-uinh 0.15.1; BS2014: digling/cddb Baxter2014/raw/D_ocbs.tsv
章,True,樂竟爲一章。从音从十。十，數之終也。,諸良切,墇,9058,聲,擁也。从土章聲。,之亮切,tsyangH,章開三陽去,identical_fanqie,tsyang,,not_in_bs,*taŋ,mc_match,NA,,说文: shuowenjiezi/shuowen; 广韵: tshet-uinh 0.15.1; BS2014: digling/cddb Baxter2014/raw/D_ocbs.tsv
章,True,樂竟爲一章。从音从十。十，數之終也。,諸良切,障,9619,聲,隔也。从𨸏章聲。,之亮切,tsyangH,章開三陽去,identical_fanqie,tsyang,,not_in_bs,*taŋ,mc_match,NA,,说文: shuowenjiezi/shuowen; 广韵: tshet-uinh 0.15.1; BS2014: digling/cddb Baxter2014/raw/D_ocbs.tsv
竹,True,冬生艸也。象形。下垂者，箁箬也。凡竹之屬皆从竹。,陟玉切,筑,2984,亦聲,以竹曲五弦之樂也。从竹从𢀜。𢀜，持之也。竹亦聲。,張六切,trjuwk,知三東入,identical_fanqie,trjuwk,,not_in_bs,*truk,mc_match,NA,,说文: shuowenjiezi/shuowen; 广韵: tshet-uinh 0.15.1; BS2014: digling/cddb Baxter2014/raw/D_ocbs.tsv
竹,True,冬生艸也。象形。下垂者，箁箬也。凡竹之屬皆从竹。,陟玉切,䈞,3318,聲,厚也。从亯竹聲。讀若篤。,冬毒切,,,none,trjuwk,,not_in_bs,*truk,mc_match,NA,,说文: shuowenjiezi/shuowen; 广韵: tshet-uinh 0.15.1; BS2014: digling/cddb Baxter2014/raw/D_ocbs.tsv
竹,True,冬生艸也。象形。下垂者，箁箬也。凡竹之屬皆从竹。,陟玉切,篤,6167,聲,馬行頓遟。从馬竹聲。,冬毒切,towk,端一冬入,identical_fanqie,trjuwk,*tˤuk,mc_match,*truk,mc_match,R,"phar,med",说文: shuowenjiezi/shuowen; 广韵: tshet-uinh 0.15.1; BS2014: digling/cddb Baxter2014/raw/D_ocbs.tsv
竹,True,冬生艸也。象形。下垂者，箁箬也。凡竹之屬皆从竹。,陟玉切,𥷚,6617,聲,窮理罪人也。从㚔从人从言，竹聲。,居六切,kjuwk,見三C東入,identical_fanqie,trjuwk,,not_in_bs,*truk,mc_match,NA,,说文: shuowenjiezi/shuowen; 广韵: tshet-uinh 0.15.1; BS2014: digling/cddb Baxter2014/raw/D_ocbs.tsv
竹,True,冬生艸也。象形。下垂者，箁箬也。凡竹之屬皆从竹。,陟玉切,竺,8972,聲,厚也。从二竹聲。,冬毒切,towk,端一冬入,identical_fanqie,trjuwk,,not_in_bs,*truk,mc_match,NA,,说文: shuowenjiezi/shuowen; 广韵: tshet-uinh 0.15.1; BS2014: digling/cddb Baxter2014/raw/D_ocbs.tsv
米,True,粟實也。象禾實之形。凡米之屬皆从米。,莫禮切,䋛,8567,亦聲,繡文如聚細米也。从糸从米，米亦聲。,莫礼切,mejX,明四齊上,initial+rhyme+tone,mejX,,not_in_bs,*(C.)mˤ[e]jʔ,mc_match,NA,,说文: shuowenjiezi/shuowen; 广韵: tshet-uinh 0.15.1; BS2014: digling/cddb Baxter2014/raw/D_ocbs.tsv
米,True,粟實也。象禾實之形。凡米之屬皆从米。,莫禮切,迷,1166,聲,或也。从辵米聲。,莫兮切,mej,明四齊平,identical_fanqie,mejX,*mˤij,mc_match,*(C.)mˤ[e]jʔ,mc_match,V,"pre,v,suf;uncertain",说文: shuowenjiezi/shuowen; 广韵: tshet-uinh 0.15.1; BS2014: digling/cddb Baxter2014/raw/D_ocbs.tsv
米,True,粟實也。象禾實之形。凡米之屬皆从米。,莫禮切,鬻,1861,聲,䭈也。从𩰲米聲。,武悲切,yuwk,以三東入,no_match_first_reading,mejX,*m-quk,mc_match,*(C.)mˤ[e]jʔ,mc_match,C,"pre,ini,phar,v,coda,suf;uncertain",说文: shuowenjiezi/shuowen; 广韵: tshet-uinh 0.15.1; BS2014: digling/cddb Baxter2014/raw/D_ocbs.tsv
米,True,粟實也。象禾實之形。凡米之屬皆从米。,莫禮切,敉,2028,聲,撫也。从攴米聲。《周書》曰：“亦未克敉公功。”讀若弭。,緜婢切,mjieX,明三A支上,initial+rhyme+tone,mejX,*me[j]ʔ,mc_match,*(C.)mˤ[e]jʔ,mc_match,R,"pre,phar;uncertain",说文: shuowenjiezi/shuowen; 广韵: tshet-uinh 0.15.1; BS2014: digling/cddb Baxter2014/raw/D_ocbs.tsv
米,True,粟實也。象禾實之形。凡米之屬皆从米。,莫禮切,眯,2178,聲,艸入目中也。从目米聲。,莫禮切,mejX,明四齊上,identical_fanqie,mejX,,not_in_bs,*(C.)mˤ[e]jʔ,mc_match,NA,,说文: shuowenjiezi/shuowen; 广韵: tshet-uinh 0.15.1; BS2014: digling/cddb Baxter2014/raw/D_ocbs.tsv
米,True,粟實也。象禾實之形。凡米之屬皆从米。,莫禮切,㝥,4668,聲,寐而未厭。从㝱省，米聲。,莫禮切,,,none,mejX,,not_in_bs,*(C.)mˤ[e]jʔ,mc_match,NA,,说文: shuowenjiezi/shuowen; 广韵: tshet-uinh 0.15.1; BS2014: digling/cddb Baxter2014/raw/D_ocbs.tsv
米,True,粟實也。象禾實之形。凡米之屬皆从米。,莫禮切,䍘,4797,聲,周行也。从网米聲。《詩》曰：“𦊮入其阻。”,武移切,mjie,明三A支平,identical_fanqie,mejX,,not_in_bs,*(C.)mˤ[e]jʔ,mc_match,NA,,说文: shuowenjiezi/shuowen; 广韵: tshet-uinh 0.15.1; BS2014: digling/cddb Baxter2014/raw/D_ocbs.tsv
米,True,粟實也。象禾實之形。凡米之屬皆从米。,莫禮切,麋,6239,聲,鹿屬。从鹿米聲。麋冬至解其角。,武悲切,mij,明三B脂平,identical_fanqie,mejX,*mr[i]j,mc_match,*(C.)mˤ[e]jʔ,mc_match,V,"pre,phar,med,v,suf;uncertain",说文: shuowenjiezi/shuowen; 广韵: tshet-uinh 0.15.1; BS2014: digling/cddb Baxter2014/raw/D_ocbs.tsv
系,True,繋也。从糸丿聲。凡系之屬皆从系。,胡計切,係,5141,亦聲,絜束也。从人从系，系亦聲。,胡計切,kejH,見開四齊去,rhyme+tone_only,hejH,*kˤek-s,mc_match,*[m]-kˤek-s,mc_match,R,pre;uncertain,说文: shuowenjiezi/shuowen; 广韵: tshet-uinh 0.15.1; BS2014: digling/cddb Baxter2014/raw/D_ocbs.tsv
系,True,繋也。从糸丿聲。凡系之屬皆从系。,胡計切,鯀,7554,聲,魚也。从魚系聲。,古本切,kwonX,見合一魂上,identical_fanqie,hejH,,not_in_bs,*[m]-kˤek-s,mc_match,NA,,说文: shuowenjiezi/shuowen; 广韵: tshet-uinh 0.15.1; BS2014: digling/cddb Baxter2014/raw/D_ocbs.tsv
繯,False,,,𦌾,4794,亦聲,网也。从网、繯，繯亦聲。一曰綰也。,古眩切,kwenH,見合四先去,initial+rhyme+tone,hwenX,,not_in_bs,,not_in_bs,NA,,说文: shuowenjiezi/shuowen; 广韵: tshet-uinh 0.15.1; BS2014: digling/cddb Baxter2014/raw/D_ocbs.tsv
羊,True,祥也。从𦫳，象頭角足尾之形。孔子曰：“牛羊之字以形舉也。”凡羊之屬皆从羊。,與章切,羌,2347,亦聲,西戎牧羊人也。从人从羊，羊亦聲。南方蠻閩从虫，北方狄从犬，東方貉从豸，西方羌从羊：此六種也。西南僰人、僬僥，从人；蓋在坤地，頗有順理之性。唯東夷从大。大，人也。夷俗仁，仁者壽，有君子不死之國。孔子曰：“道不行，欲之九夷，乘桴浮於海。”有以也。,去羊切,khjang,溪開三C陽平,identical_fanqie,yang,*C.qʰaŋ,mc_match,*ɢaŋ,mc_match,O,"pre,ini",说文: shuowenjiezi/shuowen; 广韵: tshet-uinh 0.15.1; BS2014: digling/cddb Baxter2014/raw/D_ocbs.tsv
羊,True,祥也。从𦫳，象頭角足尾之形。孔子曰：“牛羊之字以形舉也。”凡羊之屬皆从羊。,與章切,祥,18,聲,福也。从示羊聲。一云善。,似羊切,zjang,邪開三陽平,identical_fanqie,yang,*s.ɢaŋ,mc_match,*ɢaŋ,mc_match,R,pre,说文: shuowenjiezi/shuowen; 广韵: tshet-uinh 0.15.1; BS2014: digling/cddb Baxter2014/raw/D_ocbs.tsv
羊,True,祥也。从𦫳，象頭角足尾之形。孔子曰：“牛羊之字以形舉也。”凡羊之屬皆从羊。,與章切,詳,1510,聲,審議也。从言羊聲。,似羊切,zjang,邪開三陽平,identical_fanqie,yang,*s.[ɢ]aŋ,mc_match,*ɢaŋ,mc_match,R,pre;uncertain,说文: shuowenjiezi/shuowen; 广韵: tshet-uinh 0.15.1; BS2014: digling/cddb Baxter2014/raw/D_ocbs.tsv
羊,True,祥也。从𦫳，象頭角足尾之形。孔子曰：“牛羊之字以形舉也。”凡羊之屬皆从羊。,與章切,𩰱,1857,聲,煑也。从鬲羊聲。,式羊切,,,none,yang,,not_in_bs,*ɢaŋ,mc_match,NA,,说文: shuowenjiezi/shuowen; 广韵: tshet-uinh 0.15.1; BS2014: digling/cddb Baxter2014/raw/D_ocbs.tsv
羊,True,祥也。从𦫳，象頭角足尾之形。孔子曰：“牛羊之字以形舉也。”凡羊之屬皆从羊。,與章切,翔,2259,聲,回飛也。从羽羊聲。,似羊切,zjang,邪開三陽平,identical_fanqie,yang,*s.[ɢ]aŋ,mc_match,*ɢaŋ,mc_match,R,pre;uncertain,说文: shuowenjiezi/shuowen; 广韵: tshet-uinh 0.15.1; BS2014: digling/cddb Baxter2014/raw/D_ocbs.tsv
羊,True,祥也。从𦫳，象頭角足尾之形。孔子曰：“牛羊之字以形舉也。”凡羊之屬皆从羊。,與章切,養,3204,聲,供養也。从食羊聲。,余兩切,yangX,以開三陽上,initial+rhyme+tone,yang,*[ɢ](r)aŋʔ,mc_match,*ɢaŋ,mc_match,R,"med,suf;uncertain",说文: shuowenjiezi/shuowen; 广韵: tshet-uinh 0.15.1; BS2014: digling/cddb Baxter2014/raw/D_ocbs.tsv
羊,True,祥也。从𦫳，象頭角足尾之形。孔子曰：“牛羊之字以形舉也。”凡羊之屬皆从羊。,與章切,痒,4697,聲,瘍也。从疒羊聲。,似陽切,zjang,邪開三陽平,initial+rhyme+tone,yang,*s.[ɢ]aŋ,mc_match,*ɢaŋ,mc_match,R,pre;uncertain,说文: shuowenjiezi/shuowen; 广韵: tshet-uinh 0.15.1; BS2014: digling/cddb Baxter2014/raw/D_ocbs.tsv
羊,True,祥也。从𦫳，象頭角足尾之形。孔子曰：“牛羊之字以形舉也。”凡羊之屬皆从羊。,與章切,庠,5895,聲,禮官養老。夏曰校，殷曰庠，周曰序。从广羊聲。,似陽切,zjang,邪開三陽平,initial+rhyme+tone,yang,*s-[ɢ]aŋ,mc_match,*ɢaŋ,mc_match,R,pre;uncertain,说文: shuowenjiezi/shuowen; 广韵: tshet-uinh 0.15.1; BS2014: digling/cddb Baxter2014/raw/D_ocbs.tsv
羊,True,祥也。从𦫳，象頭角足尾之形。孔子曰：“牛羊之字以形舉也。”凡羊之屬皆从羊。,與章切,恙,6883,聲,憂也。从心羊聲。,余亮切,yangH,以開三陽去,initial+rhyme+tone,yang,,not_in_bs,*ɢaŋ,mc_match,NA,,说文: shuowenjiezi/shuowen; 广韵: tshet-uinh 0.15.1; BS2014: digling/cddb Baxter2014/raw/D_ocbs.tsv
羊,True,祥也。从𦫳，象頭角足尾之形。孔子曰：“牛羊之字以形舉也。”凡羊之屬皆从羊。,與章切,洋,7047,聲,水。出齊臨朐高山，東北入鉅定。从水羊聲。,似羊切,zjang,邪開三陽平,identical_fanqie,yang,*ɢ(r)aŋ,single_reading,*ɢaŋ,mc_match,R,med;uncertain,说文: shuowenjiezi/shuowen; 广韵: tshet-uinh 0.15.1; BS2014: digling/cddb Baxter2014/raw/D_ocbs.tsv
羊,True,祥也。从𦫳，象頭角足尾之形。孔子曰：“牛羊之字以形舉也。”凡羊之屬皆从羊。,與章切,羕,7458,聲,水長也。从永羊聲。《詩》曰：“江之羕矣。”,余亮切,yangH,以開三陽去,initial+rhyme+tone,yang,*[ɢ](r)aŋʔ-s,mc_match,*ɢaŋ,mc_match,R,"med,suf;uncertain",说文: shuowenjiezi/shuowen; 广韵: tshet-uinh 0.15.1; BS2014: digling/cddb Baxter2014/raw/D_ocbs.tsv
羊,True,祥也。从𦫳，象頭角足尾之形。孔子曰：“牛羊之字以形舉也。”凡羊之屬皆从羊。,與章切,姜,8071,聲,神農居姜水，以爲姓。从女羊聲。,居良切,kjang,見開三C陽平,identical_fanqie,yang,*C.qaŋ,mc_match,*ɢaŋ,mc_match,O,"pre,ini",说文: shuowenjiezi/shuowen; 广韵: tshet-uinh 0.15.1; BS2014: digling/cddb Baxter2014/raw/D_ocbs.tsv
羊,True,祥也。从𦫳，象頭角足尾之形。孔子曰：“牛羊之字以形舉也。”凡羊之屬皆从羊。,與章切,蛘,8849,聲,搔蛘也。从虫羊聲。,余兩切,yang,以開三陽平,initial_only,yang,,not_in_bs,*ɢaŋ,mc_match,NA,,说文: shuowenjiezi/shuowen; 广韵: tshet-uinh 0.15.1; BS2014: digling/cddb Baxter2014/raw/D_ocbs.tsv
美,True,甘也。从羊从大。羊在六畜主給膳也。美與善同意。,無鄙切,媄,8145,亦聲,色好也。从女从美，美亦聲。,無鄙切,mijX,明三B脂上,identical_fanqie,mijX,,not_in_bs,*[m]rəjʔ,mc_match,NA,,说文: shuowenjiezi/shuowen; 广韵: tshet-uinh 0.15.1; BS2014: digling/cddb Baxter2014/raw/D_ocbs.tsv
羣,True,輩也。从羊君聲。,渠云切,𣀆,2032,亦聲,朋侵也。从攴从羣，羣亦聲。,渠云切,,,none,gjun,,not_in_bs,*[g]ur,mc_match,NA,,说文: shuowenjiezi/shuowen; 广韵: tshet-uinh 0.15.1; BS2014: digling/cddb Baxter2014/raw/D_ocbs.tsv
耒,True,手耕曲木也。从木推丯。古者垂作耒㭒以振民也。凡耒之屬皆从耒。,盧對切,䒹,568,亦聲,耕多艸。从艸、耒，耒亦聲。,盧對切,lwojH,來合一灰去,identical_fanqie,lwojH,,not_in_bs,,not_in_bs,NA,,说文: shuowenjiezi/shuowen; 广韵: tshet-uinh 0.15.1; BS2014: digling/cddb Baxter2014/raw/D_ocbs.tsv
耒,True,手耕曲木也。从木推丯。古者垂作耒㭒以振民也。凡耒之屬皆从耒。,盧對切,誄,1710,聲,諡也。从言耒聲。,力軌切,lwijX,來合三脂上,identical_fanqie,lwojH,*[r]ujʔ,mc_match,,not_in_bs,NA,,说文: shuowenjiezi/shuowen; 广韵: tshet-uinh 0.15.1; BS2014: digling/cddb Baxter2014/raw/D_ocbs.tsv
耒,True,手耕曲木也。从木推丯。古者垂作耒㭒以振民也。凡耒之屬皆从耒。,盧對切,䣂,4095,聲,今桂陽䣂陽縣。从邑耒聲。,盧對切,lwojH,來合一灰去,identical_fanqie,lwojH,,not_in_bs,,not_in_bs,NA,,说文: shuowenjiezi/shuowen; 广韵: tshet-uinh 0.15.1; BS2014: digling/cddb Baxter2014/raw/D_ocbs.tsv
耳,True,主聽也。象形。凡耳之屬皆从耳。,而止切,珥,125,亦聲,瑱也。从玉、耳，耳亦聲。,仍吏切,nyiH,日開三之去,identical_fanqie,nyiX,,not_in_bs,*C.nəʔ,mc_match,NA,,说文: shuowenjiezi/shuowen; 广韵: tshet-uinh 0.15.1; BS2014: digling/cddb Baxter2014/raw/D_ocbs.tsv
耳,True,主聽也。象形。凡耳之屬皆从耳。,而止切,𩱓,1867,聲,粉餅也。从𩰲耳聲。,仍吏切,nyiH,日開三之去,identical_fanqie,nyiX,,not_in_bs,*C.nəʔ,mc_match,NA,,说文: shuowenjiezi/shuowen; 广韵: tshet-uinh 0.15.1; BS2014: digling/cddb Baxter2014/raw/D_ocbs.tsv
耳,True,主聽也。象形。凡耳之屬皆从耳。,而止切,佴,5027,聲,佽也。从人耳聲。,仍吏切,nyiH,日開三之去,identical_fanqie,nyiX,,not_in_bs,*C.nəʔ,mc_match,NA,,说文: shuowenjiezi/shuowen; 广韵: tshet-uinh 0.15.1; BS2014: digling/cddb Baxter2014/raw/D_ocbs.tsv
耳,True,主聽也。象形。凡耳之屬皆从耳。,而止切,毦,5367,聲,羽毛飾也。从毛耳聲。,仍吏切,nyiH,日開三之去,identical_fanqie,nyiX,,not_in_bs,*C.nəʔ,mc_match,NA,,说文: shuowenjiezi/shuowen; 广韵: tshet-uinh 0.15.1; BS2014: digling/cddb Baxter2014/raw/D_ocbs.tsv
耳,True,主聽也。象形。凡耳之屬皆从耳。,而止切,恥,6920,聲,辱也。从心耳聲。,敕里切,trhiX,徹開三之上,identical_fanqie,nyiX,*n̥rəʔ,mc_match,*C.nəʔ,mc_match,O,"pre,ini,med",说文: shuowenjiezi/shuowen; 广韵: tshet-uinh 0.15.1; BS2014: digling/cddb Baxter2014/raw/D_ocbs.tsv
耳,True,主聽也。象形。凡耳之屬皆从耳。,而止切,㛅,8141,聲,女號也。从女耳聲。,仍吏切,nyiH,日開三之去,identical_fanqie,nyiX,,not_in_bs,*C.nəʔ,mc_match,NA,,说文: shuowenjiezi/shuowen; 广韵: tshet-uinh 0.15.1; BS2014: digling/cddb Baxter2014/raw/D_ocbs.tsv
耳,True,主聽也。象形。凡耳之屬皆从耳。,而止切,弭,8438,聲,弓無緣，可以解轡紛者。从弓耳聲。,緜婢切,mjieX,明三A支上,initial+rhyme+tone,nyiX,*[m-ŋ]e(j)ʔ,mc_match,*C.nəʔ,mc_match,C,"pre,ini,v,coda;uncertain",说文: shuowenjiezi/shuowen; 广韵: tshet-uinh 0.15.1; BS2014: digling/cddb Baxter2014/raw/D_ocbs.tsv
臤,True,堅也。从又臣聲。凡臤之屬皆从臤。讀若鏗鏘之鏗。古文以爲賢字。,苦閑切,㹂,765,亦聲,牛很不從引也。从牛从臤，臤亦聲。一曰大皃。讀若賢。,喫善切,khjienX,溪開三A仙上,initial+rhyme+tone,khean,,not_in_bs,,not_in_bs,NA,,说文: shuowenjiezi/shuowen; 广韵: tshet-uinh 0.15.1; BS2014: digling/cddb Baxter2014/raw/D_ocbs.tsv
臤,True,堅也。从又臣聲。凡臤之屬皆从臤。讀若鏗鏘之鏗。古文以爲賢字。,苦閑切,菣,438,聲,香蒿也。从艸臤聲。,去刃切,khjinH,溪開三A真去,identical_fanqie,khean,,not_in_bs,,not_in_bs,NA,,说文: shuowenjiezi/shuowen; 广韵: tshet-uinh 0.15.1; BS2014: digling/cddb Baxter2014/raw/D_ocbs.tsv
臤,True,堅也。从又臣聲。凡臤之屬皆从臤。讀若鏗鏘之鏗。古文以爲賢字。,苦閑切,𧼒,997,聲,行皃。从走臤聲。讀若菣。,弃忍切,khjinX,溪開三A真上,identical_fanqie,khean,,not_in_bs,,not_in_bs,NA,,说文: shuowenjiezi/shuowen; 广韵: tshet-uinh 0.15.1; BS2014: digling/cddb Baxter2014/raw/D_ocbs.tsv
臤,True,堅也。从又臣聲。凡臤之屬皆从臤。讀若鏗鏘之鏗。古文以爲賢字。,苦閑切,䁂,2098,聲,大目也。从目臤聲。,矦簡切,heanX,匣開二山上,initial+rhyme+tone,khean,,not_in_bs,,not_in_bs,NA,,说文: shuowenjiezi/shuowen; 广韵: tshet-uinh 0.15.1; BS2014: digling/cddb Baxter2014/raw/D_ocbs.tsv
臤,True,堅也。从又臣聲。凡臤之屬皆从臤。讀若鏗鏘之鏗。古文以爲賢字。,苦閑切,腎,2595,聲,水藏也。从肉臤聲。,時忍切,dzyinX,常開三真上,identical_fanqie,khean,*Cə.[g]i[n]ʔ,mc_match,,not_in_bs,NA,,说文: shuowenjiezi/shuowen; 广韵: tshet-uinh 0.15.1; BS2014: digling/cddb Baxter2014/raw/D_ocbs.tsv
臤,True,堅也。从又臣聲。凡臤之屬皆从臤。讀若鏗鏘之鏗。古文以爲賢字。,苦閑切,賢,3927,聲,多才也。从貝臤聲。,胡田切,hen,匣開四先平,identical_fanqie,khean,*[g]ˤi[n],mc_match,,not_in_bs,NA,,说文: shuowenjiezi/shuowen; 广韵: tshet-uinh 0.15.1; BS2014: digling/cddb Baxter2014/raw/D_ocbs.tsv
臤,True,堅也。从又臣聲。凡臤之屬皆从臤。讀若鏗鏘之鏗。古文以爲賢字。,苦閑切,掔,7915,聲,固也。从手臤聲。讀若《詩》“赤舃掔掔”。,苦閑切,khean,溪開二山平,identical_fanqie,khean,,not_in_bs,,not_in_bs,NA,,说文: shuowenjiezi/shuowen; 广韵: tshet-uinh 0.15.1; BS2014: digling/cddb Baxter2014/raw/D_ocbs.tsv
臤,True,堅也。从又臣聲。凡臤之屬皆从臤。讀若鏗鏘之鏗。古文以爲賢字。,苦閑切,婜,8192,聲,美也。从女臤聲。,苦閑切,,,none,khean,,not_in_bs,,not_in_bs,NA,,说文: shuowenjiezi/shuowen; 广韵: tshet-uinh 0.15.1; BS2014: digling/cddb Baxter2014/raw/D_ocbs.tsv
臤,True,堅也。从又臣聲。凡臤之屬皆从臤。讀若鏗鏘之鏗。古文以爲賢字。,苦閑切,鋻,9228,聲,剛也。从金臤聲。,古甸切,kenH,見開四先去,initial+rhyme+tone,khean,,not_in_bs,,not_in_bs,NA,,说文: shuowenjiezi/shuowen; 广韵: tshet-uinh 0.15.1; BS2014: digling/cddb Baxter2014/raw/D_ocbs.tsv
自,True,鼻也。象鼻形。凡自之屬皆从自。,疾二切,息,6671,亦聲,喘也。从心从自，自亦聲。,相即切,sik,心開三蒸入,identical_fanqie,dzijH,*sək,mc_match,*s.[b]i[t]-s,mc_match,C,"pre,ini,v,coda,suf;uncertain",说文: shuowenjiezi/shuowen; 广韵: tshet-uinh 0.15.1; BS2014: digling/cddb Baxter2014/raw/D_ocbs.tsv
自,True,鼻也。象鼻形。凡自之屬皆从自。,疾二切,詯,1620,聲,膽气滿聲在人上。从言自聲。讀若反目相睞。,荒內切,xwojH,曉合一灰去,identical_fanqie,dzijH,,not_in_bs,*s.[b]i[t]-s,mc_match,NA,,说文: shuowenjiezi/shuowen; 广韵: tshet-uinh 0.15.1; BS2014: digling/cddb Baxter2014/raw/D_ocbs.tsv
自,True,鼻也。象鼻形。凡自之屬皆从自。,疾二切,郋,4063,聲,汝南邵陵里。从邑自聲。讀若奚。,胡雞切,hej,匣開四齊平,identical_fanqie,dzijH,,not_in_bs,*s.[b]i[t]-s,mc_match,NA,,说文: shuowenjiezi/shuowen; 广韵: tshet-uinh 0.15.1; BS2014: digling/cddb Baxter2014/raw/D_ocbs.tsv
自,True,鼻也。象鼻形。凡自之屬皆从自。,疾二切,臮,5215,聲,眾詞與也。从乑自聲。《虞書》曰：“臮咎繇。”,其冀切,gijH,羣開三B脂去,initial+rhyme+tone,dzijH,,not_in_bs,*s.[b]i[t]-s,mc_match,NA,,说文: shuowenjiezi/shuowen; 广韵: tshet-uinh 0.15.1; BS2014: digling/cddb Baxter2014/raw/D_ocbs.tsv
自,True,鼻也。象鼻形。凡自之屬皆从自。,疾二切,洎,7323,聲,灌釜也。从水自聲。,其冀切,kijH,見開三B脂去,initial+rhyme+tone,dzijH,,not_in_bs,*s.[b]i[t]-s,mc_match,NA,,说文: shuowenjiezi/shuowen; 广韵: tshet-uinh 0.15.1; BS2014: digling/cddb Baxter2014/raw/D_ocbs.tsv
自,True,鼻也。象鼻形。凡自之屬皆从自。,疾二切,垍,9050,聲,堅土也。从土自聲。讀若臮。,其冀切,gijH,羣開三B脂去,initial+rhyme+tone,dzijH,,not_in_bs,*s.[b]i[t]-s,mc_match,NA,,说文: shuowenjiezi/shuowen; 广韵: tshet-uinh 0.15.1; BS2014: digling/cddb Baxter2014/raw/D_ocbs.tsv
臭,True,禽走，臭而知其迹者，犬也。从犬从自。,尺救切,齅,2225,亦聲,以鼻就臭也。从鼻从臭，臭亦聲。讀若畜牲之畜。,許救切,xjuwH,曉三C尤去,identical_fanqie,tsyhuwH,,not_in_bs,*t-qʰu(ʔ)-s,mc_match,NA,,说文: shuowenjiezi/shuowen; 广韵: tshet-uinh 0.15.1; BS2014: digling/cddb Baxter2014/raw/D_ocbs.tsv
臭,True,禽走，臭而知其迹者，犬也。从犬从自。,尺救切,𧽒,1018,聲,行也。从走臭聲。,香仲切,xjuwngH,曉三C東去,identical_fanqie,tsyhuwH,,not_in_bs,*t-qʰu(ʔ)-s,mc_match,NA,,说文: shuowenjiezi/shuowen; 广韵: tshet-uinh 0.15.1; BS2014: digling/cddb Baxter2014/raw/D_ocbs.tsv
臭,True,禽走，臭而知其迹者，犬也。从犬从自。,尺救切,殠,2536,聲,腐气也。从歺臭聲。,尺救切,tsyhuwH,昌三尤去,identical_fanqie,tsyhuwH,,not_in_bs,*t-qʰu(ʔ)-s,mc_match,NA,,说文: shuowenjiezi/shuowen; 广韵: tshet-uinh 0.15.1; BS2014: digling/cddb Baxter2014/raw/D_ocbs.tsv
臭,True,禽走，臭而知其迹者，犬也。从犬从自。,尺救切,糗,4475,聲,𤎅米麥也。从米臭聲。,去九切,khjuwX,溪三C尤上,initial+rhyme+tone,tsyhuwH,,not_in_bs,*t-qʰu(ʔ)-s,mc_match,NA,,说文: shuowenjiezi/shuowen; 广韵: tshet-uinh 0.15.1; BS2014: digling/cddb Baxter2014/raw/D_ocbs.tsv
臼,True,舂也。古者掘地爲臼，其後穿木石。象形。中，米也。凡臼之屬皆从臼。,其九切,齨,1313,亦聲,老人齒如臼也。一曰馬八歲齒臼也。从齒从臼，臼亦聲。,其久切,gjuwX,羣三C尤上,initial+rhyme+tone,gjuwX,,not_in_bs,*C.[g]ʷəʔ,mc_match,NA,,说文: shuowenjiezi/shuowen; 广韵: tshet-uinh 0.15.1; BS2014: digling/cddb Baxter2014/raw/D_ocbs.tsv
臼,True,舂也。古者掘地爲臼，其後穿木石。象形。中，米也。凡臼之屬皆从臼。,其九切,舊,2315,聲,𨾦舊，舊畱也。从雈臼聲。,巨救切,gjuwH,羣三C尤去,identical_fanqie,gjuwX,*N-kʷəʔ-s,mc_match,*C.[g]ʷəʔ,mc_match,O,"pre,ini,suf;uncertain",说文: shuowenjiezi/shuowen; 广韵: tshet-uinh 0.15.1; BS2014: digling/cddb Baxter2014/raw/D_ocbs.tsv
臼,True,舂也。古者掘地爲臼，其後穿木石。象形。中，米也。凡臼之屬皆从臼。,其九切,䳔,2388,聲,鳥也。从鳥臼聲。,居玉切,kjuwk,見三C東入,initial_only,gjuwX,,not_in_bs,*C.[g]ʷəʔ,mc_match,NA,,说文: shuowenjiezi/shuowen; 广韵: tshet-uinh 0.15.1; BS2014: digling/cddb Baxter2014/raw/D_ocbs.tsv
臼,True,舂也。古者掘地爲臼，其後穿木石。象形。中，米也。凡臼之屬皆从臼。,其九切,舅,9163,聲,母之兄弟爲𦥶，妻之父爲外𦥶。从男臼聲。,其久切,gjuwX,羣三C尤上,initial+rhyme+tone,gjuwX,*[g](r)uʔ,mc_match,*C.[g]ʷəʔ,mc_match,V,"pre,ini,med,v;uncertain",说文: shuowenjiezi/shuowen; 广韵: tshet-uinh 0.15.1; BS2014: digling/cddb Baxter2014/raw/D_ocbs.tsv
臽,True,小阱也。从人在臼上。,戶𤟟切,窞,4634,亦聲,坎中小坎也。从穴从臽，臽亦聲。《易》曰：“入于坎窞。”一曰㫄入也。,徒感切,domX,定開一覃上,identical_fanqie,heamH,*rˤomʔ,mc_match,*[ɢ]ˤromʔ-s,mc_match,O2,"ini,med,suf;uncertain",说文: shuowenjiezi/shuowen; 广韵: tshet-uinh 0.15.1; BS2014: digling/cddb Baxter2014/raw/D_ocbs.tsv
臽,True,小阱也。从人在臼上。,戶𤟟切,陷,9595,亦聲,高下也。一曰陊也。从𨸏从臽，臽亦聲。,戶𤟟切,heamH,匣開二咸去,initial+rhyme+tone,heamH,*[ɢ]ˤromʔ-s,mc_match,*[ɢ]ˤromʔ-s,mc_match,I,;uncertain,说文: shuowenjiezi/shuowen; 广韵: tshet-uinh 0.15.1; BS2014: digling/cddb Baxter2014/raw/D_ocbs.tsv
臽,True,小阱也。从人在臼上。,戶𤟟切,啗,811,聲,食也。从口臽聲。讀與含同。,徒濫切,damH,定開一談去,identical_fanqie,heamH,*m-rˤamʔ-s,mc_match,*[ɢ]ˤromʔ-s,mc_match,V,"pre,ini,med,v;uncertain",说文: shuowenjiezi/shuowen; 广韵: tshet-uinh 0.15.1; BS2014: digling/cddb Baxter2014/raw/D_ocbs.tsv
臽,True,小阱也。从人在臼上。,戶𤟟切,䐄,2713,聲,食肉不猒也。从肉臽聲。讀若陷。,戶𤟟切,heamH,匣開二咸去,initial+rhyme+tone,heamH,,not_in_bs,*[ɢ]ˤromʔ-s,mc_match,NA,,说文: shuowenjiezi/shuowen; 广韵: tshet-uinh 0.15.1; BS2014: digling/cddb Baxter2014/raw/D_ocbs.tsv
臽,True,小阱也。从人在臼上。,戶𤟟切,䘓,3164,聲,羊凝血也。从血臽聲。,苦紺切,khomH,溪開一覃去,identical_fanqie,heamH,,not_in_bs,*[ɢ]ˤromʔ-s,mc_match,NA,,说文: shuowenjiezi/shuowen; 广韵: tshet-uinh 0.15.1; BS2014: digling/cddb Baxter2014/raw/D_ocbs.tsv
臽,True,小阱也。从人在臼上。,戶𤟟切,欿,5546,聲,欲得也。从欠臽聲。讀若貪。,他含切,homX,匣開一覃上,no_match_first_reading,heamH,,multiple_readings,*[ɢ]ˤromʔ-s,mc_match,NA,,说文: shuowenjiezi/shuowen; 广韵: tshet-uinh 0.15.1; BS2014: digling/cddb Baxter2014/raw/D_ocbs.tsv
臽,True,小阱也。从人在臼上。,戶𤟟切,燄,6501,聲,火行微燄燄也。从炎臽聲。,以冉切,yemX,以開三鹽上,identical_fanqie,heamH,,not_in_bs,*[ɢ]ˤromʔ-s,mc_match,NA,,说文: shuowenjiezi/shuowen; 广韵: tshet-uinh 0.15.1; BS2014: digling/cddb Baxter2014/raw/D_ocbs.tsv
臽,True,小阱也。从人在臼上。,戶𤟟切,惂,6892,聲,憂困也。从心臽聲。,苦感切,khomX,溪開一覃上,identical_fanqie,heamH,,not_in_bs,*[ɢ]ˤromʔ-s,mc_match,NA,,说文: shuowenjiezi/shuowen; 广韵: tshet-uinh 0.15.1; BS2014: digling/cddb Baxter2014/raw/D_ocbs.tsv
臽,True,小阱也。从人在臼上。,戶𤟟切,淊,7283,聲,泥水淊淊也。一曰繅絲湯也。从水臽聲。,胡感切,homX,匣開一覃上,identical_fanqie,heamH,,not_in_bs,*[ɢ]ˤromʔ-s,mc_match,NA,,说文: shuowenjiezi/shuowen; 广韵: tshet-uinh 0.15.1; BS2014: digling/cddb Baxter2014/raw/D_ocbs.tsv
臽,True,小阱也。从人在臼上。,戶𤟟切,䱤,7595,聲,魚名。从魚臽聲。,尸𧸖切,heamH,匣開二咸去,rhyme+tone_only,heamH,,not_in_bs,*[ɢ]ˤromʔ-s,mc_match,NA,,说文: shuowenjiezi/shuowen; 广韵: tshet-uinh 0.15.1; BS2014: digling/cddb Baxter2014/raw/D_ocbs.tsv
臽,True,小阱也。从人在臼上。,戶𤟟切,閻,7702,聲,里中門也。从門臽聲。,余廉切,yem,以開三鹽平,identical_fanqie,heamH,*[ɢ][a]m,mc_match,*[ɢ]ˤromʔ-s,mc_match,V,"phar,med,v,suf;uncertain",说文: shuowenjiezi/shuowen; 广韵: tshet-uinh 0.15.1; BS2014: digling/cddb Baxter2014/raw/D_ocbs.tsv
臽,True,小阱也。从人在臼上。,戶𤟟切,掐,8058,聲,爪刺也。从手臽聲。,苦洽切,kheap,溪開二咸入,identical_fanqie,heamH,,not_in_bs,*[ɢ]ˤromʔ-s,mc_match,NA,,说文: shuowenjiezi/shuowen; 广韵: tshet-uinh 0.15.1; BS2014: digling/cddb Baxter2014/raw/D_ocbs.tsv
臽,True,小阱也。从人在臼上。,戶𤟟切,蜭,8772,聲,毛蠹也。从虫臽聲。,乎感切,homX,匣開一覃上,initial+rhyme+tone,heamH,,not_in_bs,*[ɢ]ˤromʔ-s,mc_match,NA,,说文: shuowenjiezi/shuowen; 广韵: tshet-uinh 0.15.1; BS2014: digling/cddb Baxter2014/raw/D_ocbs.tsv
舛,True,對臥也。从夊𡕒相背。凡舛之屬皆从舛。,昌兖切,舜,3365,亦聲,艸也。楚謂之葍，秦謂之藑。蔓地連華。象形。从舛，舛亦聲。凡䑞之屬皆从䑞。(今隸變作舜。),舒閏切,sywinH,書合三真去,identical_fanqie,tsyhwenX,*[s.t]u[n]-s,mc_match,*[tʰ]o[n]ʔ,mc_match,V,"pre,ini,v,suf;uncertain",说文: shuowenjiezi/shuowen; 广韵: tshet-uinh 0.15.1; BS2014: digling/cddb Baxter2014/raw/D_ocbs.tsv
色,True,顔气也。从人从卪。凡色之屬皆从色。,所力切,赩,6562,亦聲,大赤也。从赤、色，色亦聲。,許力切,xik,曉開三C蒸入,initial+rhyme+tone,srik,,not_in_bs,*s.rək,mc_match,NA,,说文: shuowenjiezi/shuowen; 广韵: tshet-uinh 0.15.1; BS2014: digling/cddb Baxter2014/raw/D_ocbs.tsv
芻,True,刈艸也。象包束艸之形。,叉愚切,犓,757,亦聲,以芻莖養牛也。从牛、芻，芻亦聲。《春秋國語》曰：“犓豢幾何。”,測愚切,tsrhju,初合三虞平,initial+rhyme+tone,tsrhju,,not_in_bs,*[tsʰ]ro,mc_match,NA,,说文: shuowenjiezi/shuowen; 广韵: tshet-uinh 0.15.1; BS2014: digling/cddb Baxter2014/raw/D_ocbs.tsv
芻,True,刈艸也。象包束艸之形。,叉愚切,趨,979,聲,走也。从走芻聲。,七逾切,tshju,清合三虞平,identical_fanqie,tsrhju,*[ts]ʰro,single_reading,*[tsʰ]ro,mc_match,I,;uncertain,说文: shuowenjiezi/shuowen; 广韵: tshet-uinh 0.15.1; BS2014: digling/cddb Baxter2014/raw/D_ocbs.tsv
芻,True,刈艸也。象包束艸之形。,叉愚切,齺,1285,聲,齒搚也。一曰齰也。一曰馬口中糜也。从齒芻聲。,側鳩切,dzraewk,崇二江入,no_match_first_reading,tsrhju,,not_in_bs,*[tsʰ]ro,mc_match,NA,,说文: shuowenjiezi/shuowen; 广韵: tshet-uinh 0.15.1; BS2014: digling/cddb Baxter2014/raw/D_ocbs.tsv
芻,True,刈艸也。象包束艸之形。,叉愚切,𩱦,1868,聲,𤎅也。从𩰲芻聲。,尺沼切,tsrhaewX,初開二肴上,no_match_first_reading,tsrhju,,not_in_bs,*[tsʰ]ro,mc_match,NA,,说文: shuowenjiezi/shuowen; 广韵: tshet-uinh 0.15.1; BS2014: digling/cddb Baxter2014/raw/D_ocbs.tsv
芻,True,刈艸也。象包束艸之形。,叉愚切,雛,2283,聲,雞子也。从隹芻聲。,士于切,dzrju,崇合三虞平,initial+rhyme+tone,tsrhju,,not_in_bs,*[tsʰ]ro,mc_match,NA,,说文: shuowenjiezi/shuowen; 广韵: tshet-uinh 0.15.1; BS2014: digling/cddb Baxter2014/raw/D_ocbs.tsv
芻,True,刈艸也。象包束艸之形。,叉愚切,鄒,4113,聲,魯縣，古邾國，帝顓頊之後所封。从邑芻聲。,側鳩切,tsrjuw,莊三尤平,identical_fanqie,tsrhju,,not_in_bs,*[tsʰ]ro,mc_match,NA,,说文: shuowenjiezi/shuowen; 广韵: tshet-uinh 0.15.1; BS2014: digling/cddb Baxter2014/raw/D_ocbs.tsv
芻,True,刈艸也。象包束艸之形。,叉愚切,騶,6203,聲,廏御也。从馬芻聲。,側鳩切,tsrjuw,莊三尤平,identical_fanqie,tsrhju,*[ts]ˤro,mc_match,*[tsʰ]ro,mc_match,O,"ini,phar;uncertain",说文: shuowenjiezi/shuowen; 广韵: tshet-uinh 0.15.1; BS2014: digling/cddb Baxter2014/raw/D_ocbs.tsv
芻,True,刈艸也。象包束艸之形。,叉愚切,媰,8095,聲,婦人妊身也。从女芻聲。《周書》曰：“至于媰婦。”,側鳩切,dzrju,崇合三虞平,no_match_first_reading,tsrhju,,not_in_bs,*[tsʰ]ro,mc_match,NA,,说文: shuowenjiezi/shuowen; 广韵: tshet-uinh 0.15.1; BS2014: digling/cddb Baxter2014/raw/D_ocbs.tsv
芻,True,刈艸也。象包束艸之形。,叉愚切,縐,8699,聲,絺之細也。《詩》曰：“蒙彼縐絺。”一曰蹴也。从糸芻聲。,側救切,tsrjuwH,莊三尤去,identical_fanqie,tsrhju,*[ts]ˤro-s,mc_match,*[tsʰ]ro,mc_match,O,"ini,phar,suf;uncertain",说文: shuowenjiezi/shuowen; 广韵: tshet-uinh 0.15.1; BS2014: digling/cddb Baxter2014/raw/D_ocbs.tsv
苹,True,蓱也。無根，浮水而生者。从艸平聲。,符兵切,萍,7409,亦聲,苹也。水艸也。从水、苹，苹亦聲。,薄經切,beng,並四青平,identical_fanqie,bjaeng,,not_in_bs,*[b]ˤeŋ,single_reading,NA,,说文: shuowenjiezi/shuowen; 广韵: tshet-uinh 0.15.1; BS2014: digling/cddb Baxter2014/raw/D_ocbs.tsv
茻,True,眾艸也。从四屮。凡茻之屬皆从茻。讀與冈同。,模朗切,莽,702,亦聲,南昌謂犬善逐菟艸中爲莽。从犬从茻，茻亦聲。,謀朗切,mangX,明一唐上,initial+rhyme+tone,mangX,,not_in_bs,,not_in_bs,NA,,说文: shuowenjiezi/shuowen; 广韵: tshet-uinh 0.15.1; BS2014: digling/cddb Baxter2014/raw/D_ocbs.tsv
菐,True,瀆菐也。从丵从廾，廾亦聲。凡菐之屬皆从菐。,蒲沃切,僕,1746,亦聲,給事者。从人从菐，菐亦聲。,蒲沃切,bowk,並一冬入,identical_fanqie,buwk,*[b]ˤok,single_reading,,not_in_bs,NA,,说文: shuowenjiezi/shuowen; 广韵: tshet-uinh 0.15.1; BS2014: digling/cddb Baxter2014/raw/D_ocbs.tsv
菐,True,瀆菐也。从丵从廾，廾亦聲。凡菐之屬皆从菐。,蒲沃切,樸,3590,聲,木素也。从木菐聲。,匹角切,phaewk,滂二江入,identical_fanqie,buwk,*pʰˤrok,mc_match,,not_in_bs,NA,,说文: shuowenjiezi/shuowen; 广韵: tshet-uinh 0.15.1; BS2014: digling/cddb Baxter2014/raw/D_ocbs.tsv
菐,True,瀆菐也。从丵从廾，廾亦聲。凡菐之屬皆从菐。,蒲沃切,幞,4901,聲,帊也。从巾菐聲。,房玉切,bjowk,並三C鍾入,identical_fanqie,buwk,*[b](r)ok,mc_match,,not_in_bs,NA,,说文: shuowenjiezi/shuowen; 广韵: tshet-uinh 0.15.1; BS2014: digling/cddb Baxter2014/raw/D_ocbs.tsv
菐,True,瀆菐也。从丵从廾，廾亦聲。凡菐之屬皆从菐。,蒲沃切,撲,8010,聲,挨也。从手菐聲。,蒲角切,phuwk,滂一東入,rhyme+tone_only,buwk,*pʰˤok,mc_match,,not_in_bs,NA,,说文: shuowenjiezi/shuowen; 广韵: tshet-uinh 0.15.1; BS2014: digling/cddb Baxter2014/raw/D_ocbs.tsv
菐,True,瀆菐也。从丵从廾，廾亦聲。凡菐之屬皆从菐。,蒲沃切,墣,8992,聲,塊也。从土菐聲。,匹角切,phaewk,滂二江入,identical_fanqie,buwk,,not_in_bs,,not_in_bs,NA,,说文: shuowenjiezi/shuowen; 广韵: tshet-uinh 0.15.1; BS2014: digling/cddb Baxter2014/raw/D_ocbs.tsv
菐,True,瀆菐也。从丵从廾，廾亦聲。凡菐之屬皆从菐。,蒲沃切,轐,9494,聲,車伏兔也。从車菐聲。《周禮》曰：“加軫與轐焉。”,博木切,puwk,幫一東入,identical_fanqie,buwk,,not_in_bs,,not_in_bs,NA,,说文: shuowenjiezi/shuowen; 广韵: tshet-uinh 0.15.1; BS2014: digling/cddb Baxter2014/raw/D_ocbs.tsv
虎,True,山獸之君。从虍，虎足象人足。象形。凡虎之屬皆从虎。,呼古切,琥,111,亦聲,發兵瑞玉，爲虎文。从玉从虎，虎亦聲。《春秋傳》曰：“賜子家雙琥。”,呼古切,xuX,曉一模上,identical_fanqie,xuX,,not_in_bs,*qʰˤraʔ,mc_match,NA,,说文: shuowenjiezi/shuowen; 广韵: tshet-uinh 0.15.1; BS2014: digling/cddb Baxter2014/raw/D_ocbs.tsv
虎,True,山獸之君。从虍，虎足象人足。象形。凡虎之屬皆从虎。,呼古切,䰧,5800,聲,鬼皃。从鬼虎聲。,虎烏切,xu,曉一模平,initial+rhyme+tone,xuX,,not_in_bs,*qʰˤraʔ,mc_match,NA,,说文: shuowenjiezi/shuowen; 广韵: tshet-uinh 0.15.1; BS2014: digling/cddb Baxter2014/raw/D_ocbs.tsv
虐,True,殘也。从虍，虎足反爪人也。,魚約切,瘧,4726,亦聲,熱寒休作。从疒从虐，虐亦聲。,魚約切,ngjak,疑開三C陽入,identical_fanqie,ngjak,,not_in_bs,*[ŋ](r)awk,mc_match,NA,,说文: shuowenjiezi/shuowen; 广韵: tshet-uinh 0.15.1; BS2014: digling/cddb Baxter2014/raw/D_ocbs.tsv
虐,True,殘也。从虍，虎足反爪人也。,魚約切,謔,1643,聲,戲也。从言虐聲。《詩》曰：“善戲謔兮。”,虚約切,xjak,曉開三C陽入,rhyme+tone_only,ngjak,*ŋ̊(r)awk,mc_match,*[ŋ](r)awk,mc_match,O,ini;uncertain,说文: shuowenjiezi/shuowen; 广韵: tshet-uinh 0.15.1; BS2014: digling/cddb Baxter2014/raw/D_ocbs.tsv
見,True,視也。从儿从目。凡見之屬皆从見。,古甸切,晛,4189,亦聲,日見也。从日从見，見亦聲。《詩》曰：“見晛曰消。”,胡甸切,nenH,泥開四先去,rhyme+tone_only,kenH,,not_in_bs,*[k]ˤen-s,mc_match,NA,,说文: shuowenjiezi/shuowen; 广韵: tshet-uinh 0.15.1; BS2014: digling/cddb Baxter2014/raw/D_ocbs.tsv
見,True,視也。从儿从目。凡見之屬皆从見。,古甸切,靦,5668,亦聲,面見也。从面、見，見亦聲。《詩》曰：“有靦面目。”,他典切,thenX,透開四先上,identical_fanqie,kenH,,not_in_bs,*[k]ˤen-s,mc_match,NA,,说文: shuowenjiezi/shuowen; 广韵: tshet-uinh 0.15.1; BS2014: digling/cddb Baxter2014/raw/D_ocbs.tsv
見,True,視也。从儿从目。凡見之屬皆从見。,古甸切,莧,269,聲,莧菜也。从艸見聲。,侯澗切,heanH,匣開二山去,initial_only,kenH,,not_in_bs,*[k]ˤen-s,mc_match,NA,,说文: shuowenjiezi/shuowen; 广韵: tshet-uinh 0.15.1; BS2014: digling/cddb Baxter2014/raw/D_ocbs.tsv
見,True,視也。从儿从目。凡見之屬皆从見。,古甸切,哯,882,聲,不歐而吐也。从口見聲。,胡典切,henX,匣開四先上,identical_fanqie,kenH,,not_in_bs,*[k]ˤen-s,mc_match,NA,,说文: shuowenjiezi/shuowen; 广韵: tshet-uinh 0.15.1; BS2014: digling/cddb Baxter2014/raw/D_ocbs.tsv
見,True,視也。从儿从目。凡見之屬皆从見。,古甸切,䩤,1841,聲,繫牛脛也。从革見聲。,已彳切,xet,曉開四先入,no_match_first_reading,kenH,,not_in_bs,*[k]ˤen-s,mc_match,NA,,说文: shuowenjiezi/shuowen; 广韵: tshet-uinh 0.15.1; BS2014: digling/cddb Baxter2014/raw/D_ocbs.tsv
見,True,視也。从儿从目。凡見之屬皆从見。,古甸切,睍,2108,聲,出目也。从目見聲。,胡典切,henX,匣開四先上,identical_fanqie,kenH,,not_in_bs,*[k]ˤen-s,mc_match,NA,,说文: shuowenjiezi/shuowen; 广韵: tshet-uinh 0.15.1; BS2014: digling/cddb Baxter2014/raw/D_ocbs.tsv
見,True,視也。从儿从目。凡見之屬皆从見。,古甸切,硯,6024,聲,石滑也。从石見聲。,五甸切,ngenH,疑開四先去,initial+rhyme+tone,kenH,*C.[ŋ]ˤe[r]-s,mc_match,*[k]ˤen-s,mc_match,C,"pre,ini,coda;uncertain",说文: shuowenjiezi/shuowen; 广韵: tshet-uinh 0.15.1; BS2014: digling/cddb Baxter2014/raw/D_ocbs.tsv
見,True,視也。从儿从目。凡見之屬皆从見。,古甸切,蜆,8806,聲,縊女也。从虫見聲。,胡典切,henX,匣開四先上,identical_fanqie,kenH,,not_in_bs,*[k]ˤen-s,mc_match,NA,,说文: shuowenjiezi/shuowen; 广韵: tshet-uinh 0.15.1; BS2014: digling/cddb Baxter2014/raw/D_ocbs.tsv
見,True,視也。从儿从目。凡見之屬皆从見。,古甸切,垷,9013,聲,涂也。从土見聲。,胡典切,henX,匣開四先上,identical_fanqie,kenH,,not_in_bs,*[k]ˤen-s,mc_match,NA,,说文: shuowenjiezi/shuowen; 广韵: tshet-uinh 0.15.1; BS2014: digling/cddb Baxter2014/raw/D_ocbs.tsv
豈,True,還師振旅樂也。一曰欲也，登也。从豆，微省聲。凡豈之屬皆从豈。,墟喜切,愷,3078,亦聲,康也。从心、豈，豈亦聲。,苦亥切,khojX,溪開一咍上,identical_fanqie,khj+jX,*C.qʰˤəjʔ,mc_match,*C.qʰəjʔ,mc_match,R,phar,说文: shuowenjiezi/shuowen; 广韵: tshet-uinh 0.15.1; BS2014: digling/cddb Baxter2014/raw/D_ocbs.tsv
豈,True,還師振旅樂也。一曰欲也，登也。从豆，微省聲。凡豈之屬皆从豈。,墟喜切,䔇,259,聲,菜之美者。雲夢之䔇。从艸豈聲。,驅喜切,khj+jX,溪開三C微上,initial_only,khj+jX,,not_in_bs,*C.qʰəjʔ,mc_match,NA,,说文: shuowenjiezi/shuowen; 广韵: tshet-uinh 0.15.1; BS2014: digling/cddb Baxter2014/raw/D_ocbs.tsv
豈,True,還師振旅樂也。一曰欲也，登也。从豆，微省聲。凡豈之屬皆从豈。,墟喜切,䶣,1307,聲,𪙌牙也。从齒豈聲。,五來切,koj,見開一咍平,rhyme+tone_only,khj+jX,,not_in_bs,*C.qʰəjʔ,mc_match,NA,,说文: shuowenjiezi/shuowen; 广韵: tshet-uinh 0.15.1; BS2014: digling/cddb Baxter2014/raw/D_ocbs.tsv
豈,True,還師振旅樂也。一曰欲也，登也。从豆，微省聲。凡豈之屬皆从豈。,墟喜切,敳,2008,聲,有所治也。从攴豈聲。讀若豤。,五來切,ngoj,疑開一咍平,identical_fanqie,khj+jX,,not_in_bs,*C.qʰəjʔ,mc_match,NA,,说文: shuowenjiezi/shuowen; 广韵: tshet-uinh 0.15.1; BS2014: digling/cddb Baxter2014/raw/D_ocbs.tsv
豈,True,還師振旅樂也。一曰欲也，登也。从豆，微省聲。凡豈之屬皆从豈。,墟喜切,㱯,2547,聲,殺羊出其胎也。从歺豈聲。,五來切,ngoj,疑開一咍平,identical_fanqie,khj+jX,,not_in_bs,*C.qʰəjʔ,mc_match,NA,,说文: shuowenjiezi/shuowen; 广韵: tshet-uinh 0.15.1; BS2014: digling/cddb Baxter2014/raw/D_ocbs.tsv
豈,True,還師振旅樂也。一曰欲也，登也。从豆，微省聲。凡豈之屬皆从豈。,墟喜切,剴,2737,聲,大鎌也。一曰摩也。从刀豈聲。,五來切,ngoj,疑開一咍平,identical_fanqie,khj+jX,,not_in_bs,*C.qʰəjʔ,mc_match,NA,,说文: shuowenjiezi/shuowen; 广韵: tshet-uinh 0.15.1; BS2014: digling/cddb Baxter2014/raw/D_ocbs.tsv
豈,True,還師振旅樂也。一曰欲也，登也。从豆，微省聲。凡豈之屬皆从豈。,墟喜切,䭓,3223,聲,䭡䭓也。从食豈聲。,五困切,ngonH,疑開一痕去,initial_only,khj+jX,,not_in_bs,*C.qʰəjʔ,mc_match,NA,,说文: shuowenjiezi/shuowen; 广韵: tshet-uinh 0.15.1; BS2014: digling/cddb Baxter2014/raw/D_ocbs.tsv
豈,True,還師振旅樂也。一曰欲也，登也。从豆，微省聲。凡豈之屬皆从豈。,墟喜切,皚,4913,聲,霜雪之白也。从白豈聲。,五來切,ngoj,疑開一咍平,identical_fanqie,khj+jX,,not_in_bs,*C.qʰəjʔ,mc_match,NA,,说文: shuowenjiezi/shuowen; 广韵: tshet-uinh 0.15.1; BS2014: digling/cddb Baxter2014/raw/D_ocbs.tsv
豈,True,還師振旅樂也。一曰欲也，登也。从豆，微省聲。凡豈之屬皆从豈。,墟喜切,𢼸,5049,省聲,妙也。从人从攴，豈省聲。,無非切,mj+j,明三C微平,identical_fanqie,khj+jX,,not_in_bs,*C.qʰəjʔ,mc_match,NA,,说文: shuowenjiezi/shuowen; 广韵: tshet-uinh 0.15.1; BS2014: digling/cddb Baxter2014/raw/D_ocbs.tsv
豈,True,還師振旅樂也。一曰欲也，登也。从豆，微省聲。凡豈之屬皆从豈。,墟喜切,覬,5479,聲,㰟𡴘也。从見豈聲。,几利切,kijH,見開三B脂去,identical_fanqie,khj+jX,,not_in_bs,*C.qʰəjʔ,mc_match,NA,,说文: shuowenjiezi/shuowen; 广韵: tshet-uinh 0.15.1; BS2014: digling/cddb Baxter2014/raw/D_ocbs.tsv
豈,True,還師振旅樂也。一曰欲也，登也。从豆，微省聲。凡豈之屬皆从豈。,墟喜切,顗,5640,聲,謹莊皃。从頁豈聲。,魚豈切,ngj+jX,疑開三C微上,identical_fanqie,khj+jX,,not_in_bs,*C.qʰəjʔ,mc_match,NA,,说文: shuowenjiezi/shuowen; 广韵: tshet-uinh 0.15.1; BS2014: digling/cddb Baxter2014/raw/D_ocbs.tsv
豈,True,還師振旅樂也。一曰欲也，登也。从豆，微省聲。凡豈之屬皆从豈。,墟喜切,磑,6019,聲,䃺也。从石豈聲。古者公輸班作磑。,五對切,ngwojH,疑合一灰去,identical_fanqie,khj+jX,,not_in_bs,*C.qʰəjʔ,mc_match,NA,,说文: shuowenjiezi/shuowen; 广韵: tshet-uinh 0.15.1; BS2014: digling/cddb Baxter2014/raw/D_ocbs.tsv
豈,True,還師振旅樂也。一曰欲也，登也。从豆，微省聲。凡豈之屬皆从豈。,墟喜切,愷,6684,聲,樂也。从心豈聲。,苦亥切,khojX,溪開一咍上,identical_fanqie,khj+jX,*C.qʰˤəjʔ,mc_match,*C.qʰəjʔ,mc_match,R,phar,说文: shuowenjiezi/shuowen; 广韵: tshet-uinh 0.15.1; BS2014: digling/cddb Baxter2014/raw/D_ocbs.tsv
豈,True,還師振旅樂也。一曰欲也，登也。从豆，微省聲。凡豈之屬皆从豈。,墟喜切,闓,7717,聲,開也。从門豈聲。,苦亥切,khojX,溪開一咍上,identical_fanqie,khj+jX,,not_in_bs,*C.qʰəjʔ,mc_match,NA,,说文: shuowenjiezi/shuowen; 广韵: tshet-uinh 0.15.1; BS2014: digling/cddb Baxter2014/raw/D_ocbs.tsv
豈,True,還師振旅樂也。一曰欲也，登也。从豆，微省聲。凡豈之屬皆从豈。,墟喜切,螘,8792,聲,蚍蜉也。从虫豈聲。,魚綺切,ngjeX,疑開三B支上,initial+rhyme+tone,khj+jX,*m-qʰ(r)ajʔ,mc_match,*C.qʰəjʔ,mc_match,V,"pre,med,v;uncertain",说文: shuowenjiezi/shuowen; 广韵: tshet-uinh 0.15.1; BS2014: digling/cddb Baxter2014/raw/D_ocbs.tsv
豈,True,還師振旅樂也。一曰欲也，登也。从豆，微省聲。凡豈之屬皆从豈。,墟喜切,塏,9070,聲,高燥也。从土豈聲。,苦亥切,khojX,溪開一咍上,identical_fanqie,khj+jX,*C.qʰˤəjʔ,mc_match,*C.qʰəjʔ,mc_match,R,phar,说文: shuowenjiezi/shuowen; 广韵: tshet-uinh 0.15.1; BS2014: digling/cddb Baxter2014/raw/D_ocbs.tsv
豈,True,還師振旅樂也。一曰欲也，登也。从豆，微省聲。凡豈之屬皆从豈。,墟喜切,鎧,9365,聲,甲也。从金豈聲。,苦亥切,khojX,溪開一咍上,identical_fanqie,khj+jX,*C.qʰˤəjʔ,mc_match,*C.qʰəjʔ,mc_match,R,phar,说文: shuowenjiezi/shuowen; 广韵: tshet-uinh 0.15.1; BS2014: digling/cddb Baxter2014/raw/D_ocbs.tsv
豊,True,行禮之器也。从豆，象形。凡豊之屬皆从豊。讀與禮同。,盧啓切,禮,12,亦聲,履也。所以事神致福也。从示从豊，豊亦聲。,靈啓切,lejX,來開四齊上,initial+rhyme+tone,lejX,*[r]ˤijʔ,mc_match,*[r]ˤijʔ,mc_match,I,;uncertain,说文: shuowenjiezi/shuowen; 广韵: tshet-uinh 0.15.1; BS2014: digling/cddb Baxter2014/raw/D_ocbs.tsv
豊,True,行禮之器也。从豆，象形。凡豊之屬皆从豊。讀與禮同。,盧啓切,體,2577,聲,緫十二屬也。从骨豊聲。,他禮切,thejX,透開四齊上,identical_fanqie,lejX,*r̥ˤijʔ,mc_match,*[r]ˤijʔ,mc_match,O,ini;uncertain,说文: shuowenjiezi/shuowen; 广韵: tshet-uinh 0.15.1; BS2014: digling/cddb Baxter2014/raw/D_ocbs.tsv
豊,True,行禮之器也。从豆，象形。凡豊之屬皆从豊。讀與禮同。,盧啓切,澧,7019,聲,水。出南陽雉衡山，東入汝。从水豊聲。,盧啓切,lejX,來開四齊上,identical_fanqie,lejX,,not_in_bs,*[r]ˤijʔ,mc_match,NA,,说文: shuowenjiezi/shuowen; 广韵: tshet-uinh 0.15.1; BS2014: digling/cddb Baxter2014/raw/D_ocbs.tsv
豊,True,行禮之器也。从豆，象形。凡豊之屬皆从豊。讀與禮同。,盧啓切,鱧,7578,聲,鳠也。从魚豊聲。,盧啓切,lejX,來開四齊上,identical_fanqie,lejX,,not_in_bs,*[r]ˤijʔ,mc_match,NA,,说文: shuowenjiezi/shuowen; 广韵: tshet-uinh 0.15.1; BS2014: digling/cddb Baxter2014/raw/D_ocbs.tsv
豊,True,行禮之器也。从豆，象形。凡豊之屬皆从豊。讀與禮同。,盧啓切,醴,9768,聲,酒一宿孰也。从酉豊聲。,盧啟切,lejX,來開四齊上,initial_only,lejX,,not_in_bs,*[r]ˤijʔ,mc_match,NA,,说文: shuowenjiezi/shuowen; 广韵: tshet-uinh 0.15.1; BS2014: digling/cddb Baxter2014/raw/D_ocbs.tsv
象,True,長鼻牙，南越大獸，三秊一乳，象耳牙四足之形。凡象之屬皆从象。,徐兩切,像,5157,亦聲,象也。从人从象，象亦聲。讀若養。,徐兩切,zjangX,邪開三陽上,identical_fanqie,zjangX,*s.[d]aŋʔ,mc_match,*s.[d]aŋʔ,mc_match,I,;uncertain,说文: shuowenjiezi/shuowen; 广韵: tshet-uinh 0.15.1; BS2014: digling/cddb Baxter2014/raw/D_ocbs.tsv
象,True,長鼻牙，南越大獸，三秊一乳，象耳牙四足之形。凡象之屬皆从象。,徐兩切,羋,2324,聲,羊鳴也。从羊，象聲气上出。與牟同意。,緜婢切,mjieX,明三A支上,initial+rhyme+tone,zjangX,,not_in_bs,*s.[d]aŋʔ,mc_match,NA,,说文: shuowenjiezi/shuowen; 广韵: tshet-uinh 0.15.1; BS2014: digling/cddb Baxter2014/raw/D_ocbs.tsv
象,True,長鼻牙，南越大獸，三秊一乳，象耳牙四足之形。凡象之屬皆从象。,徐兩切,乎,3049,聲,語之餘也。从兮，象聲上越揚之形也。,戶吳切,hu,匣一模平,identical_fanqie,zjangX,*ɢˤa,mc_match,*s.[d]aŋʔ,mc_match,C,"pre,ini,phar,coda,suf;uncertain",说文: shuowenjiezi/shuowen; 广韵: tshet-uinh 0.15.1; BS2014: digling/cddb Baxter2014/raw/D_ocbs.tsv
象,True,長鼻牙，南越大獸，三秊一乳，象耳牙四足之形。凡象之屬皆从象。,徐兩切,𩞧,3209,聲,晝食也。从食象聲。,書兩切,syangX,書開三陽上,identical_fanqie,zjangX,,not_in_bs,*s.[d]aŋʔ,mc_match,NA,,说文: shuowenjiezi/shuowen; 广韵: tshet-uinh 0.15.1; BS2014: digling/cddb Baxter2014/raw/D_ocbs.tsv
象,True,長鼻牙，南越大獸，三秊一乳，象耳牙四足之形。凡象之屬皆从象。,徐兩切,襐,5301,聲,飾也。从衣象聲。,徐兩切,zjangX,邪開三陽上,identical_fanqie,zjangX,,not_in_bs,*s.[d]aŋʔ,mc_match,NA,,说文: shuowenjiezi/shuowen; 广韵: tshet-uinh 0.15.1; BS2014: digling/cddb Baxter2014/raw/D_ocbs.tsv
象,True,長鼻牙，南越大獸，三秊一乳，象耳牙四足之形。凡象之屬皆从象。,徐兩切,𢠽,6801,聲,放也。从心象聲。,徒朗切,dangX,定開一唐上,identical_fanqie,zjangX,,not_in_bs,*s.[d]aŋʔ,mc_match,NA,,说文: shuowenjiezi/shuowen; 广韵: tshet-uinh 0.15.1; BS2014: digling/cddb Baxter2014/raw/D_ocbs.tsv
象,True,長鼻牙，南越大獸，三秊一乳，象耳牙四足之形。凡象之屬皆从象。,徐兩切,潒,7107,聲,水潒瀁也。从水象聲。讀若蕩。,徒朗切,dangX,定開一唐上,identical_fanqie,zjangX,,not_in_bs,*s.[d]aŋʔ,mc_match,NA,,说文: shuowenjiezi/shuowen; 广韵: tshet-uinh 0.15.1; BS2014: digling/cddb Baxter2014/raw/D_ocbs.tsv
象,True,長鼻牙，南越大獸，三秊一乳，象耳牙四足之形。凡象之屬皆从象。,徐兩切,勨,9185,聲,繇緩也。从力象聲。,余兩切,yangX,以開三陽上,initial+rhyme+tone,zjangX,,not_in_bs,*s.[d]aŋʔ,mc_match,NA,,说文: shuowenjiezi/shuowen; 广韵: tshet-uinh 0.15.1; BS2014: digling/cddb Baxter2014/raw/D_ocbs.tsv
責,True,求也。从貝朿聲。,側革切,債,5181,亦聲,債負也。从人、責，責亦聲。,側賣切,tsreaH,莊開二佳去,identical_fanqie,tsreak,*s-tˤrek-s,mc_match,*s-tˤrek,mc_match,R,suf,说文: shuowenjiezi/shuowen; 广韵: tshet-uinh 0.15.1; BS2014: digling/cddb Baxter2014/raw/D_ocbs.tsv
責,True,求也。从貝朿聲。,側革切,嘖,914,聲,大呼也。从口責聲。,士革切,dzreak,崇開二耕入,identical_fanqie,tsreak,,not_in_bs,*s-tˤrek,mc_match,NA,,说文: shuowenjiezi/shuowen; 广韵: tshet-uinh 0.15.1; BS2014: digling/cddb Baxter2014/raw/D_ocbs.tsv
責,True,求也。从貝朿聲。,側革切,䶦,1280,聲,齒相值也。一曰齧也。从齒責聲。《春秋傳》曰：“晳䶦。”,士革切,tsrheak,初開二耕入,rhyme+tone_only,tsreak,,not_in_bs,*s-tˤrek,mc_match,NA,,说文: shuowenjiezi/shuowen; 广韵: tshet-uinh 0.15.1; BS2014: digling/cddb Baxter2014/raw/D_ocbs.tsv
責,True,求也。从貝朿聲。,側革切,𦎸,2342,聲,䍴𦎸也。从羊責聲。,子賜切,tsjeH,精開三支去,initial+rhyme+tone,tsreak,,not_in_bs,*s-tˤrek,mc_match,NA,,说文: shuowenjiezi/shuowen; 广韵: tshet-uinh 0.15.1; BS2014: digling/cddb Baxter2014/raw/D_ocbs.tsv
責,True,求也。从貝朿聲。,側革切,簀,2897,聲,牀棧也。从竹責聲。,阻厄切,tsreak,莊開二耕入,initial+rhyme+tone,tsreak,,not_in_bs,*s-tˤrek,mc_match,NA,,说文: shuowenjiezi/shuowen; 广韵: tshet-uinh 0.15.1; BS2014: digling/cddb Baxter2014/raw/D_ocbs.tsv
責,True,求也。从貝朿聲。,側革切,積,4401,聲,聚也。从禾責聲。,則歴切,tsjeH,精開三支去,initial_only,tsreak,*[ts]ek,single_reading,*s-tˤrek,mc_match,O,"pre,ini,phar,med;uncertain",说文: shuowenjiezi/shuowen; 广韵: tshet-uinh 0.15.1; BS2014: digling/cddb Baxter2014/raw/D_ocbs.tsv
責,True,求也。从貝朿聲。,側革切,幘,4844,聲,髮有巾曰幘。从巾責聲。,側革切,tsreak,莊開二耕入,identical_fanqie,tsreak,,not_in_bs,*s-tˤrek,mc_match,NA,,说文: shuowenjiezi/shuowen; 广韵: tshet-uinh 0.15.1; BS2014: digling/cddb Baxter2014/raw/D_ocbs.tsv
責,True,求也。从貝朿聲。,側革切,磧,5991,聲,水陼有石者。从石責聲。,七迹切,tshjek,清開三清入,identical_fanqie,tsreak,,not_in_bs,*s-tˤrek,mc_match,NA,,说文: shuowenjiezi/shuowen; 广韵: tshet-uinh 0.15.1; BS2014: digling/cddb Baxter2014/raw/D_ocbs.tsv
責,True,求也。从貝朿聲。,側革切,漬,7288,聲,漚也。从水責聲。,前智切,dzjeH,從開三支去,initial+rhyme+tone,tsreak,,not_in_bs,*s-tˤrek,mc_match,NA,,说文: shuowenjiezi/shuowen; 广韵: tshet-uinh 0.15.1; BS2014: digling/cddb Baxter2014/raw/D_ocbs.tsv
責,True,求也。从貝朿聲。,側革切,嫧,8204,聲,齊也。从女責聲。,側革切,tsreak,莊開二耕入,identical_fanqie,tsreak,,not_in_bs,*s-tˤrek,mc_match,NA,,说文: shuowenjiezi/shuowen; 广韵: tshet-uinh 0.15.1; BS2014: digling/cddb Baxter2014/raw/D_ocbs.tsv
責,True,求也。从貝朿聲。,側革切,績,8693,聲,緝也。从糸責聲。,則歴切,tsek,精開四青入,initial_only,tsreak,*[ts]ˤek,mc_match,*s-tˤrek,mc_match,O,"pre,ini,med;uncertain",说文: shuowenjiezi/shuowen; 广韵: tshet-uinh 0.15.1; BS2014: digling/cddb Baxter2014/raw/D_ocbs.tsv
貸,True,施也。从貝代聲。,他代切,蟘,8764,亦聲,蟲，食苗葉者。吏乞貸則生蟘。从虫从貸，貸亦聲。《詩》曰：“去其螟蟘。”,徒得切,,,none,thojH,,not_in_bs,*l̥ˤək-s,mc_match,NA,,说文: shuowenjiezi/shuowen; 广韵: tshet-uinh 0.15.1; BS2014: digling/cddb Baxter2014/raw/D_ocbs.tsv
賈,True,賈市也。从貝襾聲。一曰坐賣售也。,公戶切,價,5182,亦聲,物直也。从人、賈，賈亦聲。,古訝切,kaeH,見開二麻去,identical_fanqie,kuX,*C.qˤ<r>aʔ-s,mc_match,*C.qˤaʔ,mc_match,R,"med,suf",说文: shuowenjiezi/shuowen; 广韵: tshet-uinh 0.15.1; BS2014: digling/cddb Baxter2014/raw/D_ocbs.tsv
賈,True,賈市也。从貝襾聲。一曰坐賣售也。,公戶切,檟,3444,聲,楸也。从木賈聲。《春秋傳》曰：“樹六檟於蒲圃。”,古雅切,kaeX,見開二麻上,initial+rhyme+tone,kuX,,not_in_bs,*C.qˤaʔ,mc_match,NA,,说文: shuowenjiezi/shuowen; 广韵: tshet-uinh 0.15.1; BS2014: digling/cddb Baxter2014/raw/D_ocbs.tsv
賓,True,所敬也。从貝𡧍聲。,必鄰切,殯,2533,亦聲,死在棺，將遷葬柩，賓遇之。从歺从賓，賓亦聲。夏后殯於阼階，殷人殯於兩楹之閒，周人殯於賓階。,必刃切,pjinH,幫三A真去,identical_fanqie,pjin,,not_in_bs,*pi[n],mc_match,NA,,说文: shuowenjiezi/shuowen; 广韵: tshet-uinh 0.15.1; BS2014: digling/cddb Baxter2014/raw/D_ocbs.tsv
賓,True,所敬也。从貝𡧍聲。,必鄰切,薲,281,聲,大蓱也。从艸賓聲。,符眞切,bjin,並三A真平,initial_only,pjin,,not_in_bs,*pi[n],mc_match,NA,,说文: shuowenjiezi/shuowen; 广韵: tshet-uinh 0.15.1; BS2014: digling/cddb Baxter2014/raw/D_ocbs.tsv
賓,True,所敬也。从貝𡧍聲。,必鄰切,𩰗,1891,省聲,鬭也。从鬥，賓省聲。讀若賓。,匹賓切,phjinH,滂三A真去,initial_only,pjin,,not_in_bs,*pi[n],mc_match,NA,,说文: shuowenjiezi/shuowen; 广韵: tshet-uinh 0.15.1; BS2014: digling/cddb Baxter2014/raw/D_ocbs.tsv
賓,True,所敬也。从貝𡧍聲。,必鄰切,矉,2143,聲,恨張目也。从目賓聲。《詩》曰：“國步斯矉。”,符眞切,pjin,幫三A真平,no_match_first_reading,pjin,,not_in_bs,*pi[n],mc_match,NA,,说文: shuowenjiezi/shuowen; 广韵: tshet-uinh 0.15.1; BS2014: digling/cddb Baxter2014/raw/D_ocbs.tsv
賓,True,所敬也。从貝𡧍聲。,必鄰切,髕,2569,聲,厀耑也。从骨賓聲。,毗忍切,bjinX,並三A真上,identical_fanqie,pjin,,not_in_bs,*pi[n],mc_match,NA,,说文: shuowenjiezi/shuowen; 广韵: tshet-uinh 0.15.1; BS2014: digling/cddb Baxter2014/raw/D_ocbs.tsv
賓,True,所敬也。从貝𡧍聲。,必鄰切,儐,5008,聲,導也。从人賓聲。,必刃切,pjinH,幫三A真去,identical_fanqie,pjin,,not_in_bs,*pi[n],mc_match,NA,,说文: shuowenjiezi/shuowen; 广韵: tshet-uinh 0.15.1; BS2014: digling/cddb Baxter2014/raw/D_ocbs.tsv
賓,True,所敬也。从貝𡧍聲。,必鄰切,䚔,5473,聲,暫見也。从見賓聲。,必刃切,pjinH,幫三A真去,identical_fanqie,pjin,,not_in_bs,*pi[n],mc_match,NA,,说文: shuowenjiezi/shuowen; 广韵: tshet-uinh 0.15.1; BS2014: digling/cddb Baxter2014/raw/D_ocbs.tsv
賓,True,所敬也。从貝𡧍聲。,必鄰切,鬢,5701,聲,頰髮也。从髟賓聲。,必刃切,pjinH,幫三A真去,identical_fanqie,pjin,,not_in_bs,*pi[n],mc_match,NA,,说文: shuowenjiezi/shuowen; 广韵: tshet-uinh 0.15.1; BS2014: digling/cddb Baxter2014/raw/D_ocbs.tsv
賓,True,所敬也。从貝𡧍聲。,必鄰切,𩴱,5805,聲,鬼皃。从鬼賓聲。,符眞切,bjin,並三A真平,initial_only,pjin,,not_in_bs,*pi[n],mc_match,NA,,说文: shuowenjiezi/shuowen; 广韵: tshet-uinh 0.15.1; BS2014: digling/cddb Baxter2014/raw/D_ocbs.tsv
賓,True,所敬也。从貝𡧍聲。,必鄰切,嬪,8207,聲,服也。从女賓聲。,符眞切,bjin,並三A真平,initial_only,pjin,,not_in_bs,*pi[n],mc_match,NA,,说文: shuowenjiezi/shuowen; 广韵: tshet-uinh 0.15.1; BS2014: digling/cddb Baxter2014/raw/D_ocbs.tsv
辰,True,震也。三月，陽气動，靁電振，民農時也。物皆生，从乙、匕，象芒達；厂，聲也。辰，房星，天時也。从二，二，古文上字。凡辰之屬皆从辰。,植鄰切,䢅,1778,亦聲,早昧爽也。从𦥑从辰。辰，時也。辰亦聲。𠃨夕爲𡖊，臼辰爲䢅，皆同意。凡䢅之屬皆从䢅。,食鄰切,dzyin,常開三真平,rhyme+tone_only,dzyin,,not_in_bs,*[d]ər,mc_match,NA,,说文: shuowenjiezi/shuowen; 广韵: tshet-uinh 0.15.1; BS2014: digling/cddb Baxter2014/raw/D_ocbs.tsv
辰,True,震也。三月，陽气動，靁電振，民農時也。物皆生，从乙、匕，象芒達；厂，聲也。辰，房星，天時也。从二，二，古文上字。凡辰之屬皆从辰。,植鄰切,䢈,3261,亦聲,日月合宿从辰。从會从辰，辰亦聲。,植鄰切,hwajH,匣合一泰去,no_match_first_reading,dzyin,,not_in_bs,*[d]ər,mc_match,NA,,说文: shuowenjiezi/shuowen; 广韵: tshet-uinh 0.15.1; BS2014: digling/cddb Baxter2014/raw/D_ocbs.tsv
辰,True,震也。三月，陽气動，靁電振，民農時也。物皆生，从乙、匕，象芒達；厂，聲也。辰，房星，天時也。从二，二，古文上字。凡辰之屬皆从辰。,植鄰切,祳,60,聲,社肉，盛以蜃，故謂之祳。天子所以親遺同姓。从示辰聲。《春秋傳》曰：“石尚來歸祳。”,時忍切,dzyinX,常開三真上,identical_fanqie,dzyin,,not_in_bs,*[d]ər,mc_match,NA,,说文: shuowenjiezi/shuowen; 广韵: tshet-uinh 0.15.1; BS2014: digling/cddb Baxter2014/raw/D_ocbs.tsv
辰,True,震也。三月，陽气動，靁電振，民農時也。物皆生，从乙、匕，象芒達；厂，聲也。辰，房星，天時也。从二，二，古文上字。凡辰之屬皆从辰。,植鄰切,唇,911,聲,驚也。从口辰聲。,側鄰切,tsyin,章開三真平,rhyme+tone_only,dzyin,,not_in_bs,*[d]ər,mc_match,NA,,说文: shuowenjiezi/shuowen; 广韵: tshet-uinh 0.15.1; BS2014: digling/cddb Baxter2014/raw/D_ocbs.tsv
辰,True,震也。三月，陽气動，靁電振，民農時也。物皆生，从乙、匕，象芒達；厂，聲也。辰，房星，天時也。从二，二，古文上字。凡辰之屬皆从辰。,植鄰切,䟴,1370,聲,動也。从足辰聲。,側鄰切,tsyinH,章開三真去,no_match_first_reading,dzyin,,not_in_bs,*[d]ər,mc_match,NA,,说文: shuowenjiezi/shuowen; 广韵: tshet-uinh 0.15.1; BS2014: digling/cddb Baxter2014/raw/D_ocbs.tsv
辰,True,震也。三月，陽气動，靁電振，民農時也。物皆生，从乙、匕，象芒達；厂，聲也。辰，房星，天時也。从二，二，古文上字。凡辰之屬皆从辰。,植鄰切,脣,2592,聲,口耑也。从肉辰聲。,食倫切,zywin,船合三真平,identical_fanqie,dzyin,*sə.dur,mc_match,*[d]ər,mc_match,V,"pre,v;uncertain",说文: shuowenjiezi/shuowen; 广韵: tshet-uinh 0.15.1; BS2014: digling/cddb Baxter2014/raw/D_ocbs.tsv
辰,True,震也。三月，陽气動，靁電振，民農時也。物皆生，从乙、匕，象芒達；厂，聲也。辰，房星，天時也。从二，二，古文上字。凡辰之屬皆从辰。,植鄰切,賑,3926,聲,富也。从貝辰聲。,之忍切,tsyinX,章開三真上,initial+rhyme+tone,dzyin,,not_in_bs,*[d]ər,mc_match,NA,,说文: shuowenjiezi/shuowen; 广韵: tshet-uinh 0.15.1; BS2014: digling/cddb Baxter2014/raw/D_ocbs.tsv
辰,True,震也。三月，陽气動，靁電振，民農時也。物皆生，从乙、匕，象芒達；厂，聲也。辰，房星，天時也。从二，二，古文上字。凡辰之屬皆从辰。,植鄰切,曟,4289,聲,房星；爲民田時者。从晶辰聲。,植鄰切,,,none,dzyin,,not_in_bs,*[d]ər,mc_match,NA,,说文: shuowenjiezi/shuowen; 广韵: tshet-uinh 0.15.1; BS2014: digling/cddb Baxter2014/raw/D_ocbs.tsv
辰,True,震也。三月，陽气動，靁電振，民農時也。物皆生，从乙、匕，象芒達；厂，聲也。辰，房星，天時也。从二，二，古文上字。凡辰之屬皆从辰。,植鄰切,宸,4544,聲,屋宇也。从宀辰聲。,植鄰切,dzyin,常開三真平,identical_fanqie,dzyin,,not_in_bs,*[d]ər,mc_match,NA,,说文: shuowenjiezi/shuowen; 广韵: tshet-uinh 0.15.1; BS2014: digling/cddb Baxter2014/raw/D_ocbs.tsv
辰,True,震也。三月，陽气動，靁電振，民農時也。物皆生，从乙、匕，象芒達；厂，聲也。辰，房星，天時也。从二，二，古文上字。凡辰之屬皆从辰。,植鄰切,侲,5172,聲,僮子也。从人辰聲。,章刃切,tsyinH,章開三真去,identical_fanqie,dzyin,,not_in_bs,*[d]ər,mc_match,NA,,说文: shuowenjiezi/shuowen; 广韵: tshet-uinh 0.15.1; BS2014: digling/cddb Baxter2014/raw/D_ocbs.tsv
辰,True,震也。三月，陽气動，靁電振，民農時也。物皆生，从乙、匕，象芒達；厂，聲也。辰，房星，天時也。从二，二，古文上字。凡辰之屬皆从辰。,植鄰切,屒,5390,聲,伏皃。从尸辰聲。一曰屋宇。,珍忍切,trinX,知開三真上,identical_fanqie,dzyin,,not_in_bs,*[d]ər,mc_match,NA,,说文: shuowenjiezi/shuowen; 广韵: tshet-uinh 0.15.1; BS2014: digling/cddb Baxter2014/raw/D_ocbs.tsv
辰,True,震也。三月，陽气動，靁電振，民農時也。物皆生，从乙、匕，象芒達；厂，聲也。辰，房星，天時也。从二，二，古文上字。凡辰之屬皆从辰。,植鄰切,㰮,5541,聲,指而笑也。从欠辰聲。讀若蜃。,時忍切,dzyinX,常開三真上,identical_fanqie,dzyin,,not_in_bs,*[d]ər,mc_match,NA,,说文: shuowenjiezi/shuowen; 广韵: tshet-uinh 0.15.1; BS2014: digling/cddb Baxter2014/raw/D_ocbs.tsv
辰,True,震也。三月，陽气動，靁電振，民農時也。物皆生，从乙、匕，象芒達；厂，聲也。辰，房星，天時也。从二，二，古文上字。凡辰之屬皆从辰。,植鄰切,麎,6240,聲,牝麋也。从鹿辰聲。,植鄰切,dzyin,常開三真平,identical_fanqie,dzyin,,not_in_bs,*[d]ər,mc_match,NA,,说文: shuowenjiezi/shuowen; 广韵: tshet-uinh 0.15.1; BS2014: digling/cddb Baxter2014/raw/D_ocbs.tsv
辰,True,震也。三月，陽气動，靁電振，民農時也。物皆生，从乙、匕，象芒達；厂，聲也。辰，房星，天時也。从二，二，古文上字。凡辰之屬皆从辰。,植鄰切,震,7493,聲,劈歴，振物者。从雨辰聲。《春秋傳》曰：“震夷伯之廟。”,章刃切,tsyinH,章開三真去,identical_fanqie,dzyin,*tər-s,mc_match,*[d]ər,mc_match,O,"ini,suf;uncertain",说文: shuowenjiezi/shuowen; 广韵: tshet-uinh 0.15.1; BS2014: digling/cddb Baxter2014/raw/D_ocbs.tsv
辰,True,震也。三月，陽气動，靁電振，民農時也。物皆生，从乙、匕，象芒達；厂，聲也。辰，房星，天時也。从二，二，古文上字。凡辰之屬皆从辰。,植鄰切,振,7923,聲,舉救也。从手辰聲。一曰奮也。,章刃切,tsyinH,章開三真去,identical_fanqie,dzyin,*tər-s,mc_match,*[d]ər,mc_match,O,"ini,suf;uncertain",说文: shuowenjiezi/shuowen; 广韵: tshet-uinh 0.15.1; BS2014: digling/cddb Baxter2014/raw/D_ocbs.tsv
辰,True,震也。三月，陽气動，靁電振，民農時也。物皆生，从乙、匕，象芒達；厂，聲也。辰，房星，天時也。从二，二，古文上字。凡辰之屬皆从辰。,植鄰切,娠,8094,聲,女妊身動也。从女辰聲。《春秋傳》曰：“后緡方娠。”一曰宮婢女隸謂之娠。,失人切,syin,書開三真平,identical_fanqie,dzyin,*s-tər,mc_match,*[d]ər,mc_match,O,"pre,ini;uncertain",说文: shuowenjiezi/shuowen; 广韵: tshet-uinh 0.15.1; BS2014: digling/cddb Baxter2014/raw/D_ocbs.tsv
辰,True,震也。三月，陽气動，靁電振，民農時也。物皆生，从乙、匕，象芒達；厂，聲也。辰，房星，天時也。从二，二，古文上字。凡辰之屬皆从辰。,植鄰切,蜃,8856,聲,雉入海，化爲蜃。从虫辰聲。,時忍切,dzyinX,常開三真上,identical_fanqie,dzyin,*[d]ərʔ,mc_match,*[d]ər,mc_match,R,suf;uncertain,说文: shuowenjiezi/shuowen; 广韵: tshet-uinh 0.15.1; BS2014: digling/cddb Baxter2014/raw/D_ocbs.tsv
辰,True,震也。三月，陽气動，靁電振，民農時也。物皆生，从乙、匕，象芒達；厂，聲也。辰，房星，天時也。从二，二，古文上字。凡辰之屬皆从辰。,植鄰切,陙,9660,聲,水𨸏也。从𨸏辰聲。,食倫切,dzywin,常合三真平,rhyme+tone_only,dzyin,,not_in_bs,*[d]ər,mc_match,NA,,说文: shuowenjiezi/shuowen; 广韵: tshet-uinh 0.15.1; BS2014: digling/cddb Baxter2014/raw/D_ocbs.tsv
辵,True,乍行乍止也。从彳从止。凡辵之屬皆从辵。讀若《春秋公羊傳》曰“辵階而走”。,丑略切,迹,1092,亦聲,步處也。从辵亦聲。,資昔切,tsjek,精開三清入,identical_fanqie,trhjak,*[ts]ek,mc_match,,not_in_bs,NA,,说文: shuowenjiezi/shuowen; 广韵: tshet-uinh 0.15.1; BS2014: digling/cddb Baxter2014/raw/D_ocbs.tsv
迷,True,或也。从辵米聲。,莫兮切,謎,1724,亦聲,隱語也。从言、迷，迷亦聲。,莫計切,mejH,明四齊去,identical_fanqie,mej,,not_in_bs,*mˤij,mc_match,NA,,说文: shuowenjiezi/shuowen; 广韵: tshet-uinh 0.15.1; BS2014: digling/cddb Baxter2014/raw/D_ocbs.tsv
鄉,False,,,饗,3218,亦聲,鄉人飲酒也。从食从鄉，鄉亦聲。,許兩切,xjangX,曉開三C陽上,identical_fanqie,xjang,*qʰaŋʔ,mc_match,*qʰaŋ,mc_match,R,suf,说文: shuowenjiezi/shuowen; 广韵: tshet-uinh 0.15.1; BS2014: digling/cddb Baxter2014/raw/D_ocbs.tsv
鄉,False,,,薌,694,聲,榖气也。从艸鄉聲。,許良切,xjang,曉開三C陽平,identical_fanqie,xjang,*qʰaŋ,mc_match,*qʰaŋ,mc_match,I,,说文: shuowenjiezi/shuowen; 广韵: tshet-uinh 0.15.1; BS2014: digling/cddb Baxter2014/raw/D_ocbs.tsv
鄉,False,,,響,1732,聲,聲也。从音鄉聲。,許兩切,xjangX,曉開三C陽上,identical_fanqie,xjang,*qʰaŋʔ,mc_match,*qʰaŋ,mc_match,R,suf,说文: shuowenjiezi/shuowen; 广韵: tshet-uinh 0.15.1; BS2014: digling/cddb Baxter2014/raw/D_ocbs.tsv
鄉,False,,,曏,4212,聲,不久也。从日鄉聲。《春秋傳》曰：“曏役之三月。”,許兩切,xjangX,曉開三C陽上,identical_fanqie,xjang,*n̥aŋʔ,mc_match,*qʰaŋ,mc_match,O2,"ini,suf",说文: shuowenjiezi/shuowen; 广韵: tshet-uinh 0.15.1; BS2014: digling/cddb Baxter2014/raw/D_ocbs.tsv
鄉,False,,,蠁,8749,聲,知聲蟲也。从虫鄉聲。,許兩切,xjangX,曉開三C陽上,identical_fanqie,xjang,,not_in_bs,*qʰaŋ,mc_match,NA,,说文: shuowenjiezi/shuowen; 广韵: tshet-uinh 0.15.1; BS2014: digling/cddb Baxter2014/raw/D_ocbs.tsv
酉,True,就也。八月黍成，可爲酎酒。象古文酉之形。凡酉之屬皆从酉。,與久切,酒,9758,亦聲,就也，所以就人性之善惡。从水从酉，酉亦聲。一曰造也，吉凶所造也。 古者儀狄作酒醪，禹嘗之而美，遂䟽儀狄。杜康作秫酒。,子酉切,tsjuwX,精三尤上,identical_fanqie,yuwX,*tsuʔ,mc_match,*N-ruʔ,mc_match,O,"pre,ini",说文: shuowenjiezi/shuowen; 广韵: tshet-uinh 0.15.1; BS2014: digling/cddb Baxter2014/raw/D_ocbs.tsv
酉,True,就也。八月黍成，可爲酎酒。象古文酉之形。凡酉之屬皆从酉。,與久切,逎,1178,聲,迫也。从辵酉聲。,字秋切,tsjuw,精三尤平,rhyme+tone_only,yuwX,,not_in_bs,*N-ruʔ,mc_match,NA,,说文: shuowenjiezi/shuowen; 广韵: tshet-uinh 0.15.1; BS2014: digling/cddb Baxter2014/raw/D_ocbs.tsv
酉,True,就也。八月黍成，可爲酎酒。象古文酉之形。凡酉之屬皆从酉。,與久切,𤍕,3798,聲,積火燎之也。从木从火，酉聲。《詩》曰：“薪之槱之。”《周禮》：“以槱燎祠司中、司命。”,余救切,,,none,yuwX,,not_in_bs,*N-ruʔ,mc_match,NA,,说文: shuowenjiezi/shuowen; 广韵: tshet-uinh 0.15.1; BS2014: digling/cddb Baxter2014/raw/D_ocbs.tsv
酉,True,就也。八月黍成，可爲酎酒。象古文酉之形。凡酉之屬皆从酉。,與久切,醜,5806,聲,可惡也。从鬼酉聲。,昌九切,tsyhuwX,昌三尤上,identical_fanqie,yuwX,*t.qʰuʔ,mc_match,*N-ruʔ,mc_match,O2,"pre,ini",说文: shuowenjiezi/shuowen; 广韵: tshet-uinh 0.15.1; BS2014: digling/cddb Baxter2014/raw/D_ocbs.tsv
酉,True,就也。八月黍成，可爲酎酒。象古文酉之形。凡酉之屬皆从酉。,與久切,庮,5933,聲,久屋朽木。从广酉聲。《周禮》曰：“牛夜鳴則𢉷。”臭如朽木。,與久切,yuwX,以三尤上,identical_fanqie,yuwX,,not_in_bs,*N-ruʔ,mc_match,NA,,说文: shuowenjiezi/shuowen; 广韵: tshet-uinh 0.15.1; BS2014: digling/cddb Baxter2014/raw/D_ocbs.tsv
音,True,聲也。生於心，有節於外，謂之音。宮商角徵羽，聲；絲竹金石匏土革木，音也。从言含一。凡音之屬皆从音。,於今切,𤟟,6283,亦聲,竇中犬聲。从犬从音，音亦聲。,乙咸切,'eam,影開二咸平,identical_fanqie,'im,,not_in_bs,*[q](r)əm,mc_match,NA,,说文: shuowenjiezi/shuowen; 广韵: tshet-uinh 0.15.1; BS2014: digling/cddb Baxter2014/raw/D_ocbs.tsv
音,True,聲也。生於心，有節於外，謂之音。宮商角徵羽，聲；絲竹金石匏土革木，音也。从言含一。凡音之屬皆从音。,於今切,喑,798,聲,宋齊謂兒泣不止曰喑。从口音聲。,於今切,'im,影開三B侵平,initial+rhyme+tone,'im,,not_in_bs,*[q](r)əm,mc_match,NA,,说文: shuowenjiezi/shuowen; 广韵: tshet-uinh 0.15.1; BS2014: digling/cddb Baxter2014/raw/D_ocbs.tsv
音,True,聲也。生於心，有節於外，謂之音。宮商角徵羽，聲；絲竹金石匏土革木，音也。从言含一。凡音之屬皆从音。,於今切,諳,1707,聲,悉也。从言音聲。,烏含切,'om,影開一覃平,identical_fanqie,'im,,not_in_bs,*[q](r)əm,mc_match,NA,,说文: shuowenjiezi/shuowen; 广韵: tshet-uinh 0.15.1; BS2014: digling/cddb Baxter2014/raw/D_ocbs.tsv
音,True,聲也。生於心，有節於外，謂之音。宮商角徵羽，聲；絲竹金石匏土革木，音也。从言含一。凡音之屬皆从音。,於今切,暗,4205,聲,日無光也。从日音聲。,烏紺切,'omH,影開一覃去,identical_fanqie,'im,*qˤum-s,mc_match,*[q](r)əm,mc_match,V,"phar,med,v,suf;uncertain",说文: shuowenjiezi/shuowen; 广韵: tshet-uinh 0.15.1; BS2014: digling/cddb Baxter2014/raw/D_ocbs.tsv
音,True,聲也。生於心，有節於外，謂之音。宮商角徵羽，聲；絲竹金石匏土革木，音也。从言含一。凡音之屬皆从音。,於今切,窨,4614,聲,地室。从穴音聲。,於禁切,'imH,影開三B侵去,identical_fanqie,'im,,not_in_bs,*[q](r)əm,mc_match,NA,,说文: shuowenjiezi/shuowen; 广韵: tshet-uinh 0.15.1; BS2014: digling/cddb Baxter2014/raw/D_ocbs.tsv
音,True,聲也。生於心，有節於外，謂之音。宮商角徵羽，聲；絲竹金石匏土革木，音也。从言含一。凡音之屬皆从音。,於今切,瘖,4702,聲,不能言也。从疒音聲。,於今切,'im,影開三B侵平,initial+rhyme+tone,'im,,not_in_bs,*[q](r)əm,mc_match,NA,,说文: shuowenjiezi/shuowen; 广韵: tshet-uinh 0.15.1; BS2014: digling/cddb Baxter2014/raw/D_ocbs.tsv
音,True,聲也。生於心，有節於外，謂之音。宮商角徵羽，聲；絲竹金石匏土革木，音也。从言含一。凡音之屬皆从音。,於今切,罯,4821,聲,覆也。从网音聲。,烏感切,'omX,影開一覃上,identical_fanqie,'im,,not_in_bs,*[q](r)əm,mc_match,NA,,说文: shuowenjiezi/shuowen; 广韵: tshet-uinh 0.15.1; BS2014: digling/cddb Baxter2014/raw/D_ocbs.tsv
音,True,聲也。生於心，有節於外，謂之音。宮商角徵羽，聲；絲竹金石匏土革木，音也。从言含一。凡音之屬皆从音。,於今切,歆,5561,聲,神食气也。从欠音聲。,許今切,xim,曉開三B侵平,initial+rhyme+tone,'im,*[qʰ](r)əm,mc_match,*[q](r)əm,mc_match,O,ini;uncertain,说文: shuowenjiezi/shuowen; 广韵: tshet-uinh 0.15.1; BS2014: digling/cddb Baxter2014/raw/D_ocbs.tsv
音,True,聲也。生於心，有節於外，謂之音。宮商角徵羽，聲；絲竹金石匏土革木，音也。从言含一。凡音之屬皆从音。,於今切,黯,6511,聲,深黑也。从黑音聲。,乙減切,'eamX,影開二咸上,identical_fanqie,'im,,not_in_bs,*[q](r)əm,mc_match,NA,,说文: shuowenjiezi/shuowen; 广韵: tshet-uinh 0.15.1; BS2014: digling/cddb Baxter2014/raw/D_ocbs.tsv
音,True,聲也。生於心，有節於外，謂之音。宮商角徵羽，聲；絲竹金石匏土革木，音也。从言含一。凡音之屬皆从音。,於今切,湆,7309,聲,幽溼也。从水音聲。,去急切,khip,溪開三B侵入,identical_fanqie,'im,*[kʰ](r)[ə]p,mc_match,*[q](r)əm,mc_match,C,"ini,coda;uncertain",说文: shuowenjiezi/shuowen; 广韵: tshet-uinh 0.15.1; BS2014: digling/cddb Baxter2014/raw/D_ocbs.tsv
音,True,聲也。生於心，有節於外，謂之音。宮商角徵羽，聲；絲竹金石匏土革木，音也。从言含一。凡音之屬皆从音。,於今切,闇,7732,聲,閉門也。从門音聲。,烏紺切,'omH,影開一覃去,identical_fanqie,'im,,not_in_bs,*[q](r)əm,mc_match,NA,,说文: shuowenjiezi/shuowen; 广韵: tshet-uinh 0.15.1; BS2014: digling/cddb Baxter2014/raw/D_ocbs.tsv
頃,True,頭不正也。从匕从頁。,去營切,傾,5030,亦聲,仄也。从人从頃，頃亦聲。,去營切,khjwieng,溪合三A清平,identical_fanqie,khjwieng,*[k]ʷʰeŋ,mc_match,*[k]ʷʰeŋʔ,single_reading,R,suf;uncertain,说文: shuowenjiezi/shuowen; 广韵: tshet-uinh 0.15.1; BS2014: digling/cddb Baxter2014/raw/D_ocbs.tsv
頃,True,頭不正也。从匕从頁。,去營切,𨻺,9605,亦聲,仄也。从𨸏从頃，頃亦聲。,去營切,,,none,khjwieng,,not_in_bs,*[k]ʷʰeŋʔ,single_reading,NA,,说文: shuowenjiezi/shuowen; 广韵: tshet-uinh 0.15.1; BS2014: digling/cddb Baxter2014/raw/D_ocbs.tsv
頃,True,頭不正也。从匕从頁。,去營切,穎,4384,聲,禾末也。从禾頃聲。《詩》曰：“禾穎穟穟。”,余頃切,ywengX,以合三清上,initial+rhyme+tone,khjwieng,*[ɢ]ʷeŋʔ,mc_match,*[k]ʷʰeŋʔ,single_reading,O,ini;uncertain,说文: shuowenjiezi/shuowen; 广韵: tshet-uinh 0.15.1; BS2014: digling/cddb Baxter2014/raw/D_ocbs.tsv
頃,True,頭不正也。从匕从頁。,去營切,熲,6405,聲,火光也。从火頃聲。,古迥切,kwengX,見合四青上,identical_fanqie,khjwieng,,not_in_bs,*[k]ʷʰeŋʔ,single_reading,NA,,说文: shuowenjiezi/shuowen; 广韵: tshet-uinh 0.15.1; BS2014: digling/cddb Baxter2014/raw/D_ocbs.tsv
頃,True,頭不正也。从匕从頁。,去營切,潁,7025,聲,水。出潁川陽城乾山，東入淮。从水頃聲。豫州浸。,余頃切,ywengX,以合三清上,initial+rhyme+tone,khjwieng,,not_in_bs,*[k]ʷʰeŋʔ,single_reading,NA,,说文: shuowenjiezi/shuowen; 广韵: tshet-uinh 0.15.1; BS2014: digling/cddb Baxter2014/raw/D_ocbs.tsv
食,True,一米也。从皀亼聲。或說亼皀也。凡食之屬皆从食。,乘力切,𧐂,8850,亦聲,敗創也。从虫、人、食，食亦聲。,乘力切,,,none,zyik,,not_in_bs,*mə-lək,mc_match,NA,,说文: shuowenjiezi/shuowen; 广韵: tshet-uinh 0.15.1; BS2014: digling/cddb Baxter2014/raw/D_ocbs.tsv
食,True,一米也。从皀亼聲。或說亼皀也。凡食之屬皆从食。,乘力切,飾,4876,聲,㕞也。从巾从人，食聲。讀若式。一曰襐飾。,賞隻切,syik,書開三蒸入,initial_only,zyik,*l̥ək,mc_match,*mə-lək,mc_match,O,"pre,ini",说文: shuowenjiezi/shuowen; 广韵: tshet-uinh 0.15.1; BS2014: digling/cddb Baxter2014/raw/D_ocbs.tsv
食,True,一米也。从皀亼聲。或說亼皀也。凡食之屬皆从食。,乘力切,飭,9202,聲,致堅也。从人从力，食聲。讀若敕。,恥力切,trhik,徹開三蒸入,identical_fanqie,zyik,,not_in_bs,*mə-lək,mc_match,NA,,说文: shuowenjiezi/shuowen; 广韵: tshet-uinh 0.15.1; BS2014: digling/cddb Baxter2014/raw/D_ocbs.tsv
骨,True,肉之覈也。从冎有肉。凡骨之屬皆从骨。,古忽切,䶤,1318,亦聲,齧骨聲。从齒从骨，骨亦聲。,戶八切,,,none,kwot,,not_in_bs,*kˤut,mc_match,NA,,说文: shuowenjiezi/shuowen; 广韵: tshet-uinh 0.15.1; BS2014: digling/cddb Baxter2014/raw/D_ocbs.tsv
骨,True,肉之覈也。从冎有肉。凡骨之屬皆从骨。,古忽切,尳,6596,亦聲,厀病也。从尣从骨，骨亦聲。,戶骨切,hwot,匣合一魂入,identical_fanqie,kwot,,not_in_bs,*kˤut,mc_match,NA,,说文: shuowenjiezi/shuowen; 广韵: tshet-uinh 0.15.1; BS2014: digling/cddb Baxter2014/raw/D_ocbs.tsv
骨,True,肉之覈也。从冎有肉。凡骨之屬皆从骨。,古忽切,鶻,2369,聲,鶻鵃也。从鳥骨聲。,古忽切,kwot,見合一魂入,identical_fanqie,kwot,,not_in_bs,*kˤut,mc_match,NA,,说文: shuowenjiezi/shuowen; 广韵: tshet-uinh 0.15.1; BS2014: digling/cddb Baxter2014/raw/D_ocbs.tsv
骨,True,肉之覈也。从冎有肉。凡骨之屬皆从骨。,古忽切,䯉,5549,聲,咽中息不利也。从欠骨聲。,烏八切,'weat,影合二山入,identical_fanqie,kwot,,not_in_bs,*kˤut,mc_match,NA,,说文: shuowenjiezi/shuowen; 广韵: tshet-uinh 0.15.1; BS2014: digling/cddb Baxter2014/raw/D_ocbs.tsv
骨,True,肉之覈也。从冎有肉。凡骨之屬皆从骨。,古忽切,顝,5605,聲,大頭也。从頁骨聲。讀若魁。,苦骨切,khwot,溪合一魂入,identical_fanqie,kwot,,not_in_bs,*kˤut,mc_match,NA,,说文: shuowenjiezi/shuowen; 广韵: tshet-uinh 0.15.1; BS2014: digling/cddb Baxter2014/raw/D_ocbs.tsv
骨,True,肉之覈也。从冎有肉。凡骨之屬皆从骨。,古忽切,滑,7183,聲,利也。从水骨聲。,戶八切,hweat,匣合二山入,identical_fanqie,kwot,*Nə-gˤrut,mc_match,*kˤut,mc_match,O,"pre,ini,med",说文: shuowenjiezi/shuowen; 广韵: tshet-uinh 0.15.1; BS2014: digling/cddb Baxter2014/raw/D_ocbs.tsv
骨,True,肉之覈也。从冎有肉。凡骨之屬皆从骨。,古忽切,搰,7992,聲,掘也。从手骨聲。,戶骨切,hwot,匣合一魂入,identical_fanqie,kwot,*[g]ˤut,mc_match,*kˤut,mc_match,O,ini;uncertain,说文: shuowenjiezi/shuowen; 广韵: tshet-uinh 0.15.1; BS2014: digling/cddb Baxter2014/raw/D_ocbs.tsv
骨,True,肉之覈也。从冎有肉。凡骨之屬皆从骨。,古忽切,縎,8534,聲,結也。从糸骨聲。,古忽切,kwot,見合一魂入,identical_fanqie,kwot,,not_in_bs,*kˤut,mc_match,NA,,说文: shuowenjiezi/shuowen; 广韵: tshet-uinh 0.15.1; BS2014: digling/cddb Baxter2014/raw/D_ocbs.tsv
高,True,崇也。象臺觀高之形。从冂、口。與倉、舍同意。凡高之屬皆从高。,古牢切,歊,5522,亦聲,歊歊，气出皃。从欠、高，高亦聲。,許嬌切,xjew,曉開三B宵平,identical_fanqie,kaw,,not_in_bs,*Cə.[k]ˤaw,mc_match,NA,,说文: shuowenjiezi/shuowen; 广韵: tshet-uinh 0.15.1; BS2014: digling/cddb Baxter2014/raw/D_ocbs.tsv
高,True,崇也。象臺觀高之形。从冂、口。與倉、舍同意。凡高之屬皆从高。,古牢切,蒿,670,聲,菣也。从艸高聲。,呼毛切,xaw,曉開一豪平,identical_fanqie,kaw,*qʰˤaw,mc_match,*Cə.[k]ˤaw,mc_match,O,"pre,ini;uncertain",说文: shuowenjiezi/shuowen; 广韵: tshet-uinh 0.15.1; BS2014: digling/cddb Baxter2014/raw/D_ocbs.tsv
高,True,崇也。象臺觀高之形。从冂、口。與倉、舍同意。凡高之屬皆从高。,古牢切,嗃,960,聲,嗃嗃，嚴酷皃。从口高聲。,呼各切,xak,曉開一唐入,initial+rhyme+tone,kaw,,not_in_bs,*Cə.[k]ˤaw,mc_match,NA,,说文: shuowenjiezi/shuowen; 广韵: tshet-uinh 0.15.1; BS2014: digling/cddb Baxter2014/raw/D_ocbs.tsv
高,True,崇也。象臺觀高之形。从冂、口。與倉、舍同意。凡高之屬皆从高。,古牢切,毃,1958,聲,擊頭也。从殳高聲。,口卓切,khaewk,溪二江入,initial+rhyme+tone,kaw,,not_in_bs,*Cə.[k]ˤaw,mc_match,NA,,说文: shuowenjiezi/shuowen; 广韵: tshet-uinh 0.15.1; BS2014: digling/cddb Baxter2014/raw/D_ocbs.tsv
高,True,崇也。象臺觀高之形。从冂、口。與倉、舍同意。凡高之屬皆从高。,古牢切,敲,2045,聲,橫擿也。从攴高聲。,口交切,khaew,溪開二肴平,identical_fanqie,kaw,,not_in_bs,*Cə.[k]ˤaw,mc_match,NA,,说文: shuowenjiezi/shuowen; 广韵: tshet-uinh 0.15.1; BS2014: digling/cddb Baxter2014/raw/D_ocbs.tsv
高,True,崇也。象臺觀高之形。从冂、口。與倉、舍同意。凡高之屬皆从高。,古牢切,翯,2261,聲,鳥白肥澤皃。从羽高聲。《詩》云：“白鳥翯翯。”,胡角切,haewk,匣二江入,initial+rhyme+tone,kaw,*[g]ˤrawk,mc_match,*Cə.[k]ˤaw,mc_match,C,"pre,ini,med,coda;uncertain",说文: shuowenjiezi/shuowen; 广韵: tshet-uinh 0.15.1; BS2014: digling/cddb Baxter2014/raw/D_ocbs.tsv
高,True,崇也。象臺觀高之形。从冂、口。與倉、舍同意。凡高之屬皆从高。,古牢切,膏,2603,聲,𦘺也。从肉高聲。,古勞切,kaw,見開一豪平,identical_fanqie,kaw,*Cə.kˤaw,mc_match,*Cə.[k]ˤaw,mc_match,I,;uncertain,说文: shuowenjiezi/shuowen; 广韵: tshet-uinh 0.15.1; BS2014: digling/cddb Baxter2014/raw/D_ocbs.tsv
高,True,崇也。象臺觀高之形。从冂、口。與倉、舍同意。凡高之屬皆从高。,古牢切,篙,3002,聲,所以進船也。从竹高聲。,古牢切,kaw,見開一豪平,initial+rhyme+tone,kaw,,not_in_bs,*Cə.[k]ˤaw,mc_match,NA,,说文: shuowenjiezi/shuowen; 广韵: tshet-uinh 0.15.1; BS2014: digling/cddb Baxter2014/raw/D_ocbs.tsv
高,True,崇也。象臺觀高之形。从冂、口。與倉、舍同意。凡高之屬皆从高。,古牢切,槀,3589,聲,木枯也。从木高聲。,苦浩切,khawX,溪開一豪上,identical_fanqie,kaw,,not_in_bs,*Cə.[k]ˤaw,mc_match,NA,,说文: shuowenjiezi/shuowen; 广韵: tshet-uinh 0.15.1; BS2014: digling/cddb Baxter2014/raw/D_ocbs.tsv
高,True,崇也。象臺觀高之形。从冂、口。與倉、舍同意。凡高之屬皆从高。,古牢切,鄗,4052,聲,常山縣。丗祖所卽位，今爲高邑。从邑高聲。,呼各切,xak,曉開一唐入,initial+rhyme+tone,kaw,,not_in_bs,*Cə.[k]ˤaw,mc_match,NA,,说文: shuowenjiezi/shuowen; 广韵: tshet-uinh 0.15.1; BS2014: digling/cddb Baxter2014/raw/D_ocbs.tsv
高,True,崇也。象臺觀高之形。从冂、口。與倉、舍同意。凡高之屬皆从高。,古牢切,稾,4413,聲,稈也。从禾高聲。,古老切,kawX,見開一豪上,identical_fanqie,kaw,,not_in_bs,*Cə.[k]ˤaw,mc_match,NA,,说文: shuowenjiezi/shuowen; 广韵: tshet-uinh 0.15.1; BS2014: digling/cddb Baxter2014/raw/D_ocbs.tsv
高,True,崇也。象臺觀高之形。从冂、口。與倉、舍同意。凡高之屬皆从高。,古牢切,𩫚,6071,聲,豕，鬣如筆管者。出南郡。从㣇高聲。,乎刀切,,,none,kaw,,not_in_bs,*Cə.[k]ˤaw,mc_match,NA,,说文: shuowenjiezi/shuowen; 广韵: tshet-uinh 0.15.1; BS2014: digling/cddb Baxter2014/raw/D_ocbs.tsv
高,True,崇也。象臺觀高之形。从冂、口。與倉、舍同意。凡高之屬皆从高。,古牢切,熇,6408,聲,火熱也。从火高聲。《詩》曰：“多將熇熇。”,火屋切,xuwk,曉一東入,initial+rhyme+tone,kaw,,not_in_bs,*Cə.[k]ˤaw,mc_match,NA,,说文: shuowenjiezi/shuowen; 广韵: tshet-uinh 0.15.1; BS2014: digling/cddb Baxter2014/raw/D_ocbs.tsv
高,True,崇也。象臺觀高之形。从冂、口。與倉、舍同意。凡高之屬皆从高。,古牢切,滈,7277,聲,久雨也。从水高聲。,乎老切,hawX,匣開一豪上,initial+rhyme+tone,kaw,,not_in_bs,*Cə.[k]ˤaw,mc_match,NA,,说文: shuowenjiezi/shuowen; 广韵: tshet-uinh 0.15.1; BS2014: digling/cddb Baxter2014/raw/D_ocbs.tsv
高,True,崇也。象臺觀高之形。从冂、口。與倉、舍同意。凡高之屬皆从高。,古牢切,鰝,7627,聲,大鰕也。从魚高聲。,胡到切,hawX,匣開一豪上,initial_only,kaw,,not_in_bs,*Cə.[k]ˤaw,mc_match,NA,,说文: shuowenjiezi/shuowen; 广韵: tshet-uinh 0.15.1; BS2014: digling/cddb Baxter2014/raw/D_ocbs.tsv
高,True,崇也。象臺觀高之形。从冂、口。與倉、舍同意。凡高之屬皆从高。,古牢切,縞,8557,聲,鮮色也。从糸高聲。,古老切,kawX,見開一豪上,identical_fanqie,kaw,,not_in_bs,*Cə.[k]ˤaw,mc_match,NA,,说文: shuowenjiezi/shuowen; 广韵: tshet-uinh 0.15.1; BS2014: digling/cddb Baxter2014/raw/D_ocbs.tsv
高,True,崇也。象臺觀高之形。从冂、口。與倉、舍同意。凡高之屬皆从高。,古牢切,塙,8985,聲,堅不可拔也。从土高聲。,苦角切,khaewk,溪二江入,identical_fanqie,kaw,,not_in_bs,*Cə.[k]ˤaw,mc_match,NA,,说文: shuowenjiezi/shuowen; 广韵: tshet-uinh 0.15.1; BS2014: digling/cddb Baxter2014/raw/D_ocbs.tsv
高,True,崇也。象臺觀高之形。从冂、口。與倉、舍同意。凡高之屬皆从高。,古牢切,鎬,9259,聲,温器也。从金高聲。武王所都，在長安西上林苑中，字亦如此。,乎老切,hawX,匣開一豪上,initial+rhyme+tone,kaw,,not_in_bs,*Cə.[k]ˤaw,mc_match,NA,,说文: shuowenjiezi/shuowen; 广韵: tshet-uinh 0.15.1; BS2014: digling/cddb Baxter2014/raw/D_ocbs.tsv
鬼,True,人所歸爲鬼。从人，象鬼頭。鬼陰气賊害，从厶。凡鬼之屬皆从鬼。,居偉切,餽,3246,亦聲,吳人謂祭曰餽。从食从鬼，鬼亦聲。,俱位切,gwijH,羣合三B脂去,rhyme+tone_only,kjw+jX,*[g]ruj-s,mc_match,*k-ʔujʔ,mc_match,O,"pre,ini,med,suf;uncertain",说文: shuowenjiezi/shuowen; 广韵: tshet-uinh 0.15.1; BS2014: digling/cddb Baxter2014/raw/D_ocbs.tsv
鬼,True,人所歸爲鬼。从人，象鬼頭。鬼陰气賊害，从厶。凡鬼之屬皆从鬼。,居偉切,瑰,196,聲,玟瑰。从玉鬼聲。一曰圜好。,公回切,kwoj,見合一灰平,identical_fanqie,kjw+jX,*[k]ˤuj,mc_match,*k-ʔujʔ,mc_match,O,"pre,ini,phar,suf;uncertain",说文: shuowenjiezi/shuowen; 广韵: tshet-uinh 0.15.1; BS2014: digling/cddb Baxter2014/raw/D_ocbs.tsv
鬼,True,人所歸爲鬼。从人，象鬼頭。鬼陰气賊害，从厶。凡鬼之屬皆从鬼。,居偉切,槐,3506,聲,木也。从木鬼聲。,戶恢切,hwoj,匣合一灰平,identical_fanqie,kjw+jX,*[g]ˤuj,mc_match,*k-ʔujʔ,mc_match,O,"pre,ini,phar,suf;uncertain",说文: shuowenjiezi/shuowen; 广韵: tshet-uinh 0.15.1; BS2014: digling/cddb Baxter2014/raw/D_ocbs.tsv
鬼,True,人所歸爲鬼。从人，象鬼頭。鬼陰气賊害，从厶。凡鬼之屬皆从鬼。,居偉切,瘣,4677,聲,病也。从疒鬼聲。《詩》曰：“譬彼瘣木。”一曰腫㫄出也。,胡罪切,hwojX,匣合一灰上,identical_fanqie,kjw+jX,,not_in_bs,*k-ʔujʔ,mc_match,NA,,说文: shuowenjiezi/shuowen; 广韵: tshet-uinh 0.15.1; BS2014: digling/cddb Baxter2014/raw/D_ocbs.tsv
鬼,True,人所歸爲鬼。从人，象鬼頭。鬼陰气賊害，从厶。凡鬼之屬皆从鬼。,居偉切,傀,4957,聲,偉也。从人鬼聲。《周禮》曰：“大傀異。”,公回切,kwoj,見合一灰平,identical_fanqie,kjw+jX,,not_in_bs,*k-ʔujʔ,mc_match,NA,,说文: shuowenjiezi/shuowen; 广韵: tshet-uinh 0.15.1; BS2014: digling/cddb Baxter2014/raw/D_ocbs.tsv
鬼,True,人所歸爲鬼。从人，象鬼頭。鬼陰气賊害，从厶。凡鬼之屬皆从鬼。,居偉切,褢,5263,聲,袖也。一曰藏也。从衣鬼聲。,戶乖切,hweaj,匣合二皆平,identical_fanqie,kjw+jX,,not_in_bs,*k-ʔujʔ,mc_match,NA,,说文: shuowenjiezi/shuowen; 广韵: tshet-uinh 0.15.1; BS2014: digling/cddb Baxter2014/raw/D_ocbs.tsv
鬼,True,人所歸爲鬼。从人，象鬼頭。鬼陰气賊害，从厶。凡鬼之屬皆从鬼。,居偉切,䫥,5647,聲,頭不正也。从頁鬼聲。,口猥切,khwojX,溪合一灰上,identical_fanqie,kjw+jX,,not_in_bs,*k-ʔujʔ,mc_match,NA,,说文: shuowenjiezi/shuowen; 广韵: tshet-uinh 0.15.1; BS2014: digling/cddb Baxter2014/raw/D_ocbs.tsv
鬼,True,人所歸爲鬼。从人，象鬼頭。鬼陰气賊害，从厶。凡鬼之屬皆从鬼。,居偉切,嵬,5817,聲,高不平也。从山鬼聲。凡嵬之屬皆从嵬。,五灰切,ngwoj,疑合一灰平,identical_fanqie,kjw+jX,*N-qʰˤuj,mc_match,*k-ʔujʔ,mc_match,O,"pre,ini,phar,suf",说文: shuowenjiezi/shuowen; 广韵: tshet-uinh 0.15.1; BS2014: digling/cddb Baxter2014/raw/D_ocbs.tsv
鬼,True,人所歸爲鬼。从人，象鬼頭。鬼陰气賊害，从厶。凡鬼之屬皆从鬼。,居偉切,騩,6115,聲,馬淺黑色。从馬鬼聲。,俱位切,kwijH,見合三B脂去,identical_fanqie,kjw+jX,,not_in_bs,*k-ʔujʔ,mc_match,NA,,说文: shuowenjiezi/shuowen; 广韵: tshet-uinh 0.15.1; BS2014: digling/cddb Baxter2014/raw/D_ocbs.tsv
鬼,True,人所歸爲鬼。从人，象鬼頭。鬼陰气賊害，从厶。凡鬼之屬皆从鬼。,居偉切,媿,8304,聲,慙也。从女鬼聲。,俱位切,kwijH,見合三B脂去,identical_fanqie,kjw+jX,,not_in_bs,*k-ʔujʔ,mc_match,NA,,说文: shuowenjiezi/shuowen; 广韵: tshet-uinh 0.15.1; BS2014: digling/cddb Baxter2014/raw/D_ocbs.tsv
鬼,True,人所歸爲鬼。从人，象鬼頭。鬼陰气賊害，从厶。凡鬼之屬皆从鬼。,居偉切,螝,8753,聲,蛹也。从虫鬼聲。讀若潰。,胡罪切,hwojH,匣合一灰去,initial_only,kjw+jX,,not_in_bs,*k-ʔujʔ,mc_match,NA,,说文: shuowenjiezi/shuowen; 广韵: tshet-uinh 0.15.1; BS2014: digling/cddb Baxter2014/raw/D_ocbs.tsv
鬼,True,人所歸爲鬼。从人，象鬼頭。鬼陰气賊害，从厶。凡鬼之屬皆从鬼。,居偉切,魁,9448,聲,羹斗也。从斗鬼聲。,苦回切,khwoj,溪合一灰平,identical_fanqie,kjw+jX,*[kʰ]ˤuj,mc_match,*k-ʔujʔ,mc_match,O,"pre,ini,phar,suf;uncertain",说文: shuowenjiezi/shuowen; 广韵: tshet-uinh 0.15.1; BS2014: digling/cddb Baxter2014/raw/D_ocbs.tsv
鬼,True,人所歸爲鬼。从人，象鬼頭。鬼陰气賊害，从厶。凡鬼之屬皆从鬼。,居偉切,隗,9586,聲,陮隗也。从𨸏鬼聲。,五辠切,ngwojX,疑合一灰上,initial+rhyme+tone,kjw+jX,,not_in_bs,*k-ʔujʔ,mc_match,NA,,说文: shuowenjiezi/shuowen; 广韵: tshet-uinh 0.15.1; BS2014: digling/cddb Baxter2014/raw/D_ocbs.tsv
黑,True,火所熏之色也。从炎，上出𡆧。𡆧，古窻字。凡黑之屬皆从黑。,呼北切,墨,9031,亦聲,書墨也。从土从黑，黑亦聲。,莫北切,mok,明一登入,identical_fanqie,xok,*C.mˤək,mc_match,*m̥ˤək,mc_match,O,"pre,ini",说文: shuowenjiezi/shuowen; 广韵: tshet-uinh 0.15.1; BS2014: digling/cddb Baxter2014/raw/D_ocbs.tsv
黑,True,火所熏之色也。从炎，上出𡆧。𡆧，古窻字。凡黑之屬皆从黑。,呼北切,默,6284,聲,犬暫逐人也。从犬黑聲。讀若墨。,莫北切,mok,明一登入,identical_fanqie,xok,,not_in_bs,*m̥ˤək,mc_match,NA,,说文: shuowenjiezi/shuowen; 广韵: tshet-uinh 0.15.1; BS2014: digling/cddb Baxter2014/raw/D_ocbs.tsv
黑,True,火所熏之色也。从炎，上出𡆧。𡆧，古窻字。凡黑之屬皆从黑。,呼北切,嫼,8263,聲,怒皃。从女黑聲。,呼北切,'eat,影開二山入,no_match_first_reading,xok,,not_in_bs,*m̥ˤək,mc_match,NA,,说文: shuowenjiezi/shuowen; 广韵: tshet-uinh 0.15.1; BS2014: digling/cddb Baxter2014/raw/D_ocbs.tsv
黑,True,火所熏之色也。从炎，上出𡆧。𡆧，古窻字。凡黑之屬皆从黑。,呼北切,𦄿,8675,聲,索也。从糸黑聲。,莫北切,,,none,xok,,not_in_bs,*m̥ˤək,mc_match,NA,,说文: shuowenjiezi/shuowen; 广韵: tshet-uinh 0.15.1; BS2014: digling/cddb Baxter2014/raw/D_ocbs.tsv
黹,True,箴縷所紩衣。从㡀，丵省。凡黹之屬皆从黹。,陟几切,𧝉,5317,亦聲,紩衣也。从衣、黹，黹亦聲。,豬几切,,,none,trijX,,not_in_bs,*tr[i]jʔ,mc_match,NA,,说文: shuowenjiezi/shuowen; 广韵: tshet-uinh 0.15.1; BS2014: digling/cddb Baxter2014/raw/D_ocbs.tsv
齊,True,禾麥吐穗上平也。象形。凡亝之屬皆从亝。,徂兮切,劑,2771,亦聲,齊也。从刀从齊，齊亦聲。,在詣切,dzejH,從開四齊去,identical_fanqie,dzej,,not_in_bs,*[dz]ˤəj,mc_match,NA,,说文: shuowenjiezi/shuowen; 广韵: tshet-uinh 0.15.1; BS2014: digling/cddb Baxter2014/raw/D_ocbs.tsv
齊,True,禾麥吐穗上平也。象形。凡亝之屬皆从亝。,徂兮切,齋,28,省聲,戒，潔也。从示，齊省聲。,側皆切,tsreaj,莊開二皆平,identical_fanqie,dzej,*tsˤr[ə]j,mc_match,*[dz]ˤəj,mc_match,O,"ini,med;uncertain",说文: shuowenjiezi/shuowen; 广韵: tshet-uinh 0.15.1; BS2014: digling/cddb Baxter2014/raw/D_ocbs.tsv
齊,True,禾麥吐穗上平也。象形。凡亝之屬皆从亝。,徂兮切,薺,400,聲,蒺棃也。从艸齊聲。《詩》曰：“牆有薺。”,疾咨切,dzij,從開三脂平,initial+rhyme+tone,dzej,*dzˤ[ə]jʔ,single_reading,*[dz]ˤəj,mc_match,R,suf;uncertain,说文: shuowenjiezi/shuowen; 广韵: tshet-uinh 0.15.1; BS2014: digling/cddb Baxter2014/raw/D_ocbs.tsv
齊,True,禾麥吐穗上平也。象形。凡亝之屬皆从亝。,徂兮切,嚌,805,聲,嘗也。从口齊聲。《周書》曰：“大保受同祭嚌。”,在詣切,dzejH,從開四齊去,identical_fanqie,dzej,,not_in_bs,*[dz]ˤəj,mc_match,NA,,说文: shuowenjiezi/shuowen; 广韵: tshet-uinh 0.15.1; BS2014: digling/cddb Baxter2014/raw/D_ocbs.tsv
齊,True,禾麥吐穗上平也。象形。凡亝之屬皆从亝。,徂兮切,躋,1346,聲,登也。从足齊聲。《商書》曰：“予顚躋。”,祖雞切,tsej,精開四齊平,initial+rhyme+tone,dzej,*[ts]ˤəj,mc_match,*[dz]ˤəj,mc_match,O,ini;uncertain,说文: shuowenjiezi/shuowen; 广韵: tshet-uinh 0.15.1; BS2014: digling/cddb Baxter2014/raw/D_ocbs.tsv
齊,True,禾麥吐穗上平也。象形。凡亝之屬皆从亝。,徂兮切,𪗇,2620,聲,𦚚𪗇也。从肉齊聲。,徂兮切,,,none,dzej,,not_in_bs,*[dz]ˤəj,mc_match,NA,,说文: shuowenjiezi/shuowen; 广韵: tshet-uinh 0.15.1; BS2014: digling/cddb Baxter2014/raw/D_ocbs.tsv
齊,True,禾麥吐穗上平也。象形。凡亝之屬皆从亝。,徂兮切,齍,3126,聲,黍稷在器以祀者。从皿齊聲。,卽夷切,tsij,精開三脂平,initial+rhyme+tone,dzej,*[ts]ij,mc_match,*[dz]ˤəj,mc_match,V,"ini,phar,v;uncertain",说文: shuowenjiezi/shuowen; 广韵: tshet-uinh 0.15.1; BS2014: digling/cddb Baxter2014/raw/D_ocbs.tsv
齊,True,禾麥吐穗上平也。象形。凡亝之屬皆从亝。,徂兮切,櫅,3473,聲,木也。可以爲大車軸。从木齊聲。,祖雞切,tsej,精開四齊平,initial+rhyme+tone,dzej,,not_in_bs,*[dz]ˤəj,mc_match,NA,,说文: shuowenjiezi/shuowen; 广韵: tshet-uinh 0.15.1; BS2014: digling/cddb Baxter2014/raw/D_ocbs.tsv
齊,True,禾麥吐穗上平也。象形。凡亝之屬皆从亝。,徂兮切,齎,3933,聲,持遺也。从貝齊聲。,祖雞切,tsej,精開四齊平,initial+rhyme+tone,dzej,,not_in_bs,*[dz]ˤəj,mc_match,NA,,说文: shuowenjiezi/shuowen; 广韵: tshet-uinh 0.15.1; BS2014: digling/cddb Baxter2014/raw/D_ocbs.tsv
齊,True,禾麥吐穗上平也。象形。凡亝之屬皆从亝。,徂兮切,穧,4398,聲,穫刈也。一曰撮也。从禾齊聲。,在詣切,dzejH,從開四齊去,identical_fanqie,dzej,,not_in_bs,*[dz]ˤəj,mc_match,NA,,说文: shuowenjiezi/shuowen; 广韵: tshet-uinh 0.15.1; BS2014: digling/cddb Baxter2014/raw/D_ocbs.tsv
齊,True,禾麥吐穗上平也。象形。凡亝之屬皆从亝。,徂兮切,儕,5013,聲,等輩也。从人齊聲。《春秋傳》曰：“吾儕小人。”,仕皆切,dzreaj,崇開二皆平,initial+rhyme+tone,dzej,*[dz]ˤ<r>əj,mc_match,*[dz]ˤəj,mc_match,R,med;uncertain,说文: shuowenjiezi/shuowen; 广韵: tshet-uinh 0.15.1; BS2014: digling/cddb Baxter2014/raw/D_ocbs.tsv
齊,True,禾麥吐穗上平也。象形。凡亝之屬皆从亝。,徂兮切,𪗋,5329,聲,緶也。从衣齊聲。,卽夷切,tsij,精開三脂平,initial+rhyme+tone,dzej,,not_in_bs,*[dz]ˤəj,mc_match,NA,,说文: shuowenjiezi/shuowen; 广韵: tshet-uinh 0.15.1; BS2014: digling/cddb Baxter2014/raw/D_ocbs.tsv
齊,True,禾麥吐穗上平也。象形。凡亝之屬皆从亝。,徂兮切,齌,6425,聲,炊餔疾也。从火齊聲。,在詣切,dzejH,從開四齊去,identical_fanqie,dzej,,not_in_bs,*[dz]ˤəj,mc_match,NA,,说文: shuowenjiezi/shuowen; 广韵: tshet-uinh 0.15.1; BS2014: digling/cddb Baxter2014/raw/D_ocbs.tsv
齊,True,禾麥吐穗上平也。象形。凡亝之屬皆从亝。,徂兮切,濟,7059,聲,水。出常山房子贊皇山，東入泜。从水齊聲。,子礼切,tsejX,精開四齊上,initial+rhyme+tone,dzej,*[ts]ˤ[i]jʔ,mc_match,*[dz]ˤəj,mc_match,V,"ini,v,suf;uncertain",说文: shuowenjiezi/shuowen; 广韵: tshet-uinh 0.15.1; BS2014: digling/cddb Baxter2014/raw/D_ocbs.tsv
齊,True,禾麥吐穗上平也。象形。凡亝之屬皆从亝。,徂兮切,霽,7520,聲,雨止也。从雨齊聲。,子計切,tsejH,精開四齊去,identical_fanqie,dzej,,not_in_bs,*[dz]ˤəj,mc_match,NA,,说文: shuowenjiezi/shuowen; 广韵: tshet-uinh 0.15.1; BS2014: digling/cddb Baxter2014/raw/D_ocbs.tsv
齊,True,禾麥吐穗上平也。象形。凡亝之屬皆从亝。,徂兮切,擠,7811,聲,排也。从手齊聲。,子計切,tsejH,精開四齊去,identical_fanqie,dzej,,not_in_bs,*[dz]ˤəj,mc_match,NA,,说文: shuowenjiezi/shuowen; 广韵: tshet-uinh 0.15.1; BS2014: digling/cddb Baxter2014/raw/D_ocbs.tsv
齊,True,禾麥吐穗上平也。象形。凡亝之屬皆从亝。,徂兮切,䶒,8184,聲,材也。从女齊聲。,祖雞切,dzej,從開四齊平,rhyme+tone_only,dzej,,not_in_bs,*[dz]ˤəj,mc_match,NA,,说文: shuowenjiezi/shuowen; 广韵: tshet-uinh 0.15.1; BS2014: digling/cddb Baxter2014/raw/D_ocbs.tsv
齊,True,禾麥吐穗上平也。象形。凡亝之屬皆从亝。,徂兮切,𧓉,8779,聲,𧓉𧕐也。从虫齊聲。,徂兮切,,,none,dzej,,not_in_bs,*[dz]ˤəj,mc_match,NA,,说文: shuowenjiezi/shuowen; 广韵: tshet-uinh 0.15.1; BS2014: digling/cddb Baxter2014/raw/D_ocbs.tsv
龍,True,鱗蟲之長。能幽，能明，能細，能巨，能短，能長；春分而登天，秋分而潛淵。从肉，飛之形，童省聲。凡龍之屬皆从龍。,力鍾切,瓏,112,亦聲,禱旱玉。龍文。从玉从龍，龍亦聲。,力鍾切,luwng,來一東平,initial_only,ljowng,,not_in_bs,*[mə]-roŋ,mc_match,NA,,说文: shuowenjiezi/shuowen; 广韵: tshet-uinh 0.15.1; BS2014: digling/cddb Baxter2014/raw/D_ocbs.tsv
龍,True,鱗蟲之長。能幽，能明，能細，能巨，能短，能長；春分而登天，秋分而潛淵。从肉，飛之形，童省聲。凡龍之屬皆从龍。,力鍾切,蘢,436,聲,天蘥也。从艸龍聲。,盧紅切,luwng,來一東平,identical_fanqie,ljowng,,not_in_bs,*[mə]-roŋ,mc_match,NA,,说文: shuowenjiezi/shuowen; 广韵: tshet-uinh 0.15.1; BS2014: digling/cddb Baxter2014/raw/D_ocbs.tsv
龍,True,鱗蟲之長。能幽，能明，能細，能巨，能短，能長；春分而登天，秋分而潛淵。从肉，飛之形，童省聲。凡龍之屬皆从龍。,力鍾切,嚨,784,聲,喉也。从口龍聲。,盧紅切,luwng,來一東平,identical_fanqie,ljowng,,not_in_bs,*[mə]-roŋ,mc_match,NA,,说文: shuowenjiezi/shuowen; 广韵: tshet-uinh 0.15.1; BS2014: digling/cddb Baxter2014/raw/D_ocbs.tsv
龍,True,鱗蟲之長。能幽，能明，能細，能巨，能短，能長；春分而登天，秋分而潛淵。从肉，飛之形，童省聲。凡龍之屬皆从龍。,力鍾切,龏,1762,聲,慤也。从廾龍聲。,紀庸切,kjowngH,見三C鍾去,initial_only,ljowng,*k<r>oŋ,single_reading,*[mə]-roŋ,mc_match,O2,"pre,ini,med;uncertain",说文: shuowenjiezi/shuowen; 广韵: tshet-uinh 0.15.1; BS2014: digling/cddb Baxter2014/raw/D_ocbs.tsv
龍,True,鱗蟲之長。能幽，能明，能細，能巨，能短，能長；春分而登天，秋分而潛淵。从肉，飛之形，童省聲。凡龍之屬皆从龍。,力鍾切,龔,1769,聲,給也。从共龍聲。,俱容切,kjowng,見三C鍾平,initial+rhyme+tone,ljowng,*k<r>oŋ,mc_match,*[mə]-roŋ,mc_match,O2,"pre,ini,med;uncertain",说文: shuowenjiezi/shuowen; 广韵: tshet-uinh 0.15.1; BS2014: digling/cddb Baxter2014/raw/D_ocbs.tsv
龍,True,鱗蟲之長。能幽，能明，能細，能巨，能短，能長；春分而登天，秋分而潛淵。从肉，飛之形，童省聲。凡龍之屬皆从龍。,力鍾切,籠,2944,聲,舉土器也。一曰笭也。从竹龍聲。,盧紅切,luwng,來一東平,identical_fanqie,ljowng,*k.rˤoŋ,mc_match,*[mə]-roŋ,mc_match,R,"pre,phar;uncertain",说文: shuowenjiezi/shuowen; 广韵: tshet-uinh 0.15.1; BS2014: digling/cddb Baxter2014/raw/D_ocbs.tsv
龍,True,鱗蟲之長。能幽，能明，能細，能巨，能短，能長；春分而登天，秋分而潛淵。从肉，飛之形，童省聲。凡龍之屬皆从龍。,力鍾切,㰍,3636,聲,房室之疏也。从木龍聲。,盧紅切,luwng,來一東平,identical_fanqie,ljowng,,not_in_bs,*[mə]-roŋ,mc_match,NA,,说文: shuowenjiezi/shuowen; 广韵: tshet-uinh 0.15.1; BS2014: digling/cddb Baxter2014/raw/D_ocbs.tsv
龍,True,鱗蟲之長。能幽，能明，能細，能巨，能短，能長；春分而登天，秋分而潛淵。从肉，飛之形，童省聲。凡龍之屬皆从龍。,力鍾切,櫳,3808,聲,檻也。从木龍聲。,盧紅切,luwng,來一東平,identical_fanqie,ljowng,,not_in_bs,*[mə]-roŋ,mc_match,NA,,说文: shuowenjiezi/shuowen; 广韵: tshet-uinh 0.15.1; BS2014: digling/cddb Baxter2014/raw/D_ocbs.tsv
龍,True,鱗蟲之長。能幽，能明，能細，能巨，能短，能長；春分而登天，秋分而潛淵。从肉，飛之形，童省聲。凡龍之屬皆从龍。,力鍾切,曨,4241,聲,曈曨也。从日龍聲。,盧紅切,luwng,來一東平,identical_fanqie,ljowng,,not_in_bs,*[mə]-roŋ,mc_match,NA,,说文: shuowenjiezi/shuowen; 广韵: tshet-uinh 0.15.1; BS2014: digling/cddb Baxter2014/raw/D_ocbs.tsv
龍,True,鱗蟲之長。能幽，能明，能細，能巨，能短，能長；春分而登天，秋分而潛淵。从肉，飛之形，童省聲。凡龍之屬皆从龍。,力鍾切,朧,4300,聲,朦朧也。从月龍聲。,盧紅切,luwng,來一東平,identical_fanqie,ljowng,,not_in_bs,*[mə]-roŋ,mc_match,NA,,说文: shuowenjiezi/shuowen; 广韵: tshet-uinh 0.15.1; BS2014: digling/cddb Baxter2014/raw/D_ocbs.tsv
龍,True,鱗蟲之長。能幽，能明，能細，能巨，能短，能長；春分而登天，秋分而潛淵。从肉，飛之形，童省聲。凡龍之屬皆从龍。,力鍾切,龓,4303,聲,兼有也。从有龍聲。讀若聾。,盧紅切,luwng,來一東平,identical_fanqie,ljowng,,not_in_bs,*[mə]-roŋ,mc_match,NA,,说文: shuowenjiezi/shuowen; 广韵: tshet-uinh 0.15.1; BS2014: digling/cddb Baxter2014/raw/D_ocbs.tsv
龍,True,鱗蟲之長。能幽，能明，能細，能巨，能短，能長；春分而登天，秋分而潛淵。从肉，飛之形，童省聲。凡龍之屬皆从龍。,力鍾切,寵,4576,聲,尊居也。从宀龍聲。,丑壟切,trhjowngX,徹三鍾上,initial_only,ljowng,*r̥oŋʔ,mc_match,*[mə]-roŋ,mc_match,O,"pre,ini,suf;uncertain",说文: shuowenjiezi/shuowen; 广韵: tshet-uinh 0.15.1; BS2014: digling/cddb Baxter2014/raw/D_ocbs.tsv
龍,True,鱗蟲之長。能幽，能明，能細，能巨，能短，能長；春分而登天，秋分而潛淵。从肉，飛之形，童省聲。凡龍之屬皆从龍。,力鍾切,襱,5274,聲,絝踦也。从衣龍聲。,丈冢切,drjowngX,澄三鍾上,initial+rhyme+tone,ljowng,,not_in_bs,*[mə]-roŋ,mc_match,NA,,说文: shuowenjiezi/shuowen; 广韵: tshet-uinh 0.15.1; BS2014: digling/cddb Baxter2014/raw/D_ocbs.tsv
龍,True,鱗蟲之長。能幽，能明，能細，能巨，能短，能長；春分而登天，秋分而潛淵。从肉，飛之形，童省聲。凡龍之屬皆从龍。,力鍾切,龐,5920,聲,高屋也。从广龍聲。,薄江切,baewng,並二江平,identical_fanqie,ljowng,*[b]ˤroŋ,mc_match,*[mə]-roŋ,mc_match,O2,"pre,ini,phar,med;uncertain",说文: shuowenjiezi/shuowen; 广韵: tshet-uinh 0.15.1; BS2014: digling/cddb Baxter2014/raw/D_ocbs.tsv
龍,True,鱗蟲之長。能幽，能明，能細，能巨，能短，能長；春分而登天，秋分而潛淵。从肉，飛之形，童省聲。凡龍之屬皆从龍。,力鍾切,礱,6016,聲,䃺也。从石龍聲。天子之桷，椓而礱之。,盧紅切,luwng,來一東平,identical_fanqie,ljowng,,not_in_bs,*[mə]-roŋ,mc_match,NA,,说文: shuowenjiezi/shuowen; 广韵: tshet-uinh 0.15.1; BS2014: digling/cddb Baxter2014/raw/D_ocbs.tsv
龍,True,鱗蟲之長。能幽，能明，能細，能巨，能短，能長；春分而登天，秋分而潛淵。从肉，飛之形，童省聲。凡龍之屬皆从龍。,力鍾切,瀧,7275,聲,雨瀧瀧皃。从水龍聲。,力公切,luwng,來一東平,initial+rhyme+tone,ljowng,,not_in_bs,*[mə]-roŋ,mc_match,NA,,说文: shuowenjiezi/shuowen; 广韵: tshet-uinh 0.15.1; BS2014: digling/cddb Baxter2014/raw/D_ocbs.tsv
龍,True,鱗蟲之長。能幽，能明，能細，能巨，能短，能長；春分而登天，秋分而潛淵。从肉，飛之形，童省聲。凡龍之屬皆从龍。,力鍾切,豅,7466,聲,大長谷也。从谷龍聲。讀若聾。,盧紅切,luwng,來一東平,identical_fanqie,ljowng,,not_in_bs,*[mə]-roŋ,mc_match,NA,,说文: shuowenjiezi/shuowen; 广韵: tshet-uinh 0.15.1; BS2014: digling/cddb Baxter2014/raw/D_ocbs.tsv
龍,True,鱗蟲之長。能幽，能明，能細，能巨，能短，能長；春分而登天，秋分而潛淵。从肉，飛之形，童省聲。凡龍之屬皆从龍。,力鍾切,聾,7773,聲,無聞也。从耳龍聲。,虚紅切,luwng,來一東平,rhyme+tone_only,ljowng,*C.rˤoŋ,mc_match,*[mə]-roŋ,mc_match,R,"pre,phar;uncertain",说文: shuowenjiezi/shuowen; 广韵: tshet-uinh 0.15.1; BS2014: digling/cddb Baxter2014/raw/D_ocbs.tsv
龍,True,鱗蟲之長。能幽，能明，能細，能巨，能短，能長；春分而登天，秋分而潛淵。从肉，飛之形，童省聲。凡龍之屬皆从龍。,力鍾切,蠪,8790,聲,丁螘也。从虫龍聲。,盧紅切,luwng,來一東平,identical_fanqie,ljowng,,not_in_bs,*[mə]-roŋ,mc_match,NA,,说文: shuowenjiezi/shuowen; 广韵: tshet-uinh 0.15.1; BS2014: digling/cddb Baxter2014/raw/D_ocbs.tsv
龍,True,鱗蟲之長。能幽，能明，能細，能巨，能短，能長；春分而登天，秋分而潛淵。从肉，飛之形，童省聲。凡龍之屬皆从龍。,力鍾切,壟,9098,聲,丘壠也。从土龍聲。,力歱切,,,none,ljowng,,not_in_bs,*[mə]-roŋ,mc_match,NA,,说文: shuowenjiezi/shuowen; 广韵: tshet-uinh 0.15.1; BS2014: digling/cddb Baxter2014/raw/D_ocbs.tsv
龍,True,鱗蟲之長。能幽，能明，能細，能巨，能短，能長；春分而登天，秋分而潛淵。从肉，飛之形，童省聲。凡龍之屬皆从龍。,力鍾切,隴,9625,聲,天水大阪也。从𨸏龍聲。,力鍾切,ljowngX,來三鍾上,initial_only,ljowng,*[r]oŋʔ,mc_match,*[mə]-roŋ,mc_match,R,"pre,suf;uncertain",说文: shuowenjiezi/shuowen; 广韵: tshet-uinh 0.15.1; BS2014: digling/cddb Baxter2014/raw/D_ocbs.tsv
𠂢,True,水之衺流，別也。从反永。凡𠂢之屬皆从𠂢。讀若稗縣。,匹卦切,派,7212,亦聲,別水也。从水从𠂢，𠂢亦聲。,匹賣切,pheaH,滂二佳去,initial+rhyme+tone,pheaH,,not_in_bs,,not_in_bs,NA,,说文: shuowenjiezi/shuowen; 广韵: tshet-uinh 0.15.1; BS2014: digling/cddb Baxter2014/raw/D_ocbs.tsv
𠂢,True,水之衺流，別也。从反永。凡𠂢之屬皆从𠂢。讀若稗縣。,匹卦切,眽,2139,聲,目財視也。从目𠂢聲。,莫獲切,meak,明二耕入,identical_fanqie,pheaH,,not_in_bs,,not_in_bs,NA,,说文: shuowenjiezi/shuowen; 广韵: tshet-uinh 0.15.1; BS2014: digling/cddb Baxter2014/raw/D_ocbs.tsv
𠂢,True,水之衺流，別也。从反永。凡𠂢之屬皆从𠂢。讀若稗縣。,匹卦切,𥿯,8540,聲,散絲也。从糸𠂢聲。,匹卦切,pheaH,滂二佳去,identical_fanqie,pheaH,,not_in_bs,,not_in_bs,NA,,说文: shuowenjiezi/shuowen; 广韵: tshet-uinh 0.15.1; BS2014: digling/cddb Baxter2014/raw/D_ocbs.tsv
𠤎,True,變也。从到人。凡𠤎之屬皆从𠤎。,呼跨切,化,5192,亦聲,教行也。从𠤎从人，𠤎亦聲。,呼跨切,xwaeH,曉合二麻去,initial+rhyme+tone,xwaeH,*qʷʰˤ<r>aj-s,mc_match,,not_in_bs,NA,,说文: shuowenjiezi/shuowen; 广韵: tshet-uinh 0.15.1; BS2014: digling/cddb Baxter2014/raw/D_ocbs.tsv
𠧴,True,气行皃。从乃𠧪聲。讀若攸。,以周切,𣣸,5535,亦聲,言意也。从欠从𠧴，𠧴亦聲。讀若酉。,與久切,yuwX,以三尤上,identical_fanqie,yuw,,not_in_bs,,not_in_bs,NA,,说文: shuowenjiezi/shuowen; 广韵: tshet-uinh 0.15.1; BS2014: digling/cddb Baxter2014/raw/D_ocbs.tsv
𠧴,True,气行皃。从乃𠧪聲。讀若攸。,以周切,𦵵,653,聲,艸也。从艸𠧴聲。,以周切,yuw,以三尤平,identical_fanqie,yuw,,not_in_bs,,not_in_bs,NA,,说文: shuowenjiezi/shuowen; 广韵: tshet-uinh 0.15.1; BS2014: digling/cddb Baxter2014/raw/D_ocbs.tsv
𠧴,True,气行皃。从乃𠧪聲。讀若攸。,以周切,𧡹,5476,聲,下視深也。从見𠧴聲。讀若攸。,以周切,yuw,以三尤平,identical_fanqie,yuw,,not_in_bs,,not_in_bs,NA,,说文: shuowenjiezi/shuowen; 广韵: tshet-uinh 0.15.1; BS2014: digling/cddb Baxter2014/raw/D_ocbs.tsv
𠬸,True,入水有所取也。从又在囘下。囘，古文回。回，淵水也。讀若沫。,莫勃切,𩑦,5622,亦聲,内頭水中也。从頁、𠬸，𠬸亦聲。,烏没切,'wot,影合一魂入,initial_only,,,not_in_bs,,not_in_bs,NA,,说文: shuowenjiezi/shuowen; 广韵: tshet-uinh 0.15.1; BS2014: digling/cddb Baxter2014/raw/D_ocbs.tsv
𠬸,True,入水有所取也。从又在囘下。囘，古文回。回，淵水也。讀若沫。,莫勃切,𤣻,183,聲,玉屬。从玉𠬸聲。讀若沒。,莫悖切,mwot,明一魂入,initial+rhyme+tone,,,not_in_bs,,not_in_bs,NA,,说文: shuowenjiezi/shuowen; 广韵: tshet-uinh 0.15.1; BS2014: digling/cddb Baxter2014/raw/D_ocbs.tsv
𡭴,True,際見之白也。从白，上下小見。,起戟切,隙,9649,亦聲,壁際孔也。从𨸏从𡭴，𡭴亦聲。,綺戟切,khjaek,溪開三B庚入,identical_fanqie,khjaek,*[k]ʰrak,mc_match,*[k]ʰrak,mc_match,I,;uncertain,说文: shuowenjiezi/shuowen; 广韵: tshet-uinh 0.15.1; BS2014: digling/cddb Baxter2014/raw/D_ocbs.tsv
𡭴,True,際見之白也。从白，上下小見。,起戟切,虩,3113,聲,《易》：“履虎尾虩虩。”恐懼。一曰蠅虎也。从虎𡭴聲。,許隙切,xjaek,曉開三B庚入,initial+rhyme+tone,khjaek,*qʰrak,mc_match,*[k]ʰrak,mc_match,O,ini;uncertain,说文: shuowenjiezi/shuowen; 广韵: tshet-uinh 0.15.1; BS2014: digling/cddb Baxter2014/raw/D_ocbs.tsv
𡭴,True,際見之白也。从白，上下小見。,起戟切,㣎,5690,省聲,細文也。从彡，𡭴省聲。,莫卜切,mjuwk,明三C東入,initial+rhyme+tone,khjaek,,not_in_bs,*[k]ʰrak,mc_match,NA,,说文: shuowenjiezi/shuowen; 广韵: tshet-uinh 0.15.1; BS2014: digling/cddb Baxter2014/raw/D_ocbs.tsv
𡭴,True,際見之白也。从白，上下小見。,起戟切,𧎾,8833,聲,螶𧎾也。一曰蜉游。朝生莫死者。从虫𡭴聲。,离灼切,ljak,來開三陽入,initial+rhyme+tone,khjaek,,not_in_bs,*[k]ʰrak,mc_match,NA,,说文: shuowenjiezi/shuowen; 广韵: tshet-uinh 0.15.1; BS2014: digling/cddb Baxter2014/raw/D_ocbs.tsv
𢆶,True,微也。从二幺。凡𢆶之屬皆从𢆶。,於虯切,幽,2492,亦聲,隱也。从山中𢆶，𢆶亦聲。,於虯切,'jiw,影開三A幽平,identical_fanqie,'jiw,*[ʔ](r)iw,mc_match,,not_in_bs,NA,,说文: shuowenjiezi/shuowen; 广韵: tshet-uinh 0.15.1; BS2014: digling/cddb Baxter2014/raw/D_ocbs.tsv
𢎘,True,嘾也。艸木之華未發圅然。象形。凡𢎘之屬皆从𢎘。讀若含。,乎感切,圅,4325,亦聲,舌也。象形。舌體𢎘。𢎘从𢎘，𢎘亦聲。,胡男切,hom,匣開一覃平,identical_fanqie,homX,*Cə-m-kˤ[ə]m,mc_match,,not_in_bs,NA,,说文: shuowenjiezi/shuowen; 广韵: tshet-uinh 0.15.1; BS2014: digling/cddb Baxter2014/raw/D_ocbs.tsv
𢎘,True,嘾也。艸木之華未發圅然。象形。凡𢎘之屬皆从𢎘。讀若含。,乎感切,𣐺,4329,亦聲,木垂華實。从木、𢎘，𢎘亦聲。凡𣐺之屬皆从𣐺。,胡感切,,,none,homX,,not_in_bs,,not_in_bs,NA,,说文: shuowenjiezi/shuowen; 广韵: tshet-uinh 0.15.1; BS2014: digling/cddb Baxter2014/raw/D_ocbs.tsv
𤔔,True,治也。幺子相亂，𠬪治之也。讀若亂同。一曰理也。,郎段切,𢿳,2034,亦聲,煩也。从攴从𤔔，𤔔亦聲。,郎段切,,,none,lwanH,,not_in_bs,*[r]ˤo[n]-s,mc_match,NA,,说文: shuowenjiezi/shuowen; 广韵: tshet-uinh 0.15.1; BS2014: digling/cddb Baxter2014/raw/D_ocbs.tsv
𤔔,True,治也。幺子相亂，𠬪治之也。讀若亂同。一曰理也。,郎段切,覶,5453,聲,好視也。从見𤔔聲。,洛戈切,,,none,lwanH,,not_in_bs,*[r]ˤo[n]-s,mc_match,NA,,说文: shuowenjiezi/shuowen; 广韵: tshet-uinh 0.15.1; BS2014: digling/cddb Baxter2014/raw/D_ocbs.tsv
𤔔,True,治也。幺子相亂，𠬪治之也。讀若亂同。一曰理也。,郎段切,𡡗,8161,聲,順也。从女𤔔聲。《詩》曰：“婉兮𡡗兮。”,力沇切,ljwenX,來合三仙上,initial+rhyme+tone,lwanH,,not_in_bs,*[r]ˤo[n]-s,mc_match,NA,,说文: shuowenjiezi/shuowen; 广韵: tshet-uinh 0.15.1; BS2014: digling/cddb Baxter2014/raw/D_ocbs.tsv
𥄕,True,目不正也。从𦫳从目。凡𥄕之屬皆从𥄕。萈从此。讀若末。,徒結切,𤊾,2321,亦聲,火不明也。从𥄕从火，𥄕亦聲。《周書》曰：“布重𤊾席。”織蒻席也。讀與蔑同。,莫結切,met,明四先入,identical_fanqie,mat,,not_in_bs,,not_in_bs,NA,,说文: shuowenjiezi/shuowen; 广韵: tshet-uinh 0.15.1; BS2014: digling/cddb Baxter2014/raw/D_ocbs.tsv
𥄕,True,目不正也。从𦫳从目。凡𥄕之屬皆从𥄕。萈从此。讀若末。,徒結切,萈,6268,聲,山羊細角者。从兔足，𥄕聲。凡萈之屬皆从萈。讀若丸。寬字从此。,胡官切,hwan,匣合一寒平,identical_fanqie,mat,,not_in_bs,,not_in_bs,NA,,说文: shuowenjiezi/shuowen; 广韵: tshet-uinh 0.15.1; BS2014: digling/cddb Baxter2014/raw/D_ocbs.tsv
